<?xml version="1.0" encoding="UTF-8"?>
<gpx xmlns="http://www.topografix.com/GPX/1/1" xmlns:gpxtpx="http://www.garmin.com/xmlschemas/TrackPointExtension/v1" xmlns:xsi="http://www.w3.org/2001/XMLSchema-instance" xsi:schemaLocation="http://www.topografix.com/GPX/1/1 http://www.topografix.com/GPX/1/1/gpx.xsd" version="1.1" creator="gpx.py -- https://github.com/tkrajina/gpxpy">
  <trk>
    <name>gpx from keep</name>
    <type>Run</type>
    <trkseg>
      <trkpt lat="24.911310742926634" lon="118.53739167233267">
        <ele>29.294189453125</ele>
        <time>2026-09-23T11:48:36Z</time>
        <extensions>
          <gpxtpx:TrackPointExtension>
            <gpxtpx:hr>79</gpxtpx:hr>
          </gpxtpx:TrackPointExtension>
        </extensions>
      </trkpt>
      <trkpt lat="24.911186394194726" lon="118.53766641650057">
        <ele>33.75836181640625</ele>
        <time>2026-09-23T11:48:45Z</time>
        <extensions>
          <gpxtpx:TrackPointExtension>
            <gpxtpx:hr>93</gpxtpx:hr>
          </gpxtpx:TrackPointExtension>
        </extensions>
      </trkpt>
      <trkpt lat="24.911115803065034" lon="118.53783988441992">
        <ele>30.43212890625</ele>
        <time>2026-09-23T11:48:51Z</time>
        <extensions>
          <gpxtpx:TrackPointExtension>
            <gpxtpx:hr>104</gpxtpx:hr>
          </gpxtpx:TrackPointExtension>
        </extensions>
      </trkpt>
      <trkpt lat="24.910892555968875" lon="118.53815473758068">
        <ele>23.3397216796875</ele>
        <time>2026-09-23T11:49:03Z</time>
        <extensions>
          <gpxtpx:TrackPointExtension>
            <gpxtpx:hr>128</gpxtpx:hr>
          </gpxtpx:TrackPointExtension>
        </extensions>
      </trkpt>
      <trkpt lat="24.91085580404746" lon="118.53826102209513">
        <ele>24.2015380859375</ele>
        <time>2026-09-23T11:49:06Z</time>
        <extensions>
          <gpxtpx:TrackPointExtension>
            <gpxtpx:hr>134</gpxtpx:hr>
          </gpxtpx:TrackPointExtension>
        </extensions>
      </trkpt>
      <trkpt lat="24.91081427183474" lon="118.53846356116851">
        <ele>25.56414794921875</ele>
        <time>2026-09-23T11:49:12Z</time>
        <extensions>
          <gpxtpx:TrackPointExtension>
            <gpxtpx:hr>138</gpxtpx:hr>
          </gpxtpx:TrackPointExtension>
        </extensions>
      </trkpt>
      <trkpt lat="24.910762502705722" lon="118.53856182436758">
        <ele>27.58282470703125</ele>
        <time>2026-09-23T11:49:15Z</time>
        <extensions>
          <gpxtpx:TrackPointExtension>
            <gpxtpx:hr>142</gpxtpx:hr>
          </gpxtpx:TrackPointExtension>
        </extensions>
      </trkpt>
      <trkpt lat="24.910753727285403" lon="118.53866008422125">
        <ele>28.5341796875</ele>
        <time>2026-09-23T11:49:18Z</time>
        <extensions>
          <gpxtpx:TrackPointExtension>
            <gpxtpx:hr>140</gpxtpx:hr>
          </gpxtpx:TrackPointExtension>
        </extensions>
      </trkpt>
      <trkpt lat="24.910825840196154" lon="118.53871422189555">
        <ele>26.2889404296875</ele>
        <time>2026-09-23T11:49:21Z</time>
        <extensions>
          <gpxtpx:TrackPointExtension>
            <gpxtpx:hr>138</gpxtpx:hr>
          </gpxtpx:TrackPointExtension>
        </extensions>
      </trkpt>
      <trkpt lat="24.91112491915615" lon="118.53876734101235">
        <ele>24.76776123046875</ele>
        <time>2026-09-23T11:49:30Z</time>
        <extensions>
          <gpxtpx:TrackPointExtension>
            <gpxtpx:hr>142</gpxtpx:hr>
          </gpxtpx:TrackPointExtension>
        </extensions>
      </trkpt>
      <trkpt lat="24.911196990973338" lon="118.53880343099488">
        <ele>24.5377197265625</ele>
        <time>2026-09-23T11:49:33Z</time>
        <extensions>
          <gpxtpx:TrackPointExtension>
            <gpxtpx:hr>145</gpxtpx:hr>
          </gpxtpx:TrackPointExtension>
        </extensions>
      </trkpt>
      <trkpt lat="24.91121218194278" lon="118.53888865406203">
        <ele>24.435302734375</ele>
        <time>2026-09-23T11:49:36Z</time>
        <extensions>
          <gpxtpx:TrackPointExtension>
            <gpxtpx:hr>145</gpxtpx:hr>
          </gpxtpx:TrackPointExtension>
        </extensions>
      </trkpt>
      <trkpt lat="24.911148666804937" lon="118.53909921107211">
        <ele>25.29052734375</ele>
        <time>2026-09-23T11:49:42Z</time>
        <extensions>
          <gpxtpx:TrackPointExtension>
            <gpxtpx:hr>147</gpxtpx:hr>
          </gpxtpx:TrackPointExtension>
        </extensions>
      </trkpt>
      <trkpt lat="24.91108234680863" lon="118.53939699443475">
        <ele>28.1011962890625</ele>
        <time>2026-09-23T11:49:51Z</time>
        <extensions>
          <gpxtpx:TrackPointExtension>
            <gpxtpx:hr>147</gpxtpx:hr>
          </gpxtpx:TrackPointExtension>
        </extensions>
      </trkpt>
      <trkpt lat="24.910992199914617" lon="118.53977197671182">
        <ele>29.4197998046875</ele>
        <time>2026-09-23T11:50:03Z</time>
        <extensions>
          <gpxtpx:TrackPointExtension>
            <gpxtpx:hr>151</gpxtpx:hr>
          </gpxtpx:TrackPointExtension>
        </extensions>
      </trkpt>
      <trkpt lat="24.910920599368644" lon="118.5399464340006">
        <ele>29.3192138671875</ele>
        <time>2026-09-23T11:50:09Z</time>
        <extensions>
          <gpxtpx:TrackPointExtension>
            <gpxtpx:hr>152</gpxtpx:hr>
          </gpxtpx:TrackPointExtension>
        </extensions>
      </trkpt>
      <trkpt lat="24.910856228534314" lon="118.54022515878144">
        <ele>28.71539306640625</ele>
        <time>2026-09-23T11:50:18Z</time>
        <extensions>
          <gpxtpx:TrackPointExtension>
            <gpxtpx:hr>155</gpxtpx:hr>
          </gpxtpx:TrackPointExtension>
        </extensions>
      </trkpt>
      <trkpt lat="24.91082239345271" lon="118.54029734721777">
        <ele>29.812744140625</ele>
        <time>2026-09-23T11:50:21Z</time>
        <extensions>
          <gpxtpx:TrackPointExtension>
            <gpxtpx:hr>153</gpxtpx:hr>
          </gpxtpx:TrackPointExtension>
        </extensions>
      </trkpt>
      <trkpt lat="24.910802013259033" lon="118.5405760652856">
        <ele>29.841064453125</ele>
        <time>2026-09-23T11:50:30Z</time>
        <extensions>
          <gpxtpx:TrackPointExtension>
            <gpxtpx:hr>151</gpxtpx:hr>
          </gpxtpx:TrackPointExtension>
        </extensions>
      </trkpt>
      <trkpt lat="24.910720687466746" lon="118.54087684104084">
        <ele>32.54693603515625</ele>
        <time>2026-09-23T11:50:39Z</time>
        <extensions>
          <gpxtpx:TrackPointExtension>
            <gpxtpx:hr>156</gpxtpx:hr>
          </gpxtpx:TrackPointExtension>
        </extensions>
      </trkpt>
      <trkpt lat="24.910698124260623" lon="118.54107434645246">
        <ele>32.88494873046875</ele>
        <time>2026-09-23T11:50:45Z</time>
        <extensions>
          <gpxtpx:TrackPointExtension>
            <gpxtpx:hr>155</gpxtpx:hr>
          </gpxtpx:TrackPointExtension>
        </extensions>
      </trkpt>
      <trkpt lat="24.91065850732354" lon="118.54124678790618">
        <ele>33.21173095703125</ele>
        <time>2026-09-23T11:50:51Z</time>
        <extensions>
          <gpxtpx:TrackPointExtension>
            <gpxtpx:hr>158</gpxtpx:hr>
          </gpxtpx:TrackPointExtension>
        </extensions>
      </trkpt>
      <trkpt lat="24.910620725059417" lon="118.54134403744332">
        <ele>33.1588134765625</ele>
        <time>2026-09-23T11:50:54Z</time>
        <extensions>
          <gpxtpx:TrackPointExtension>
            <gpxtpx:hr>155</gpxtpx:hr>
          </gpxtpx:TrackPointExtension>
        </extensions>
      </trkpt>
      <trkpt lat="24.910594115660782" lon="118.5415214889113">
        <ele>32.1612548828125</ele>
        <time>2026-09-23T11:51:00Z</time>
        <extensions>
          <gpxtpx:TrackPointExtension>
            <gpxtpx:hr>152</gpxtpx:hr>
          </gpxtpx:TrackPointExtension>
        </extensions>
      </trkpt>
      <trkpt lat="24.910519668495105" lon="118.54177112457275">
        <ele>30.5738525390625</ele>
        <time>2026-09-23T11:51:09Z</time>
        <extensions>
          <gpxtpx:TrackPointExtension>
            <gpxtpx:hr>152</gpxtpx:hr>
          </gpxtpx:TrackPointExtension>
        </extensions>
      </trkpt>
      <trkpt lat="24.91048306008711" lon="118.54194957636524">
        <ele>26.30010986328125</ele>
        <time>2026-09-23T11:51:15Z</time>
        <extensions>
          <gpxtpx:TrackPointExtension>
            <gpxtpx:hr>153</gpxtpx:hr>
          </gpxtpx:TrackPointExtension>
        </extensions>
      </trkpt>
      <trkpt lat="24.91040247616837" lon="118.54213705261773">
        <ele>27.8350830078125</ele>
        <time>2026-09-23T11:51:21Z</time>
        <extensions>
          <gpxtpx:TrackPointExtension>
            <gpxtpx:hr>153</gpxtpx:hr>
          </gpxtpx:TrackPointExtension>
        </extensions>
      </trkpt>
      <trkpt lat="24.9103441334561" lon="118.54243881139891">
        <ele>31.91473388671875</ele>
        <time>2026-09-23T11:51:30Z</time>
        <extensions>
          <gpxtpx:TrackPointExtension>
            <gpxtpx:hr>151</gpxtpx:hr>
          </gpxtpx:TrackPointExtension>
        </extensions>
      </trkpt>
      <trkpt lat="24.910259985907107" lon="118.54283179487152">
        <ele>32.389892578125</ele>
        <time>2026-09-23T11:51:42Z</time>
        <extensions>
          <gpxtpx:TrackPointExtension>
            <gpxtpx:hr>149</gpxtpx:hr>
          </gpxtpx:TrackPointExtension>
        </extensions>
      </trkpt>
      <trkpt lat="24.910210507032122" lon="118.54307339637289">
        <ele>28.01983642578125</ele>
        <time>2026-09-23T11:51:51Z</time>
        <extensions>
          <gpxtpx:TrackPointExtension>
            <gpxtpx:hr>148</gpxtpx:hr>
          </gpxtpx:TrackPointExtension>
        </extensions>
      </trkpt>
      <trkpt lat="24.910239690245533" lon="118.5431616121538">
        <ele>28.988037109375</ele>
        <time>2026-09-23T11:51:54Z</time>
        <extensions>
          <gpxtpx:TrackPointExtension>
            <gpxtpx:hr>149</gpxtpx:hr>
          </gpxtpx:TrackPointExtension>
        </extensions>
      </trkpt>
      <trkpt lat="24.91024484679726" lon="118.54323579471944">
        <ele>27.5042724609375</ele>
        <time>2026-09-23T11:51:57Z</time>
        <extensions>
          <gpxtpx:TrackPointExtension>
            <gpxtpx:hr>150</gpxtpx:hr>
          </gpxtpx:TrackPointExtension>
        </extensions>
      </trkpt>
      <trkpt lat="24.910194182635273" lon="118.54339118069933">
        <ele>26.86932373046875</ele>
        <time>2026-09-23T11:52:03Z</time>
        <extensions>
          <gpxtpx:TrackPointExtension>
            <gpxtpx:hr>149</gpxtpx:hr>
          </gpxtpx:TrackPointExtension>
        </extensions>
      </trkpt>
      <trkpt lat="24.90986323922834" lon="118.54339621604514">
        <ele>29.06005859375</ele>
        <time>2026-09-23T11:52:15Z</time>
        <extensions>
          <gpxtpx:TrackPointExtension>
            <gpxtpx:hr>150</gpxtpx:hr>
          </gpxtpx:TrackPointExtension>
        </extensions>
      </trkpt>
      <trkpt lat="24.909592302293504" lon="118.54340826446195">
        <ele>28.51483154296875</ele>
        <time>2026-09-23T11:52:24Z</time>
        <extensions>
          <gpxtpx:TrackPointExtension>
            <gpxtpx:hr>150</gpxtpx:hr>
          </gpxtpx:TrackPointExtension>
        </extensions>
      </trkpt>
      <trkpt lat="24.90923834934071" lon="118.54340728662268">
        <ele>30.26348876953125</ele>
        <time>2026-09-23T11:52:36Z</time>
        <extensions>
          <gpxtpx:TrackPointExtension>
            <gpxtpx:hr>151</gpxtpx:hr>
          </gpxtpx:TrackPointExtension>
        </extensions>
      </trkpt>
      <trkpt lat="24.90906340116511" lon="118.54342033081913">
        <ele>30.35333251953125</ele>
        <time>2026-09-23T11:52:42Z</time>
        <extensions>
          <gpxtpx:TrackPointExtension>
            <gpxtpx:hr>152</gpxtpx:hr>
          </gpxtpx:TrackPointExtension>
        </extensions>
      </trkpt>
      <trkpt lat="24.908772409794956" lon="118.54340531411">
        <ele>32.70745849609375</ele>
        <time>2026-09-23T11:52:51Z</time>
        <extensions>
          <gpxtpx:TrackPointExtension>
            <gpxtpx:hr>153</gpxtpx:hr>
          </gpxtpx:TrackPointExtension>
        </extensions>
      </trkpt>
      <trkpt lat="24.908431423221693" lon="118.5433892984056">
        <ele>32.983154296875</ele>
        <time>2026-09-23T11:53:03Z</time>
        <extensions>
          <gpxtpx:TrackPointExtension>
            <gpxtpx:hr>149</gpxtpx:hr>
          </gpxtpx:TrackPointExtension>
        </extensions>
      </trkpt>
      <trkpt lat="24.90826748197724" lon="118.54340635170045">
        <ele>32.10028076171875</ele>
        <time>2026-09-23T11:53:09Z</time>
        <extensions>
          <gpxtpx:TrackPointExtension>
            <gpxtpx:hr>149</gpxtpx:hr>
          </gpxtpx:TrackPointExtension>
        </extensions>
      </trkpt>
      <trkpt lat="24.908180559676335" lon="118.54343743410544">
        <ele>31.86651611328125</ele>
        <time>2026-09-23T11:53:12Z</time>
        <extensions>
          <gpxtpx:TrackPointExtension>
            <gpxtpx:hr>148</gpxtpx:hr>
          </gpxtpx:TrackPointExtension>
        </extensions>
      </trkpt>
      <trkpt lat="24.90792251499457" lon="118.5433993584513">
        <ele>29.332763671875</ele>
        <time>2026-09-23T11:53:21Z</time>
        <extensions>
          <gpxtpx:TrackPointExtension>
            <gpxtpx:hr>150</gpxtpx:hr>
          </gpxtpx:TrackPointExtension>
        </extensions>
      </trkpt>
      <trkpt lat="24.907743639315502" lon="118.54344648666141">
        <ele>30.669189453125</ele>
        <time>2026-09-23T11:53:27Z</time>
        <extensions>
          <gpxtpx:TrackPointExtension>
            <gpxtpx:hr>152</gpxtpx:hr>
          </gpxtpx:TrackPointExtension>
        </extensions>
      </trkpt>
      <trkpt lat="24.907654622019695" lon="118.5434324583794">
        <ele>31.67059326171875</ele>
        <time>2026-09-23T11:53:30Z</time>
        <extensions>
          <gpxtpx:TrackPointExtension>
            <gpxtpx:hr>155</gpxtpx:hr>
          </gpxtpx:TrackPointExtension>
        </extensions>
      </trkpt>
      <trkpt lat="24.907586540388735" lon="118.54338935718133">
        <ele>31.36383056640625</ele>
        <time>2026-09-23T11:53:33Z</time>
        <extensions>
          <gpxtpx:TrackPointExtension>
            <gpxtpx:hr>155</gpxtpx:hr>
          </gpxtpx:TrackPointExtension>
        </extensions>
      </trkpt>
      <trkpt lat="24.907544406323964" lon="118.54332319737424">
        <ele>29.57568359375</ele>
        <time>2026-09-23T11:53:36Z</time>
        <extensions>
          <gpxtpx:TrackPointExtension>
            <gpxtpx:hr>156</gpxtpx:hr>
          </gpxtpx:TrackPointExtension>
        </extensions>
      </trkpt>
      <trkpt lat="24.90752920890913" lon="118.54322896635718">
        <ele>27.2811279296875</ele>
        <time>2026-09-23T11:53:39Z</time>
        <extensions>
          <gpxtpx:TrackPointExtension>
            <gpxtpx:hr>155</gpxtpx:hr>
          </gpxtpx:TrackPointExtension>
        </extensions>
      </trkpt>
      <trkpt lat="24.90755298876253" lon="118.54312671248492">
        <ele>27.3634033203125</ele>
        <time>2026-09-23T11:53:42Z</time>
        <extensions>
          <gpxtpx:TrackPointExtension>
            <gpxtpx:hr>156</gpxtpx:hr>
          </gpxtpx:TrackPointExtension>
        </extensions>
      </trkpt>
      <trkpt lat="24.90768835575898" lon="118.54283798872142">
        <ele>28.60089111328125</ele>
        <time>2026-09-23T11:53:51Z</time>
        <extensions>
          <gpxtpx:TrackPointExtension>
            <gpxtpx:hr>155</gpxtpx:hr>
          </gpxtpx:TrackPointExtension>
        </extensions>
      </trkpt>
      <trkpt lat="24.90782277154241" lon="118.54257332170585">
        <ele>29.97998046875</ele>
        <time>2026-09-23T11:54:00Z</time>
        <extensions>
          <gpxtpx:TrackPointExtension>
            <gpxtpx:hr>155</gpxtpx:hr>
          </gpxtpx:TrackPointExtension>
        </extensions>
      </trkpt>
      <trkpt lat="24.907935121120943" lon="118.5422775757923">
        <ele>32.0709228515625</ele>
        <time>2026-09-23T11:54:09Z</time>
        <extensions>
          <gpxtpx:TrackPointExtension>
            <gpxtpx:hr>157</gpxtpx:hr>
          </gpxtpx:TrackPointExtension>
        </extensions>
      </trkpt>
      <trkpt lat="24.908032755518875" lon="118.54211415972222">
        <ele>34.64239501953125</ele>
        <time>2026-09-23T11:54:15Z</time>
        <extensions>
          <gpxtpx:TrackPointExtension>
            <gpxtpx:hr>154</gpxtpx:hr>
          </gpxtpx:TrackPointExtension>
        </extensions>
      </trkpt>
      <trkpt lat="24.908101058751477" lon="118.54179635607858">
        <ele>33.47222900390625</ele>
        <time>2026-09-23T11:54:24Z</time>
        <extensions>
          <gpxtpx:TrackPointExtension>
            <gpxtpx:hr>155</gpxtpx:hr>
          </gpxtpx:TrackPointExtension>
        </extensions>
      </trkpt>
      <trkpt lat="24.90823147002514" lon="118.54153368380399">
        <ele>31.2781982421875</ele>
        <time>2026-09-23T11:54:33Z</time>
        <extensions>
          <gpxtpx:TrackPointExtension>
            <gpxtpx:hr>153</gpxtpx:hr>
          </gpxtpx:TrackPointExtension>
        </extensions>
      </trkpt>
      <trkpt lat="24.90824414488986" lon="118.54138530712865">
        <ele>25.87542724609375</ele>
        <time>2026-09-23T11:54:39Z</time>
        <extensions>
          <gpxtpx:TrackPointExtension>
            <gpxtpx:hr>155</gpxtpx:hr>
          </gpxtpx:TrackPointExtension>
        </extensions>
      </trkpt>
      <trkpt lat="24.908275987265284" lon="118.54131512688072">
        <ele>23.1470947265625</ele>
        <time>2026-09-23T11:54:42Z</time>
        <extensions>
          <gpxtpx:TrackPointExtension>
            <gpxtpx:hr>155</gpxtpx:hr>
          </gpxtpx:TrackPointExtension>
        </extensions>
      </trkpt>
      <trkpt lat="24.908333841210865" lon="118.54125196246538">
        <ele>27.57073974609375</ele>
        <time>2026-09-23T11:54:45Z</time>
        <extensions>
          <gpxtpx:TrackPointExtension>
            <gpxtpx:hr>155</gpxtpx:hr>
          </gpxtpx:TrackPointExtension>
        </extensions>
      </trkpt>
      <trkpt lat="24.90846823829795" lon="118.54098527424892">
        <ele>23.529052734375</ele>
        <time>2026-09-23T11:54:54Z</time>
        <extensions>
          <gpxtpx:TrackPointExtension>
            <gpxtpx:hr>157</gpxtpx:hr>
          </gpxtpx:TrackPointExtension>
        </extensions>
      </trkpt>
      <trkpt lat="24.90853683867877" lon="118.54080781626129">
        <ele>20.4427490234375</ele>
        <time>2026-09-23T11:55:00Z</time>
        <extensions>
          <gpxtpx:TrackPointExtension>
            <gpxtpx:hr>156</gpxtpx:hr>
          </gpxtpx:TrackPointExtension>
        </extensions>
      </trkpt>
      <trkpt lat="24.908596277649032" lon="118.54055716997412">
        <ele>18.6700439453125</ele>
        <time>2026-09-23T11:55:06Z</time>
        <extensions>
          <gpxtpx:TrackPointExtension>
            <gpxtpx:hr>154</gpxtpx:hr>
          </gpxtpx:TrackPointExtension>
        </extensions>
      </trkpt>
      <trkpt lat="24.908709598050766" lon="118.54025739098124">
        <ele>19.91015625</ele>
        <time>2026-09-23T11:55:15Z</time>
        <extensions>
          <gpxtpx:TrackPointExtension>
            <gpxtpx:hr>154</gpxtpx:hr>
          </gpxtpx:TrackPointExtension>
        </extensions>
      </trkpt>
      <trkpt lat="24.908811782847884" lon="118.53989745359814">
        <ele>18.59991455078125</ele>
        <time>2026-09-23T11:55:27Z</time>
        <extensions>
          <gpxtpx:TrackPointExtension>
            <gpxtpx:hr>154</gpxtpx:hr>
          </gpxtpx:TrackPointExtension>
        </extensions>
      </trkpt>
      <trkpt lat="24.908872036657115" lon="118.53956759265253">
        <ele>24.73016357421875</ele>
        <time>2026-09-23T11:55:36Z</time>
        <extensions>
          <gpxtpx:TrackPointExtension>
            <gpxtpx:hr>159</gpxtpx:hr>
          </gpxtpx:TrackPointExtension>
        </extensions>
      </trkpt>
      <trkpt lat="24.908948176237722" lon="118.53918960067044">
        <ele>25.2086181640625</ele>
        <time>2026-09-23T11:55:48Z</time>
        <extensions>
          <gpxtpx:TrackPointExtension>
            <gpxtpx:hr>160</gpxtpx:hr>
          </gpxtpx:TrackPointExtension>
        </extensions>
      </trkpt>
      <trkpt lat="24.90908131916673" lon="118.53881861794618">
        <ele>27.1142578125</ele>
        <time>2026-09-23T11:56:00Z</time>
        <extensions>
          <gpxtpx:TrackPointExtension>
            <gpxtpx:hr>159</gpxtpx:hr>
          </gpxtpx:TrackPointExtension>
        </extensions>
      </trkpt>
      <trkpt lat="24.909140577524482" lon="118.53849576257389">
        <ele>30.03204345703125</ele>
        <time>2026-09-23T11:56:09Z</time>
        <extensions>
          <gpxtpx:TrackPointExtension>
            <gpxtpx:hr>160</gpxtpx:hr>
          </gpxtpx:TrackPointExtension>
        </extensions>
      </trkpt>
      <trkpt lat="24.909223732871883" lon="118.53813078996107">
        <ele>27.51690673828125</ele>
        <time>2026-09-23T11:56:21Z</time>
        <extensions>
          <gpxtpx:TrackPointExtension>
            <gpxtpx:hr>156</gpxtpx:hr>
          </gpxtpx:TrackPointExtension>
        </extensions>
      </trkpt>
      <trkpt lat="24.90930800830464" lon="118.53781995691939">
        <ele>29.7449951171875</ele>
        <time>2026-09-23T11:56:30Z</time>
        <extensions>
          <gpxtpx:TrackPointExtension>
            <gpxtpx:hr>157</gpxtpx:hr>
          </gpxtpx:TrackPointExtension>
        </extensions>
      </trkpt>
      <trkpt lat="24.909361530088624" lon="118.53761540697205">
        <ele>30.11004638671875</ele>
        <time>2026-09-23T11:56:36Z</time>
        <extensions>
          <gpxtpx:TrackPointExtension>
            <gpxtpx:hr>158</gpxtpx:hr>
          </gpxtpx:TrackPointExtension>
        </extensions>
      </trkpt>
      <trkpt lat="24.909382075986652" lon="118.53741988202626">
        <ele>30.91510009765625</ele>
        <time>2026-09-23T11:56:42Z</time>
        <extensions>
          <gpxtpx:TrackPointExtension>
            <gpxtpx:hr>158</gpxtpx:hr>
          </gpxtpx:TrackPointExtension>
        </extensions>
      </trkpt>
      <trkpt lat="24.909416809118838" lon="118.53730657561441">
        <ele>28.5531005859375</ele>
        <time>2026-09-23T11:56:48Z</time>
        <extensions>
          <gpxtpx:TrackPointExtension>
            <gpxtpx:hr>159</gpxtpx:hr>
          </gpxtpx:TrackPointExtension>
        </extensions>
      </trkpt>
      <trkpt lat="24.909460939821166" lon="118.5369345712848">
        <ele>30.37384033203125</ele>
        <time>2026-09-23T11:56:57Z</time>
        <extensions>
          <gpxtpx:TrackPointExtension>
            <gpxtpx:hr>162</gpxtpx:hr>
          </gpxtpx:TrackPointExtension>
        </extensions>
      </trkpt>
      <trkpt lat="24.90951147036757" lon="118.53673603140531">
        <ele>29.4012451171875</ele>
        <time>2026-09-23T11:57:03Z</time>
        <extensions>
          <gpxtpx:TrackPointExtension>
            <gpxtpx:hr>162</gpxtpx:hr>
          </gpxtpx:TrackPointExtension>
        </extensions>
      </trkpt>
      <trkpt lat="24.909583592924907" lon="118.53636502039282">
        <ele>27.5020751953125</ele>
        <time>2026-09-23T11:57:15Z</time>
        <extensions>
          <gpxtpx:TrackPointExtension>
            <gpxtpx:hr>162</gpxtpx:hr>
          </gpxtpx:TrackPointExtension>
        </extensions>
      </trkpt>
      <trkpt lat="24.909615877286658" lon="118.53606219348664">
        <ele>31.15435791015625</ele>
        <time>2026-09-23T11:57:24Z</time>
        <extensions>
          <gpxtpx:TrackPointExtension>
            <gpxtpx:hr>162</gpxtpx:hr>
          </gpxtpx:TrackPointExtension>
        </extensions>
      </trkpt>
      <trkpt lat="24.909655138916452" lon="118.5357513409468">
        <ele>31.24908447265625</ele>
        <time>2026-09-23T11:57:33Z</time>
        <extensions>
          <gpxtpx:TrackPointExtension>
            <gpxtpx:hr>162</gpxtpx:hr>
          </gpxtpx:TrackPointExtension>
        </extensions>
      </trkpt>
      <trkpt lat="24.909702427404213" lon="118.53545352036467">
        <ele>30.69580078125</ele>
        <time>2026-09-23T11:57:42Z</time>
        <extensions>
          <gpxtpx:TrackPointExtension>
            <gpxtpx:hr>158</gpxtpx:hr>
          </gpxtpx:TrackPointExtension>
        </extensions>
      </trkpt>
      <trkpt lat="24.90978449102285" lon="118.53506444237429">
        <ele>29.99542236328125</ele>
        <time>2026-09-23T11:57:54Z</time>
        <extensions>
          <gpxtpx:TrackPointExtension>
            <gpxtpx:hr>156</gpxtpx:hr>
          </gpxtpx:TrackPointExtension>
        </extensions>
      </trkpt>
      <trkpt lat="24.9098456706327" lon="118.53472449704674">
        <ele>26.609619140625</ele>
        <time>2026-09-23T11:58:06Z</time>
        <extensions>
          <gpxtpx:TrackPointExtension>
            <gpxtpx:hr>159</gpxtpx:hr>
          </gpxtpx:TrackPointExtension>
        </extensions>
      </trkpt>
      <trkpt lat="24.90991218559221" lon="118.53452594095693">
        <ele>25.26812744140625</ele>
        <time>2026-09-23T11:58:12Z</time>
        <extensions>
          <gpxtpx:TrackPointExtension>
            <gpxtpx:hr>160</gpxtpx:hr>
          </gpxtpx:TrackPointExtension>
        </extensions>
      </trkpt>
      <trkpt lat="24.90992866291525" lon="118.53430933671531">
        <ele>26.88287353515625</ele>
        <time>2026-09-23T11:58:18Z</time>
        <extensions>
          <gpxtpx:TrackPointExtension>
            <gpxtpx:hr>160</gpxtpx:hr>
          </gpxtpx:TrackPointExtension>
        </extensions>
      </trkpt>
      <trkpt lat="24.9099681888543" lon="118.53411479095452">
        <ele>27.76153564453125</ele>
        <time>2026-09-23T11:58:24Z</time>
        <extensions>
          <gpxtpx:TrackPointExtension>
            <gpxtpx:hr>160</gpxtpx:hr>
          </gpxtpx:TrackPointExtension>
        </extensions>
      </trkpt>
      <trkpt lat="24.90999900796532" lon="118.53404158415181">
        <ele>27.98602294921875</ele>
        <time>2026-09-23T11:58:27Z</time>
        <extensions>
          <gpxtpx:TrackPointExtension>
            <gpxtpx:hr>160</gpxtpx:hr>
          </gpxtpx:TrackPointExtension>
        </extensions>
      </trkpt>
      <trkpt lat="24.910106782304265" lon="118.5339543324992">
        <ele>25.8895263671875</ele>
        <time>2026-09-23T11:58:33Z</time>
        <extensions>
          <gpxtpx:TrackPointExtension>
            <gpxtpx:hr>158</gpxtpx:hr>
          </gpxtpx:TrackPointExtension>
        </extensions>
      </trkpt>
      <trkpt lat="24.910426703902726" lon="118.53394027087073">
        <ele>20.15789794921875</ele>
        <time>2026-09-23T11:58:45Z</time>
        <extensions>
          <gpxtpx:TrackPointExtension>
            <gpxtpx:hr>158</gpxtpx:hr>
          </gpxtpx:TrackPointExtension>
        </extensions>
      </trkpt>
      <trkpt lat="24.910773747701015" lon="118.5339783533421">
        <ele>20.31292724609375</ele>
        <time>2026-09-23T11:58:57Z</time>
        <extensions>
          <gpxtpx:TrackPointExtension>
            <gpxtpx:hr>159</gpxtpx:hr>
          </gpxtpx:TrackPointExtension>
        </extensions>
      </trkpt>
      <trkpt lat="24.91107165295854" lon="118.53395627080094">
        <ele>20.513916015625</ele>
        <time>2026-09-23T11:59:06Z</time>
        <extensions>
          <gpxtpx:TrackPointExtension>
            <gpxtpx:hr>160</gpxtpx:hr>
          </gpxtpx:TrackPointExtension>
        </extensions>
      </trkpt>
      <trkpt lat="24.911417575737804" lon="118.5339442129743">
        <ele>23.902587890625</ele>
        <time>2026-09-23T11:59:18Z</time>
        <extensions>
          <gpxtpx:TrackPointExtension>
            <gpxtpx:hr>159</gpxtpx:hr>
          </gpxtpx:TrackPointExtension>
        </extensions>
      </trkpt>
      <trkpt lat="24.911695549152913" lon="118.53394920762034">
        <ele>26.31707763671875</ele>
        <time>2026-09-23T11:59:27Z</time>
        <extensions>
          <gpxtpx:TrackPointExtension>
            <gpxtpx:hr>160</gpxtpx:hr>
          </gpxtpx:TrackPointExtension>
        </extensions>
      </trkpt>
      <trkpt lat="24.91196954007005" lon="118.5339612221959">
        <ele>23.917724609375</ele>
        <time>2026-09-23T11:59:36Z</time>
        <extensions>
          <gpxtpx:TrackPointExtension>
            <gpxtpx:hr>159</gpxtpx:hr>
          </gpxtpx:TrackPointExtension>
        </extensions>
      </trkpt>
      <trkpt lat="24.912266510812945" lon="118.53396621551347">
        <ele>24.50042724609375</ele>
        <time>2026-09-23T11:59:45Z</time>
        <extensions>
          <gpxtpx:TrackPointExtension>
            <gpxtpx:hr>159</gpxtpx:hr>
          </gpxtpx:TrackPointExtension>
        </extensions>
      </trkpt>
      <trkpt lat="24.912588475636145" lon="118.53397020427917">
        <ele>24.69415283203125</ele>
        <time>2026-09-23T11:59:57Z</time>
        <extensions>
          <gpxtpx:TrackPointExtension>
            <gpxtpx:hr>162</gpxtpx:hr>
          </gpxtpx:TrackPointExtension>
        </extensions>
      </trkpt>
      <trkpt lat="24.912882410436424" lon="118.5339601556987">
        <ele>23.61444091796875</ele>
        <time>2026-09-23T12:00:06Z</time>
        <extensions>
          <gpxtpx:TrackPointExtension>
            <gpxtpx:hr>164</gpxtpx:hr>
          </gpxtpx:TrackPointExtension>
        </extensions>
      </trkpt>
      <trkpt lat="24.91297437823096" lon="118.53395212682142">
        <ele>24.14886474609375</ele>
        <time>2026-09-23T12:00:09Z</time>
        <extensions>
          <gpxtpx:TrackPointExtension>
            <gpxtpx:hr>164</gpxtpx:hr>
          </gpxtpx:TrackPointExtension>
        </extensions>
      </trkpt>
      <trkpt lat="24.913254402167805" lon="118.5339781802736">
        <ele>27.37384033203125</ele>
        <time>2026-09-23T12:00:18Z</time>
        <extensions>
          <gpxtpx:TrackPointExtension>
            <gpxtpx:hr>163</gpxtpx:hr>
          </gpxtpx:TrackPointExtension>
        </extensions>
      </trkpt>
      <trkpt lat="24.913602406902882" lon="118.53400021773601">
        <ele>25.7125244140625</ele>
        <time>2026-09-23T12:00:30Z</time>
        <extensions>
          <gpxtpx:TrackPointExtension>
            <gpxtpx:hr>163</gpxtpx:hr>
          </gpxtpx:TrackPointExtension>
        </extensions>
      </trkpt>
      <trkpt lat="24.91388541341522" lon="118.53401925130092">
        <ele>26.07086181640625</ele>
        <time>2026-09-23T12:00:39Z</time>
        <extensions>
          <gpxtpx:TrackPointExtension>
            <gpxtpx:hr>161</gpxtpx:hr>
          </gpxtpx:TrackPointExtension>
        </extensions>
      </trkpt>
      <trkpt lat="24.91422136409982" lon="118.5340182250556">
        <ele>26.072021484375</ele>
        <time>2026-09-23T12:00:51Z</time>
        <extensions>
          <gpxtpx:TrackPointExtension>
            <gpxtpx:hr>160</gpxtpx:hr>
          </gpxtpx:TrackPointExtension>
        </extensions>
      </trkpt>
      <trkpt lat="24.914536424183197" lon="118.53406132368089">
        <ele>25.7061767578125</ele>
        <time>2026-09-23T12:01:03Z</time>
        <extensions>
          <gpxtpx:TrackPointExtension>
            <gpxtpx:hr>160</gpxtpx:hr>
          </gpxtpx:TrackPointExtension>
        </extensions>
      </trkpt>
      <trkpt lat="24.914860519209483" lon="118.53411946365075">
        <ele>27.3914794921875</ele>
        <time>2026-09-23T12:01:15Z</time>
        <extensions>
          <gpxtpx:TrackPointExtension>
            <gpxtpx:hr>163</gpxtpx:hr>
          </gpxtpx:TrackPointExtension>
        </extensions>
      </trkpt>
      <trkpt lat="24.91512269766493" lon="118.53420869461979">
        <ele>28.66595458984375</ele>
        <time>2026-09-23T12:01:24Z</time>
        <extensions>
          <gpxtpx:TrackPointExtension>
            <gpxtpx:hr>162</gpxtpx:hr>
          </gpxtpx:TrackPointExtension>
        </extensions>
      </trkpt>
      <trkpt lat="24.91529676510241" lon="118.5342467888206">
        <ele>30.0098876953125</ele>
        <time>2026-09-23T12:01:30Z</time>
        <extensions>
          <gpxtpx:TrackPointExtension>
            <gpxtpx:hr>162</gpxtpx:hr>
          </gpxtpx:TrackPointExtension>
        </extensions>
      </trkpt>
      <trkpt lat="24.915569659346797" lon="118.5342186914254">
        <ele>30.20867919921875</ele>
        <time>2026-09-23T12:01:39Z</time>
        <extensions>
          <gpxtpx:TrackPointExtension>
            <gpxtpx:hr>162</gpxtpx:hr>
          </gpxtpx:TrackPointExtension>
        </extensions>
      </trkpt>
      <trkpt lat="24.915923781229164" lon="118.53428986535384">
        <ele>29.03802490234375</ele>
        <time>2026-09-23T12:01:51Z</time>
        <extensions>
          <gpxtpx:TrackPointExtension>
            <gpxtpx:hr>159</gpxtpx:hr>
          </gpxtpx:TrackPointExtension>
        </extensions>
      </trkpt>
      <trkpt lat="24.91628291429763" lon="118.53436605273417">
        <ele>28.19317626953125</ele>
        <time>2026-09-23T12:02:03Z</time>
        <extensions>
          <gpxtpx:TrackPointExtension>
            <gpxtpx:hr>158</gpxtpx:hr>
          </gpxtpx:TrackPointExtension>
        </extensions>
      </trkpt>
      <trkpt lat="24.916553023504342" lon="118.53442720425728">
        <ele>29.51885986328125</ele>
        <time>2026-09-23T12:02:12Z</time>
        <extensions>
          <gpxtpx:TrackPointExtension>
            <gpxtpx:hr>158</gpxtpx:hr>
          </gpxtpx:TrackPointExtension>
        </extensions>
      </trkpt>
      <trkpt lat="24.91689812209412" lon="118.53448835042363">
        <ele>28.37384033203125</ele>
        <time>2026-09-23T12:02:24Z</time>
        <extensions>
          <gpxtpx:TrackPointExtension>
            <gpxtpx:hr>160</gpxtpx:hr>
          </gpxtpx:TrackPointExtension>
        </extensions>
      </trkpt>
      <trkpt lat="24.917145236681506" lon="118.53455050608895">
        <ele>27.8516845703125</ele>
        <time>2026-09-23T12:02:33Z</time>
        <extensions>
          <gpxtpx:TrackPointExtension>
            <gpxtpx:hr>161</gpxtpx:hr>
          </gpxtpx:TrackPointExtension>
        </extensions>
      </trkpt>
      <trkpt lat="24.91722032475727" lon="118.53459161512014">
        <ele>27.210205078125</ele>
        <time>2026-09-23T12:02:36Z</time>
        <extensions>
          <gpxtpx:TrackPointExtension>
            <gpxtpx:hr>161</gpxtpx:hr>
          </gpxtpx:TrackPointExtension>
        </extensions>
      </trkpt>
      <trkpt lat="24.91754247426955" lon="118.5346728182308">
        <ele>26.94561767578125</ele>
        <time>2026-09-23T12:02:48Z</time>
        <extensions>
          <gpxtpx:TrackPointExtension>
            <gpxtpx:hr>161</gpxtpx:hr>
          </gpxtpx:TrackPointExtension>
        </extensions>
      </trkpt>
      <trkpt lat="24.917874634164615" lon="118.5347590343258">
        <ele>24.98291015625</ele>
        <time>2026-09-23T12:03:00Z</time>
        <extensions>
          <gpxtpx:TrackPointExtension>
            <gpxtpx:hr>162</gpxtpx:hr>
          </gpxtpx:TrackPointExtension>
        </extensions>
      </trkpt>
      <trkpt lat="24.918147739782615" lon="118.53481918205586">
        <ele>25.514404296875</ele>
        <time>2026-09-23T12:03:09Z</time>
        <extensions>
          <gpxtpx:TrackPointExtension>
            <gpxtpx:hr>161</gpxtpx:hr>
          </gpxtpx:TrackPointExtension>
        </extensions>
      </trkpt>
      <trkpt lat="24.918405806665007" lon="118.53486228350495">
        <ele>25.0308837890625</ele>
        <time>2026-09-23T12:03:18Z</time>
        <extensions>
          <gpxtpx:TrackPointExtension>
            <gpxtpx:hr>159</gpxtpx:hr>
          </gpxtpx:TrackPointExtension>
        </extensions>
      </trkpt>
      <trkpt lat="24.91861223479382" lon="118.53505379893797">
        <ele>25.3480224609375</ele>
        <time>2026-09-23T12:03:27Z</time>
        <extensions>
          <gpxtpx:TrackPointExtension>
            <gpxtpx:hr>156</gpxtpx:hr>
          </gpxtpx:TrackPointExtension>
        </extensions>
      </trkpt>
      <trkpt lat="24.918661476300997" lon="118.53515808347589">
        <ele>26.70269775390625</ele>
        <time>2026-09-23T12:03:30Z</time>
        <extensions>
          <gpxtpx:TrackPointExtension>
            <gpxtpx:hr>154</gpxtpx:hr>
          </gpxtpx:TrackPointExtension>
        </extensions>
      </trkpt>
      <trkpt lat="24.918657774957264" lon="118.53528342936596">
        <ele>29.16619873046875</ele>
        <time>2026-09-23T12:03:33Z</time>
        <extensions>
          <gpxtpx:TrackPointExtension>
            <gpxtpx:hr>154</gpxtpx:hr>
          </gpxtpx:TrackPointExtension>
        </extensions>
      </trkpt>
      <trkpt lat="24.91853349885027" lon="118.53558125710443">
        <ele>31.5919189453125</ele>
        <time>2026-09-23T12:03:42Z</time>
        <extensions>
          <gpxtpx:TrackPointExtension>
            <gpxtpx:hr>158</gpxtpx:hr>
          </gpxtpx:TrackPointExtension>
        </extensions>
      </trkpt>
      <trkpt lat="24.918458959838418" lon="118.53577178469256">
        <ele>32.4039306640625</ele>
        <time>2026-09-23T12:03:48Z</time>
        <extensions>
          <gpxtpx:TrackPointExtension>
            <gpxtpx:hr>157</gpxtpx:hr>
          </gpxtpx:TrackPointExtension>
        </extensions>
      </trkpt>
      <trkpt lat="24.918454171171437" lon="118.53586102929509">
        <ele>33.2574462890625</ele>
        <time>2026-09-23T12:03:51Z</time>
        <extensions>
          <gpxtpx:TrackPointExtension>
            <gpxtpx:hr>157</gpxtpx:hr>
          </gpxtpx:TrackPointExtension>
        </extensions>
      </trkpt>
      <trkpt lat="24.918271992173405" lon="118.53619896443354">
        <ele>38.02532958984375</ele>
        <time>2026-09-23T12:04:03Z</time>
        <extensions>
          <gpxtpx:TrackPointExtension>
            <gpxtpx:hr>156</gpxtpx:hr>
          </gpxtpx:TrackPointExtension>
        </extensions>
      </trkpt>
      <trkpt lat="24.91813963846738" lon="118.53646670167915">
        <ele>40.05364990234375</ele>
        <time>2026-09-23T12:04:12Z</time>
        <extensions>
          <gpxtpx:TrackPointExtension>
            <gpxtpx:hr>157</gpxtpx:hr>
          </gpxtpx:TrackPointExtension>
        </extensions>
      </trkpt>
      <trkpt lat="24.91802331537412" lon="118.53674947598962">
        <ele>40.1298828125</ele>
        <time>2026-09-23T12:04:21Z</time>
        <extensions>
          <gpxtpx:TrackPointExtension>
            <gpxtpx:hr>158</gpxtpx:hr>
          </gpxtpx:TrackPointExtension>
        </extensions>
      </trkpt>
      <trkpt lat="24.91789492159145" lon="118.53700216725741">
        <ele>37.2003173828125</ele>
        <time>2026-09-23T12:04:30Z</time>
        <extensions>
          <gpxtpx:TrackPointExtension>
            <gpxtpx:hr>158</gpxtpx:hr>
          </gpxtpx:TrackPointExtension>
        </extensions>
      </trkpt>
      <trkpt lat="24.91779822850495" lon="118.53712851431318">
        <ele>34.3619384765625</ele>
        <time>2026-09-23T12:04:36Z</time>
        <extensions>
          <gpxtpx:TrackPointExtension>
            <gpxtpx:hr>157</gpxtpx:hr>
          </gpxtpx:TrackPointExtension>
        </extensions>
      </trkpt>
      <trkpt lat="24.91774745415358" lon="118.5372227713711">
        <ele>34.5592041015625</ele>
        <time>2026-09-23T12:04:39Z</time>
        <extensions>
          <gpxtpx:TrackPointExtension>
            <gpxtpx:hr>160</gpxtpx:hr>
          </gpxtpx:TrackPointExtension>
        </extensions>
      </trkpt>
      <trkpt lat="24.917632265345365" lon="118.53756670180186">
        <ele>34.4058837890625</ele>
        <time>2026-09-23T12:04:48Z</time>
        <extensions>
          <gpxtpx:TrackPointExtension>
            <gpxtpx:hr>160</gpxtpx:hr>
          </gpxtpx:TrackPointExtension>
        </extensions>
      </trkpt>
      <trkpt lat="24.917475074081995" lon="118.5379086256051">
        <ele>34.7557373046875</ele>
        <time>2026-09-23T12:05:00Z</time>
        <extensions>
          <gpxtpx:TrackPointExtension>
            <gpxtpx:hr>161</gpxtpx:hr>
          </gpxtpx:TrackPointExtension>
        </extensions>
      </trkpt>
      <trkpt lat="24.917373729194267" lon="118.5381883764279">
        <ele>37.28912353515625</ele>
        <time>2026-09-23T12:05:09Z</time>
        <extensions>
          <gpxtpx:TrackPointExtension>
            <gpxtpx:hr>163</gpxtpx:hr>
          </gpxtpx:TrackPointExtension>
        </extensions>
      </trkpt>
      <trkpt lat="24.917278047242267" lon="118.53832173665685">
        <ele>33.8895263671875</ele>
        <time>2026-09-23T12:05:15Z</time>
        <extensions>
          <gpxtpx:TrackPointExtension>
            <gpxtpx:hr>162</gpxtpx:hr>
          </gpxtpx:TrackPointExtension>
        </extensions>
      </trkpt>
      <trkpt lat="24.917227161889464" lon="118.53836886499205">
        <ele>30.8702392578125</ele>
        <time>2026-09-23T12:05:18Z</time>
        <extensions>
          <gpxtpx:TrackPointExtension>
            <gpxtpx:hr>162</gpxtpx:hr>
          </gpxtpx:TrackPointExtension>
        </extensions>
      </trkpt>
      <trkpt lat="24.917134904977416" lon="118.53868971891217">
        <ele>31.97430419921875</ele>
        <time>2026-09-23T12:05:27Z</time>
        <extensions>
          <gpxtpx:TrackPointExtension>
            <gpxtpx:hr>161</gpxtpx:hr>
          </gpxtpx:TrackPointExtension>
        </extensions>
      </trkpt>
      <trkpt lat="24.917042565421777" lon="118.53897547699466">
        <ele>30.4853515625</ele>
        <time>2026-09-23T12:05:36Z</time>
        <extensions>
          <gpxtpx:TrackPointExtension>
            <gpxtpx:hr>162</gpxtpx:hr>
          </gpxtpx:TrackPointExtension>
        </extensions>
      </trkpt>
      <trkpt lat="24.91696915507367" lon="118.53923215473272">
        <ele>29.89105224609375</ele>
        <time>2026-09-23T12:05:45Z</time>
        <extensions>
          <gpxtpx:TrackPointExtension>
            <gpxtpx:hr>163</gpxtpx:hr>
          </gpxtpx:TrackPointExtension>
        </extensions>
      </trkpt>
      <trkpt lat="24.91679688015416" lon="118.53954398061475">
        <ele>27.908935546875</ele>
        <time>2026-09-23T12:05:57Z</time>
        <extensions>
          <gpxtpx:TrackPointExtension>
            <gpxtpx:hr>165</gpxtpx:hr>
          </gpxtpx:TrackPointExtension>
        </extensions>
      </trkpt>
      <trkpt lat="24.916666517815507" lon="118.53982070897952">
        <ele>29.48260498046875</ele>
        <time>2026-09-23T12:06:06Z</time>
        <extensions>
          <gpxtpx:TrackPointExtension>
            <gpxtpx:hr>162</gpxtpx:hr>
          </gpxtpx:TrackPointExtension>
        </extensions>
      </trkpt>
      <trkpt lat="24.91655019113879" lon="118.54011548015492">
        <ele>33.49822998046875</ele>
        <time>2026-09-23T12:06:15Z</time>
        <extensions>
          <gpxtpx:TrackPointExtension>
            <gpxtpx:hr>165</gpxtpx:hr>
          </gpxtpx:TrackPointExtension>
        </extensions>
      </trkpt>
      <trkpt lat="24.916462837553297" lon="118.54040122286489">
        <ele>33.22003173828125</ele>
        <time>2026-09-23T12:06:24Z</time>
        <extensions>
          <gpxtpx:TrackPointExtension>
            <gpxtpx:hr>166</gpxtpx:hr>
          </gpxtpx:TrackPointExtension>
        </extensions>
      </trkpt>
      <trkpt lat="24.916356528121195" lon="118.54070701520426">
        <ele>34.04473876953125</ele>
        <time>2026-09-23T12:06:33Z</time>
        <extensions>
          <gpxtpx:TrackPointExtension>
            <gpxtpx:hr>163</gpxtpx:hr>
          </gpxtpx:TrackPointExtension>
        </extensions>
      </trkpt>
      <trkpt lat="24.916271364331372" lon="118.54108197884666">
        <ele>32.77313232421875</ele>
        <time>2026-09-23T12:06:45Z</time>
        <extensions>
          <gpxtpx:TrackPointExtension>
            <gpxtpx:hr>162</gpxtpx:hr>
          </gpxtpx:TrackPointExtension>
        </extensions>
      </trkpt>
      <trkpt lat="24.91628222171303" lon="118.54147497618874">
        <ele>32.611083984375</ele>
        <time>2026-09-23T12:06:57Z</time>
        <extensions>
          <gpxtpx:TrackPointExtension>
            <gpxtpx:hr>161</gpxtpx:hr>
          </gpxtpx:TrackPointExtension>
        </extensions>
      </trkpt>
      <trkpt lat="24.916334892056984" lon="118.5417867602014">
        <ele>30.91009521484375</ele>
        <time>2026-09-23T12:07:06Z</time>
        <extensions>
          <gpxtpx:TrackPointExtension>
            <gpxtpx:hr>158</gpxtpx:hr>
          </gpxtpx:TrackPointExtension>
        </extensions>
      </trkpt>
      <trkpt lat="24.91629208921115" lon="118.54187498538774">
        <ele>33.4462890625</ele>
        <time>2026-09-23T12:07:09Z</time>
        <extensions>
          <gpxtpx:TrackPointExtension>
            <gpxtpx:hr>159</gpxtpx:hr>
          </gpxtpx:TrackPointExtension>
        </extensions>
      </trkpt>
      <trkpt lat="24.916227245820373" lon="118.5419431614027">
        <ele>32.8975830078125</ele>
        <time>2026-09-23T12:07:12Z</time>
        <extensions>
          <gpxtpx:TrackPointExtension>
            <gpxtpx:hr>159</gpxtpx:hr>
          </gpxtpx:TrackPointExtension>
        </extensions>
      </trkpt>
      <trkpt lat="24.915899521329365" lon="118.54204945120055">
        <ele>32.7613525390625</ele>
        <time>2026-09-23T12:07:24Z</time>
        <extensions>
          <gpxtpx:TrackPointExtension>
            <gpxtpx:hr>159</gpxtpx:hr>
          </gpxtpx:TrackPointExtension>
        </extensions>
      </trkpt>
      <trkpt lat="24.915639748030628" lon="118.54213769060068">
        <ele>33.064208984375</ele>
        <time>2026-09-23T12:07:33Z</time>
        <extensions>
          <gpxtpx:TrackPointExtension>
            <gpxtpx:hr>161</gpxtpx:hr>
          </gpxtpx:TrackPointExtension>
        </extensions>
      </trkpt>
      <trkpt lat="24.91536799124305" lon="118.54223294810272">
        <ele>36.58734130859375</ele>
        <time>2026-09-23T12:07:42Z</time>
        <extensions>
          <gpxtpx:TrackPointExtension>
            <gpxtpx:hr>161</gpxtpx:hr>
          </gpxtpx:TrackPointExtension>
        </extensions>
      </trkpt>
      <trkpt lat="24.915105243652462" lon="118.54233321715631">
        <ele>38.12554931640625</ele>
        <time>2026-09-23T12:07:51Z</time>
        <extensions>
          <gpxtpx:TrackPointExtension>
            <gpxtpx:hr>160</gpxtpx:hr>
          </gpxtpx:TrackPointExtension>
        </extensions>
      </trkpt>
      <trkpt lat="24.914781456889294" lon="118.54241143502007">
        <ele>35.591552734375</ele>
        <time>2026-09-23T12:08:03Z</time>
        <extensions>
          <gpxtpx:TrackPointExtension>
            <gpxtpx:hr>162</gpxtpx:hr>
          </gpxtpx:TrackPointExtension>
        </extensions>
      </trkpt>
      <trkpt lat="24.914513636286046" lon="118.54247761875277">
        <ele>33.407958984375</ele>
        <time>2026-09-23T12:08:12Z</time>
        <extensions>
          <gpxtpx:TrackPointExtension>
            <gpxtpx:hr>163</gpxtpx:hr>
          </gpxtpx:TrackPointExtension>
        </extensions>
      </trkpt>
      <trkpt lat="24.914231871156627" lon="118.54256886571228">
        <ele>37.227294921875</ele>
        <time>2026-09-23T12:08:21Z</time>
        <extensions>
          <gpxtpx:TrackPointExtension>
            <gpxtpx:hr>163</gpxtpx:hr>
          </gpxtpx:TrackPointExtension>
        </extensions>
      </trkpt>
      <trkpt lat="24.91390113185936" lon="118.54266913819251">
        <ele>35.3070068359375</ele>
        <time>2026-09-23T12:08:33Z</time>
        <extensions>
          <gpxtpx:TrackPointExtension>
            <gpxtpx:hr>164</gpxtpx:hr>
          </gpxtpx:TrackPointExtension>
        </extensions>
      </trkpt>
      <trkpt lat="24.913639324786114" lon="118.54274233827361">
        <ele>34.7767333984375</ele>
        <time>2026-09-23T12:08:42Z</time>
        <extensions>
          <gpxtpx:TrackPointExtension>
            <gpxtpx:hr>161</gpxtpx:hr>
          </gpxtpx:TrackPointExtension>
        </extensions>
      </trkpt>
      <trkpt lat="24.913465466749837" lon="118.54279748725376">
        <ele>34.620361328125</ele>
        <time>2026-09-23T12:08:48Z</time>
        <extensions>
          <gpxtpx:TrackPointExtension>
            <gpxtpx:hr>160</gpxtpx:hr>
          </gpxtpx:TrackPointExtension>
        </extensions>
      </trkpt>
      <trkpt lat="24.9131086768566" lon="118.54287269854817">
        <ele>36.372802734375</ele>
        <time>2026-09-23T12:09:00Z</time>
        <extensions>
          <gpxtpx:TrackPointExtension>
            <gpxtpx:hr>162</gpxtpx:hr>
          </gpxtpx:TrackPointExtension>
        </extensions>
      </trkpt>
      <trkpt lat="24.912822836306994" lon="118.54292885752307">
        <ele>35.95965576171875</ele>
        <time>2026-09-23T12:09:09Z</time>
        <extensions>
          <gpxtpx:TrackPointExtension>
            <gpxtpx:hr>164</gpxtpx:hr>
          </gpxtpx:TrackPointExtension>
        </extensions>
      </trkpt>
      <trkpt lat="24.912488134605173" lon="118.54304717348063">
        <ele>35.40228271484375</ele>
        <time>2026-09-23T12:09:21Z</time>
        <extensions>
          <gpxtpx:TrackPointExtension>
            <gpxtpx:hr>165</gpxtpx:hr>
          </gpxtpx:TrackPointExtension>
        </extensions>
      </trkpt>
      <trkpt lat="24.912149392557268" lon="118.54314644217263">
        <ele>34.31060791015625</ele>
        <time>2026-09-23T12:09:33Z</time>
        <extensions>
          <gpxtpx:TrackPointExtension>
            <gpxtpx:hr>167</gpxtpx:hr>
          </gpxtpx:TrackPointExtension>
        </extensions>
      </trkpt>
      <trkpt lat="24.91179463114391" lon="118.54323568688987">
        <ele>34.71063232421875</ele>
        <time>2026-09-23T12:09:45Z</time>
        <extensions>
          <gpxtpx:TrackPointExtension>
            <gpxtpx:hr>169</gpxtpx:hr>
          </gpxtpx:TrackPointExtension>
        </extensions>
      </trkpt>
      <trkpt lat="24.911636684994267" lon="118.54325073493305">
        <ele>33.7298583984375</ele>
        <time>2026-09-23T12:09:51Z</time>
        <extensions>
          <gpxtpx:TrackPointExtension>
            <gpxtpx:hr>171</gpxtpx:hr>
          </gpxtpx:TrackPointExtension>
        </extensions>
      </trkpt>
      <trkpt lat="24.911346871776633" lon="118.54331992542932">
        <ele>27.7181396484375</ele>
        <time>2026-09-23T12:10:03Z</time>
        <extensions>
          <gpxtpx:TrackPointExtension>
            <gpxtpx:hr>169</gpxtpx:hr>
          </gpxtpx:TrackPointExtension>
        </extensions>
      </trkpt>
      <trkpt lat="24.911166956193536" lon="118.54334800701373">
        <ele>29.254638671875</ele>
        <time>2026-09-23T12:10:09Z</time>
        <extensions>
          <gpxtpx:TrackPointExtension>
            <gpxtpx:hr>166</gpxtpx:hr>
          </gpxtpx:TrackPointExtension>
        </extensions>
      </trkpt>
      <trkpt lat="24.91096994120189" lon="118.54332797139102">
        <ele>30.5797119140625</ele>
        <time>2026-09-23T12:10:15Z</time>
        <extensions>
          <gpxtpx:TrackPointExtension>
            <gpxtpx:hr>165</gpxtpx:hr>
          </gpxtpx:TrackPointExtension>
        </extensions>
      </trkpt>
      <trkpt lat="24.91073109525713" lon="118.54338512855763">
        <ele>32.06494140625</ele>
        <time>2026-09-23T12:10:24Z</time>
        <extensions>
          <gpxtpx:TrackPointExtension>
            <gpxtpx:hr>164</gpxtpx:hr>
          </gpxtpx:TrackPointExtension>
        </extensions>
      </trkpt>
      <trkpt lat="24.91044119065424" lon="118.54341121279465">
        <ele>32.22869873046875</ele>
        <time>2026-09-23T12:10:33Z</time>
        <extensions>
          <gpxtpx:TrackPointExtension>
            <gpxtpx:hr>166</gpxtpx:hr>
          </gpxtpx:TrackPointExtension>
        </extensions>
      </trkpt>
      <trkpt lat="24.9100852464964" lon="118.54341424494905">
        <ele>34.047607421875</ele>
        <time>2026-09-23T12:10:45Z</time>
        <extensions>
          <gpxtpx:TrackPointExtension>
            <gpxtpx:hr>166</gpxtpx:hr>
          </gpxtpx:TrackPointExtension>
        </extensions>
      </trkpt>
      <trkpt lat="24.90978629439918" lon="118.54341727313775">
        <ele>34.88995361328125</ele>
        <time>2026-09-23T12:10:54Z</time>
        <extensions>
          <gpxtpx:TrackPointExtension>
            <gpxtpx:hr>166</gpxtpx:hr>
          </gpxtpx:TrackPointExtension>
        </extensions>
      </trkpt>
      <trkpt lat="24.90949631139292" lon="118.54340626621254">
        <ele>35.77874755859375</ele>
        <time>2026-09-23T12:11:03Z</time>
        <extensions>
          <gpxtpx:TrackPointExtension>
            <gpxtpx:hr>167</gpxtpx:hr>
          </gpxtpx:TrackPointExtension>
        </extensions>
      </trkpt>
      <trkpt lat="24.90913938637916" lon="118.54341832060636">
        <ele>34.30047607421875</ele>
        <time>2026-09-23T12:11:15Z</time>
        <extensions>
          <gpxtpx:TrackPointExtension>
            <gpxtpx:hr>165</gpxtpx:hr>
          </gpxtpx:TrackPointExtension>
        </extensions>
      </trkpt>
      <trkpt lat="24.908797425383785" lon="118.54341433454255">
        <ele>32.494873046875</ele>
        <time>2026-09-23T12:11:27Z</time>
        <extensions>
          <gpxtpx:TrackPointExtension>
            <gpxtpx:hr>164</gpxtpx:hr>
          </gpxtpx:TrackPointExtension>
        </extensions>
      </trkpt>
      <trkpt lat="24.908502462083764" lon="118.54341235013548">
        <ele>32.9366455078125</ele>
        <time>2026-09-23T12:11:36Z</time>
        <extensions>
          <gpxtpx:TrackPointExtension>
            <gpxtpx:hr>165</gpxtpx:hr>
          </gpxtpx:TrackPointExtension>
        </extensions>
      </trkpt>
      <trkpt lat="24.90823045533924" lon="118.54339131731524">
        <ele>34.72222900390625</ele>
        <time>2026-09-23T12:11:45Z</time>
        <extensions>
          <gpxtpx:TrackPointExtension>
            <gpxtpx:hr>165</gpxtpx:hr>
          </gpxtpx:TrackPointExtension>
        </extensions>
      </trkpt>
      <trkpt lat="24.907974516256402" lon="118.54340336468962">
        <ele>35.94647216796875</ele>
        <time>2026-09-23T12:11:54Z</time>
        <extensions>
          <gpxtpx:TrackPointExtension>
            <gpxtpx:hr>165</gpxtpx:hr>
          </gpxtpx:TrackPointExtension>
        </extensions>
      </trkpt>
      <trkpt lat="24.90771463910258" lon="118.54344448375436">
        <ele>34.5635986328125</ele>
        <time>2026-09-23T12:12:03Z</time>
        <extensions>
          <gpxtpx:TrackPointExtension>
            <gpxtpx:hr>164</gpxtpx:hr>
          </gpxtpx:TrackPointExtension>
        </extensions>
      </trkpt>
      <trkpt lat="24.90763062534609" lon="118.54343246004872">
        <ele>34.9503173828125</ele>
        <time>2026-09-23T12:12:06Z</time>
        <extensions>
          <gpxtpx:TrackPointExtension>
            <gpxtpx:hr>165</gpxtpx:hr>
          </gpxtpx:TrackPointExtension>
        </extensions>
      </trkpt>
      <trkpt lat="24.90756051221327" lon="118.54337432202108">
        <ele>34.800537109375</ele>
        <time>2026-09-23T12:12:09Z</time>
        <extensions>
          <gpxtpx:TrackPointExtension>
            <gpxtpx:hr>165</gpxtpx:hr>
          </gpxtpx:TrackPointExtension>
        </extensions>
      </trkpt>
      <trkpt lat="24.907506360684835" lon="118.54329914080097">
        <ele>35.3568115234375</ele>
        <time>2026-09-23T12:12:12Z</time>
        <extensions>
          <gpxtpx:TrackPointExtension>
            <gpxtpx:hr>167</gpxtpx:hr>
          </gpxtpx:TrackPointExtension>
        </extensions>
      </trkpt>
      <trkpt lat="24.907510160558168" lon="118.5432049083737">
        <ele>35.47705078125</ele>
        <time>2026-09-23T12:12:15Z</time>
        <extensions>
          <gpxtpx:TrackPointExtension>
            <gpxtpx:hr>167</gpxtpx:hr>
          </gpxtpx:TrackPointExtension>
        </extensions>
      </trkpt>
      <trkpt lat="24.907687379407815" lon="118.54284901613296">
        <ele>36.2393798828125</ele>
        <time>2026-09-23T12:12:27Z</time>
        <extensions>
          <gpxtpx:TrackPointExtension>
            <gpxtpx:hr>168</gpxtpx:hr>
          </gpxtpx:TrackPointExtension>
        </extensions>
      </trkpt>
      <trkpt lat="24.90781571239377" lon="118.54254525228569">
        <ele>34.6016845703125</ele>
        <time>2026-09-23T12:12:36Z</time>
        <extensions>
          <gpxtpx:TrackPointExtension>
            <gpxtpx:hr>169</gpxtpx:hr>
          </gpxtpx:TrackPointExtension>
        </extensions>
      </trkpt>
      <trkpt lat="24.907968116545522" lon="118.54227757349622">
        <ele>36.4117431640625</ele>
        <time>2026-09-23T12:12:45Z</time>
        <extensions>
          <gpxtpx:TrackPointExtension>
            <gpxtpx:hr>170</gpxtpx:hr>
          </gpxtpx:TrackPointExtension>
        </extensions>
      </trkpt>
      <trkpt lat="24.908065530200492" lon="118.54201190080785">
        <ele>37.2650146484375</ele>
        <time>2026-09-23T12:12:54Z</time>
        <extensions>
          <gpxtpx:TrackPointExtension>
            <gpxtpx:hr>169</gpxtpx:hr>
          </gpxtpx:TrackPointExtension>
        </extensions>
      </trkpt>
      <trkpt lat="24.90808431948267" lon="118.54191565759626">
        <ele>36.833251953125</ele>
        <time>2026-09-23T12:12:57Z</time>
        <extensions>
          <gpxtpx:TrackPointExtension>
            <gpxtpx:hr>168</gpxtpx:hr>
          </gpxtpx:TrackPointExtension>
        </extensions>
      </trkpt>
      <trkpt lat="24.908229507394406" lon="118.54155072705237">
        <ele>36.69384765625</ele>
        <time>2026-09-23T12:13:09Z</time>
        <extensions>
          <gpxtpx:TrackPointExtension>
            <gpxtpx:hr>168</gpxtpx:hr>
          </gpxtpx:TrackPointExtension>
        </extensions>
      </trkpt>
      <trkpt lat="24.908295321420322" lon="118.54146951695732">
        <ele>37.7559814453125</ele>
        <time>2026-09-23T12:13:12Z</time>
        <extensions>
          <gpxtpx:TrackPointExtension>
            <gpxtpx:hr>169</gpxtpx:hr>
          </gpxtpx:TrackPointExtension>
        </extensions>
      </trkpt>
      <trkpt lat="24.90831814118735" lon="118.54138830960382">
        <ele>37.7650146484375</ele>
        <time>2026-09-23T12:13:15Z</time>
        <extensions>
          <gpxtpx:TrackPointExtension>
            <gpxtpx:hr>170</gpxtpx:hr>
          </gpxtpx:TrackPointExtension>
        </extensions>
      </trkpt>
      <trkpt lat="24.90835500257971" lon="118.54132715191366">
        <ele>33.6065673828125</ele>
        <time>2026-09-23T12:13:18Z</time>
        <extensions>
          <gpxtpx:TrackPointExtension>
            <gpxtpx:hr>170</gpxtpx:hr>
          </gpxtpx:TrackPointExtension>
        </extensions>
      </trkpt>
      <trkpt lat="24.90845227572409" lon="118.54100131626991">
        <ele>32.1424560546875</ele>
        <time>2026-09-23T12:13:27Z</time>
        <extensions>
          <gpxtpx:TrackPointExtension>
            <gpxtpx:hr>170</gpxtpx:hr>
          </gpxtpx:TrackPointExtension>
        </extensions>
      </trkpt>
      <trkpt lat="24.908543643394403" lon="118.54071959002036">
        <ele>27.98651123046875</ele>
        <time>2026-09-23T12:13:36Z</time>
        <extensions>
          <gpxtpx:TrackPointExtension>
            <gpxtpx:hr>165</gpxtpx:hr>
          </gpxtpx:TrackPointExtension>
        </extensions>
      </trkpt>
      <trkpt lat="24.908606231954693" lon="118.54053711780728">
        <ele>22.6182861328125</ele>
        <time>2026-09-23T12:13:42Z</time>
        <extensions>
          <gpxtpx:TrackPointExtension>
            <gpxtpx:hr>164</gpxtpx:hr>
          </gpxtpx:TrackPointExtension>
        </extensions>
      </trkpt>
      <trkpt lat="24.908682532807045" lon="118.54022631272653">
        <ele>22.46246337890625</ele>
        <time>2026-09-23T12:13:51Z</time>
        <extensions>
          <gpxtpx:TrackPointExtension>
            <gpxtpx:hr>163</gpxtpx:hr>
          </gpxtpx:TrackPointExtension>
        </extensions>
      </trkpt>
      <trkpt lat="24.908767871696686" lon="118.5399345527557">
        <ele>23.9935302734375</ele>
        <time>2026-09-23T12:14:00Z</time>
        <extensions>
          <gpxtpx:TrackPointExtension>
            <gpxtpx:hr>163</gpxtpx:hr>
          </gpxtpx:TrackPointExtension>
        </extensions>
      </trkpt>
      <trkpt lat="24.908820412061612" lon="118.53973202382345">
        <ele>25.64398193359375</ele>
        <time>2026-09-23T12:14:06Z</time>
        <extensions>
          <gpxtpx:TrackPointExtension>
            <gpxtpx:hr>163</gpxtpx:hr>
          </gpxtpx:TrackPointExtension>
        </extensions>
      </trkpt>
      <trkpt lat="24.908879740810246" lon="118.5394362498603">
        <ele>25.3580322265625</ele>
        <time>2026-09-23T12:14:15Z</time>
        <extensions>
          <gpxtpx:TrackPointExtension>
            <gpxtpx:hr>164</gpxtpx:hr>
          </gpxtpx:TrackPointExtension>
        </extensions>
      </trkpt>
      <trkpt lat="24.908952067159937" lon="118.53914147439804">
        <ele>28.09173583984375</ele>
        <time>2026-09-23T12:14:24Z</time>
        <extensions>
          <gpxtpx:TrackPointExtension>
            <gpxtpx:hr>165</gpxtpx:hr>
          </gpxtpx:TrackPointExtension>
        </extensions>
      </trkpt>
      <trkpt lat="24.909036368578825" lon="118.5388376711877">
        <ele>29.09857177734375</ele>
        <time>2026-09-23T12:14:33Z</time>
        <extensions>
          <gpxtpx:TrackPointExtension>
            <gpxtpx:hr>167</gpxtpx:hr>
          </gpxtpx:TrackPointExtension>
        </extensions>
      </trkpt>
      <trkpt lat="24.909128700121546" lon="118.53854890377299">
        <ele>31.78204345703125</ele>
        <time>2026-09-23T12:14:42Z</time>
        <extensions>
          <gpxtpx:TrackPointExtension>
            <gpxtpx:hr>166</gpxtpx:hr>
          </gpxtpx:TrackPointExtension>
        </extensions>
      </trkpt>
      <trkpt lat="24.90921081266393" lon="118.53816488137193">
        <ele>31.9007568359375</ele>
        <time>2026-09-23T12:14:54Z</time>
        <extensions>
          <gpxtpx:TrackPointExtension>
            <gpxtpx:hr>165</gpxtpx:hr>
          </gpxtpx:TrackPointExtension>
        </extensions>
      </trkpt>
      <trkpt lat="24.909284110688002" lon="118.5378630735279">
        <ele>36.07501220703125</ele>
        <time>2026-09-23T12:15:03Z</time>
        <extensions>
          <gpxtpx:TrackPointExtension>
            <gpxtpx:hr>167</gpxtpx:hr>
          </gpxtpx:TrackPointExtension>
        </extensions>
      </trkpt>
      <trkpt lat="24.909378333518685" lon="118.53753118045412">
        <ele>38.9434814453125</ele>
        <time>2026-09-23T12:15:12Z</time>
        <extensions>
          <gpxtpx:TrackPointExtension>
            <gpxtpx:hr>168</gpxtpx:hr>
          </gpxtpx:TrackPointExtension>
        </extensions>
      </trkpt>
      <trkpt lat="24.909445705283517" lon="118.53726345780292">
        <ele>47.30731201171875</ele>
        <time>2026-09-23T12:15:21Z</time>
        <extensions>
          <gpxtpx:TrackPointExtension>
            <gpxtpx:hr>170</gpxtpx:hr>
          </gpxtpx:TrackPointExtension>
        </extensions>
      </trkpt>
      <trkpt lat="24.909448495778154" lon="118.53717321502816">
        <ele>44.84320068359375</ele>
        <time>2026-09-23T12:15:24Z</time>
        <extensions>
          <gpxtpx:TrackPointExtension>
            <gpxtpx:hr>171</gpxtpx:hr>
          </gpxtpx:TrackPointExtension>
        </extensions>
      </trkpt>
      <trkpt lat="24.909543650551008" lon="118.53681524332958">
        <ele>44.857666015625</ele>
        <time>2026-09-23T12:15:34Z</time>
        <extensions>
          <gpxtpx:TrackPointExtension>
            <gpxtpx:hr>171</gpxtpx:hr>
          </gpxtpx:TrackPointExtension>
        </extensions>
      </trkpt>
      <trkpt lat="24.90961203493947" lon="118.53655553559807">
        <ele>37.69219970703125</ele>
        <time>2026-09-23T12:15:43Z</time>
        <extensions>
          <gpxtpx:TrackPointExtension>
            <gpxtpx:hr>171</gpxtpx:hr>
          </gpxtpx:TrackPointExtension>
        </extensions>
      </trkpt>
      <trkpt lat="24.909628113736357" lon="118.53616346878322">
        <ele>33.61181640625</ele>
        <time>2026-09-23T12:15:55Z</time>
        <extensions>
          <gpxtpx:TrackPointExtension>
            <gpxtpx:hr>171</gpxtpx:hr>
          </gpxtpx:TrackPointExtension>
        </extensions>
      </trkpt>
      <trkpt lat="24.909641892547167" lon="118.53607021355913">
        <ele>32.3905029296875</ele>
        <time>2026-09-23T12:15:58Z</time>
        <extensions>
          <gpxtpx:TrackPointExtension>
            <gpxtpx:hr>171</gpxtpx:hr>
          </gpxtpx:TrackPointExtension>
        </extensions>
      </trkpt>
      <trkpt lat="24.90965136199195" lon="118.53584559924438">
        <ele>30.228759765625</ele>
        <time>2026-09-23T12:16:04Z</time>
        <extensions>
          <gpxtpx:TrackPointExtension>
            <gpxtpx:hr>171</gpxtpx:hr>
          </gpxtpx:TrackPointExtension>
        </extensions>
      </trkpt>
      <trkpt lat="24.909724574085264" lon="118.53551669243805">
        <ele>35.2822265625</ele>
        <time>2026-09-23T12:16:13Z</time>
        <extensions>
          <gpxtpx:TrackPointExtension>
            <gpxtpx:hr>171</gpxtpx:hr>
          </gpxtpx:TrackPointExtension>
        </extensions>
      </trkpt>
      <trkpt lat="24.909811823892" lon="118.53520583072915">
        <ele>36.8504638671875</ele>
        <time>2026-09-23T12:16:22Z</time>
        <extensions>
          <gpxtpx:TrackPointExtension>
            <gpxtpx:hr>170</gpxtpx:hr>
          </gpxtpx:TrackPointExtension>
        </extensions>
      </trkpt>
      <trkpt lat="24.909877310761537" lon="118.53499424190227">
        <ele>36.7515869140625</ele>
        <time>2026-09-23T12:16:28Z</time>
        <extensions>
          <gpxtpx:TrackPointExtension>
            <gpxtpx:hr>171</gpxtpx:hr>
          </gpxtpx:TrackPointExtension>
        </extensions>
      </trkpt>
      <trkpt lat="24.909893639964558" lon="118.53471446588186">
        <ele>34.95050048828125</ele>
        <time>2026-09-23T12:16:37Z</time>
        <extensions>
          <gpxtpx:TrackPointExtension>
            <gpxtpx:hr>173</gpxtpx:hr>
          </gpxtpx:TrackPointExtension>
        </extensions>
      </trkpt>
      <trkpt lat="24.90993637941949" lon="118.5346081678089">
        <ele>36.00482177734375</ele>
        <time>2026-09-23T12:16:40Z</time>
        <extensions>
          <gpxtpx:TrackPointExtension>
            <gpxtpx:hr>173</gpxtpx:hr>
          </gpxtpx:TrackPointExtension>
        </extensions>
      </trkpt>
      <trkpt lat="24.90994383683352" lon="118.53438253965557">
        <ele>34.842041015625</ele>
        <time>2026-09-23T12:16:46Z</time>
        <extensions>
          <gpxtpx:TrackPointExtension>
            <gpxtpx:hr>173</gpxtpx:hr>
          </gpxtpx:TrackPointExtension>
        </extensions>
      </trkpt>
      <trkpt lat="24.909932585157605" lon="118.53427724696112">
        <ele>35.3616943359375</ele>
        <time>2026-09-23T12:16:49Z</time>
        <extensions>
          <gpxtpx:TrackPointExtension>
            <gpxtpx:hr>172</gpxtpx:hr>
          </gpxtpx:TrackPointExtension>
        </extensions>
      </trkpt>
      <trkpt lat="24.909960218977922" lon="118.53412682513496">
        <ele>32.8211669921875</ele>
        <time>2026-09-23T12:16:55Z</time>
        <extensions>
          <gpxtpx:TrackPointExtension>
            <gpxtpx:hr>173</gpxtpx:hr>
          </gpxtpx:TrackPointExtension>
        </extensions>
      </trkpt>
      <trkpt lat="24.910036855009555" lon="118.53398041036363">
        <ele>33.89056396484375</ele>
        <time>2026-09-23T12:17:01Z</time>
        <extensions>
          <gpxtpx:TrackPointExtension>
            <gpxtpx:hr>174</gpxtpx:hr>
          </gpxtpx:TrackPointExtension>
        </extensions>
      </trkpt>
      <trkpt lat="24.910186773607627" lon="118.53395532972634">
        <ele>32.3226318359375</ele>
        <time>2026-09-23T12:17:07Z</time>
        <extensions>
          <gpxtpx:TrackPointExtension>
            <gpxtpx:hr>175</gpxtpx:hr>
          </gpxtpx:TrackPointExtension>
        </extensions>
      </trkpt>
      <trkpt lat="24.910531754713155" lon="118.53396733934764">
        <ele>26.23358154296875</ele>
        <time>2026-09-23T12:17:19Z</time>
        <extensions>
          <gpxtpx:TrackPointExtension>
            <gpxtpx:hr>174</gpxtpx:hr>
          </gpxtpx:TrackPointExtension>
        </extensions>
      </trkpt>
      <trkpt lat="24.91082075811609" lon="118.53398536970928">
        <ele>20.70233154296875</ele>
        <time>2026-09-23T12:17:28Z</time>
        <extensions>
          <gpxtpx:TrackPointExtension>
            <gpxtpx:hr>173</gpxtpx:hr>
          </gpxtpx:TrackPointExtension>
        </extensions>
      </trkpt>
      <trkpt lat="24.91116264998675" lon="118.5339602756824">
        <ele>19.3912353515625</ele>
        <time>2026-09-23T12:17:40Z</time>
        <extensions>
          <gpxtpx:TrackPointExtension>
            <gpxtpx:hr>173</gpxtpx:hr>
          </gpxtpx:TrackPointExtension>
        </extensions>
      </trkpt>
      <trkpt lat="24.91146163744215" lon="118.53397228850993">
        <ele>21.27899169921875</ele>
        <time>2026-09-23T12:17:49Z</time>
        <extensions>
          <gpxtpx:TrackPointExtension>
            <gpxtpx:hr>172</gpxtpx:hr>
          </gpxtpx:TrackPointExtension>
        </extensions>
      </trkpt>
      <trkpt lat="24.91176762148353" lon="118.53398329803781">
        <ele>24.18450927734375</ele>
        <time>2026-09-23T12:17:58Z</time>
        <extensions>
          <gpxtpx:TrackPointExtension>
            <gpxtpx:hr>172</gpxtpx:hr>
          </gpxtpx:TrackPointExtension>
        </extensions>
      </trkpt>
      <trkpt lat="24.91207162757721" lon="118.5340033329549">
        <ele>24.79443359375</ele>
        <time>2026-09-23T12:18:07Z</time>
        <extensions>
          <gpxtpx:TrackPointExtension>
            <gpxtpx:hr>173</gpxtpx:hr>
          </gpxtpx:TrackPointExtension>
        </extensions>
      </trkpt>
      <trkpt lat="24.912372534796873" lon="118.53398225302794">
        <ele>26.4742431640625</ele>
        <time>2026-09-23T12:18:16Z</time>
        <extensions>
          <gpxtpx:TrackPointExtension>
            <gpxtpx:hr>171</gpxtpx:hr>
          </gpxtpx:TrackPointExtension>
        </extensions>
      </trkpt>
      <trkpt lat="24.91264250443872" lon="118.53398524261259">
        <ele>25.78631591796875</ele>
        <time>2026-09-23T12:18:25Z</time>
        <extensions>
          <gpxtpx:TrackPointExtension>
            <gpxtpx:hr>171</gpxtpx:hr>
          </gpxtpx:TrackPointExtension>
        </extensions>
      </trkpt>
      <trkpt lat="24.912924472396792" lon="118.53398823135964">
        <ele>25.80889892578125</ele>
        <time>2026-09-23T12:18:34Z</time>
        <extensions>
          <gpxtpx:TrackPointExtension>
            <gpxtpx:hr>170</gpxtpx:hr>
          </gpxtpx:TrackPointExtension>
        </extensions>
      </trkpt>
      <trkpt lat="24.913195434612415" lon="118.53398821245469">
        <ele>25.70440673828125</ele>
        <time>2026-09-23T12:18:43Z</time>
        <extensions>
          <gpxtpx:TrackPointExtension>
            <gpxtpx:hr>170</gpxtpx:hr>
          </gpxtpx:TrackPointExtension>
        </extensions>
      </trkpt>
      <trkpt lat="24.913470422894907" lon="118.53399922413847">
        <ele>26.56805419921875</ele>
        <time>2026-09-23T12:18:52Z</time>
        <extensions>
          <gpxtpx:TrackPointExtension>
            <gpxtpx:hr>169</gpxtpx:hr>
          </gpxtpx:TrackPointExtension>
        </extensions>
      </trkpt>
      <trkpt lat="24.913752402923446" lon="118.53400722691278">
        <ele>25.83160400390625</ele>
        <time>2026-09-23T12:19:01Z</time>
        <extensions>
          <gpxtpx:TrackPointExtension>
            <gpxtpx:hr>169</gpxtpx:hr>
          </gpxtpx:TrackPointExtension>
        </extensions>
      </trkpt>
      <trkpt lat="24.914028417663953" lon="118.53402926937673">
        <ele>25.604248046875</ele>
        <time>2026-09-23T12:19:10Z</time>
        <extensions>
          <gpxtpx:TrackPointExtension>
            <gpxtpx:hr>171</gpxtpx:hr>
          </gpxtpx:TrackPointExtension>
        </extensions>
      </trkpt>
      <trkpt lat="24.91428635018468" lon="118.53401621491022">
        <ele>27.58221435546875</ele>
        <time>2026-09-23T12:19:19Z</time>
        <extensions>
          <gpxtpx:TrackPointExtension>
            <gpxtpx:hr>171</gpxtpx:hr>
          </gpxtpx:TrackPointExtension>
        </extensions>
      </trkpt>
      <trkpt lat="24.914619424689608" lon="118.53406633190994">
        <ele>29.14398193359375</ele>
        <time>2026-09-23T12:19:31Z</time>
        <extensions>
          <gpxtpx:TrackPointExtension>
            <gpxtpx:hr>172</gpxtpx:hr>
          </gpxtpx:TrackPointExtension>
        </extensions>
      </trkpt>
      <trkpt lat="24.914960664743347" lon="118.53418564153439">
        <ele>24.87139892578125</ele>
        <time>2026-09-23T12:19:43Z</time>
        <extensions>
          <gpxtpx:TrackPointExtension>
            <gpxtpx:hr>172</gpxtpx:hr>
          </gpxtpx:TrackPointExtension>
        </extensions>
      </trkpt>
      <trkpt lat="24.915248764567924" lon="118.53424378377565">
        <ele>26.26806640625</ele>
        <time>2026-09-23T12:19:52Z</time>
        <extensions>
          <gpxtpx:TrackPointExtension>
            <gpxtpx:hr>171</gpxtpx:hr>
          </gpxtpx:TrackPointExtension>
        </extensions>
      </trkpt>
      <trkpt lat="24.915521721587336" lon="118.53424175913528">
        <ele>28.4173583984375</ele>
        <time>2026-09-23T12:20:01Z</time>
        <extensions>
          <gpxtpx:TrackPointExtension>
            <gpxtpx:hr>171</gpxtpx:hr>
          </gpxtpx:TrackPointExtension>
        </extensions>
      </trkpt>
      <trkpt lat="24.915591665930407" lon="118.53422270108521">
        <ele>29.074462890625</ele>
        <time>2026-09-23T12:20:04Z</time>
        <extensions>
          <gpxtpx:TrackPointExtension>
            <gpxtpx:hr>169</gpxtpx:hr>
          </gpxtpx:TrackPointExtension>
        </extensions>
      </trkpt>
      <trkpt lat="24.915856766469318" lon="118.53427984206283">
        <ele>30.61614990234375</ele>
        <time>2026-09-23T12:20:13Z</time>
        <extensions>
          <gpxtpx:TrackPointExtension>
            <gpxtpx:hr>171</gpxtpx:hr>
          </gpxtpx:TrackPointExtension>
        </extensions>
      </trkpt>
      <trkpt lat="24.91620188946798" lon="118.53435101647423">
        <ele>28.35614013671875</ele>
        <time>2026-09-23T12:20:25Z</time>
        <extensions>
          <gpxtpx:TrackPointExtension>
            <gpxtpx:hr>172</gpxtpx:hr>
          </gpxtpx:TrackPointExtension>
        </extensions>
      </trkpt>
      <trkpt lat="24.916395019112514" lon="118.53441618456816">
        <ele>29.01513671875</ele>
        <time>2026-09-23T12:20:31Z</time>
        <extensions>
          <gpxtpx:TrackPointExtension>
            <gpxtpx:hr>173</gpxtpx:hr>
          </gpxtpx:TrackPointExtension>
        </extensions>
      </trkpt>
      <trkpt lat="24.916551209154807" lon="118.53450441926029">
        <ele>30.53399658203125</ele>
        <time>2026-09-23T12:20:37Z</time>
        <extensions>
          <gpxtpx:TrackPointExtension>
            <gpxtpx:hr>173</gpxtpx:hr>
          </gpxtpx:TrackPointExtension>
        </extensions>
      </trkpt>
      <trkpt lat="24.91662416765711" lon="118.53449137790633">
        <ele>28.611328125</ele>
        <time>2026-09-23T12:20:40Z</time>
        <extensions>
          <gpxtpx:TrackPointExtension>
            <gpxtpx:hr>172</gpxtpx:hr>
          </gpxtpx:TrackPointExtension>
        </extensions>
      </trkpt>
      <trkpt lat="24.91695627516097" lon="118.5345555332107">
        <ele>26.49755859375</ele>
        <time>2026-09-23T12:20:52Z</time>
        <extensions>
          <gpxtpx:TrackPointExtension>
            <gpxtpx:hr>174</gpxtpx:hr>
          </gpxtpx:TrackPointExtension>
        </extensions>
      </trkpt>
      <trkpt lat="24.917251334838703" lon="118.53459762967432">
        <ele>24.58868408203125</ele>
        <time>2026-09-23T12:21:04Z</time>
        <extensions>
          <gpxtpx:TrackPointExtension>
            <gpxtpx:hr>174</gpxtpx:hr>
          </gpxtpx:TrackPointExtension>
        </extensions>
      </trkpt>
      <trkpt lat="24.91759346952858" lon="118.53467381745668">
        <ele>23.07513427734375</ele>
        <time>2026-09-23T12:21:16Z</time>
        <extensions>
          <gpxtpx:TrackPointExtension>
            <gpxtpx:hr>172</gpxtpx:hr>
          </gpxtpx:TrackPointExtension>
        </extensions>
      </trkpt>
      <trkpt lat="24.91786965405331" lon="118.53476705691804">
        <ele>24.3172607421875</ele>
        <time>2026-09-23T12:21:25Z</time>
        <extensions>
          <gpxtpx:TrackPointExtension>
            <gpxtpx:hr>172</gpxtpx:hr>
          </gpxtpx:TrackPointExtension>
        </extensions>
      </trkpt>
      <trkpt lat="24.91823180230031" lon="118.53485026231482">
        <ele>24.80059814453125</ele>
        <time>2026-09-23T12:21:37Z</time>
        <extensions>
          <gpxtpx:TrackPointExtension>
            <gpxtpx:hr>169</gpxtpx:hr>
          </gpxtpx:TrackPointExtension>
        </extensions>
      </trkpt>
      <trkpt lat="24.918408842174564" lon="118.53487732494808">
        <ele>24.1942138671875</ele>
        <time>2026-09-23T12:21:43Z</time>
        <extensions>
          <gpxtpx:TrackPointExtension>
            <gpxtpx:hr>168</gpxtpx:hr>
          </gpxtpx:TrackPointExtension>
        </extensions>
      </trkpt>
      <trkpt lat="24.918485917587006" lon="118.5349134195116">
        <ele>23.7476806640625</ele>
        <time>2026-09-23T12:21:46Z</time>
        <extensions>
          <gpxtpx:TrackPointExtension>
            <gpxtpx:hr>169</gpxtpx:hr>
          </gpxtpx:TrackPointExtension>
        </extensions>
      </trkpt>
      <trkpt lat="24.91861921947323" lon="118.53504778182561">
        <ele>23.46734619140625</ele>
        <time>2026-09-23T12:21:52Z</time>
        <extensions>
          <gpxtpx:TrackPointExtension>
            <gpxtpx:hr>167</gpxtpx:hr>
          </gpxtpx:TrackPointExtension>
        </extensions>
      </trkpt>
      <trkpt lat="24.918667427720695" lon="118.53513802770999">
        <ele>25.20013427734375</ele>
        <time>2026-09-23T12:21:55Z</time>
        <extensions>
          <gpxtpx:TrackPointExtension>
            <gpxtpx:hr>168</gpxtpx:hr>
          </gpxtpx:TrackPointExtension>
        </extensions>
      </trkpt>
      <trkpt lat="24.91866268368541" lon="118.53524532400807">
        <ele>25.81378173828125</ele>
        <time>2026-09-23T12:21:58Z</time>
        <extensions>
          <gpxtpx:TrackPointExtension>
            <gpxtpx:hr>167</gpxtpx:hr>
          </gpxtpx:TrackPointExtension>
        </extensions>
      </trkpt>
      <trkpt lat="24.918633942667316" lon="118.53535262158776">
        <ele>26.43743896484375</ele>
        <time>2026-09-23T12:22:01Z</time>
        <extensions>
          <gpxtpx:TrackPointExtension>
            <gpxtpx:hr>167</gpxtpx:hr>
          </gpxtpx:TrackPointExtension>
        </extensions>
      </trkpt>
      <trkpt lat="24.918507680445916" lon="118.53565646526052">
        <ele>28.47174072265625</ele>
        <time>2026-09-23T12:22:10Z</time>
        <extensions>
          <gpxtpx:TrackPointExtension>
            <gpxtpx:hr>167</gpxtpx:hr>
          </gpxtpx:TrackPointExtension>
        </extensions>
      </trkpt>
      <trkpt lat="24.918400384403633" lon="118.53594827156017">
        <ele>29.8934326171875</ele>
        <time>2026-09-23T12:22:19Z</time>
        <extensions>
          <gpxtpx:TrackPointExtension>
            <gpxtpx:hr>167</gpxtpx:hr>
          </gpxtpx:TrackPointExtension>
        </extensions>
      </trkpt>
      <trkpt lat="24.918265023765546" lon="118.5362120004237">
        <ele>31.060302734375</ele>
        <time>2026-09-23T12:22:28Z</time>
        <extensions>
          <gpxtpx:TrackPointExtension>
            <gpxtpx:hr>167</gpxtpx:hr>
          </gpxtpx:TrackPointExtension>
        </extensions>
      </trkpt>
      <trkpt lat="24.918132700450233" lon="118.53649277292244">
        <ele>30.4718017578125</ele>
        <time>2026-09-23T12:22:37Z</time>
        <extensions>
          <gpxtpx:TrackPointExtension>
            <gpxtpx:hr>169</gpxtpx:hr>
          </gpxtpx:TrackPointExtension>
        </extensions>
      </trkpt>
      <trkpt lat="24.917985544987637" lon="118.53684573881773">
        <ele>31.453369140625</ele>
        <time>2026-09-23T12:22:49Z</time>
        <extensions>
          <gpxtpx:TrackPointExtension>
            <gpxtpx:hr>168</gpxtpx:hr>
          </gpxtpx:TrackPointExtension>
        </extensions>
      </trkpt>
      <trkpt lat="24.91779433835252" lon="118.53717564138277">
        <ele>30.92620849609375</ele>
        <time>2026-09-23T12:23:01Z</time>
        <extensions>
          <gpxtpx:TrackPointExtension>
            <gpxtpx:hr>169</gpxtpx:hr>
          </gpxtpx:TrackPointExtension>
        </extensions>
      </trkpt>
      <trkpt lat="24.917660092549163" lon="118.53749350390135">
        <ele>34.0460205078125</ele>
        <time>2026-09-23T12:23:10Z</time>
        <extensions>
          <gpxtpx:TrackPointExtension>
            <gpxtpx:hr>170</gpxtpx:hr>
          </gpxtpx:TrackPointExtension>
        </extensions>
      </trkpt>
      <trkpt lat="24.917521747305667" lon="118.53776925075758">
        <ele>33.83740234375</ele>
        <time>2026-09-23T12:23:19Z</time>
        <extensions>
          <gpxtpx:TrackPointExtension>
            <gpxtpx:hr>172</gpxtpx:hr>
          </gpxtpx:TrackPointExtension>
        </extensions>
      </trkpt>
      <trkpt lat="24.91740349788775" lon="118.53808911076044">
        <ele>35.6744384765625</ele>
        <time>2026-09-23T12:23:28Z</time>
        <extensions>
          <gpxtpx:TrackPointExtension>
            <gpxtpx:hr>171</gpxtpx:hr>
          </gpxtpx:TrackPointExtension>
        </extensions>
      </trkpt>
      <trkpt lat="24.91730114009542" lon="118.538363846565">
        <ele>30.237060546875</ele>
        <time>2026-09-23T12:23:37Z</time>
        <extensions>
          <gpxtpx:TrackPointExtension>
            <gpxtpx:hr>170</gpxtpx:hr>
          </gpxtpx:TrackPointExtension>
        </extensions>
      </trkpt>
      <trkpt lat="24.917257281120126" lon="118.53842300616871">
        <ele>29.80401611328125</ele>
        <time>2026-09-23T12:23:40Z</time>
        <extensions>
          <gpxtpx:TrackPointExtension>
            <gpxtpx:hr>169</gpxtpx:hr>
          </gpxtpx:TrackPointExtension>
        </extensions>
      </trkpt>
      <trkpt lat="24.917106141050308" lon="118.53879199026916">
        <ele>29.9444580078125</ele>
        <time>2026-09-23T12:23:52Z</time>
        <extensions>
          <gpxtpx:TrackPointExtension>
            <gpxtpx:hr>169</gpxtpx:hr>
          </gpxtpx:TrackPointExtension>
        </extensions>
      </trkpt>
      <trkpt lat="24.916968947136112" lon="118.5391399133008">
        <ele>27.5540771484375</ele>
        <time>2026-09-23T12:24:04Z</time>
        <extensions>
          <gpxtpx:TrackPointExtension>
            <gpxtpx:hr>170</gpxtpx:hr>
          </gpxtpx:TrackPointExtension>
        </extensions>
      </trkpt>
      <trkpt lat="24.916794763468072" lon="118.53949184492848">
        <ele>23.52801513671875</ele>
        <time>2026-09-23T12:24:16Z</time>
        <extensions>
          <gpxtpx:TrackPointExtension>
            <gpxtpx:hr>171</gpxtpx:hr>
          </gpxtpx:TrackPointExtension>
        </extensions>
      </trkpt>
      <trkpt lat="24.916675420231577" lon="118.5397775964833">
        <ele>25.2989501953125</ele>
        <time>2026-09-23T12:24:25Z</time>
        <extensions>
          <gpxtpx:TrackPointExtension>
            <gpxtpx:hr>172</gpxtpx:hr>
          </gpxtpx:TrackPointExtension>
        </extensions>
      </trkpt>
      <trkpt lat="24.91655206148288" lon="118.54005732974214">
        <ele>27.82489013671875</ele>
        <time>2026-09-23T12:24:34Z</time>
        <extensions>
          <gpxtpx:TrackPointExtension>
            <gpxtpx:hr>174</gpxtpx:hr>
          </gpxtpx:TrackPointExtension>
        </extensions>
      </trkpt>
      <trkpt lat="24.91647474926226" lon="118.54036212141388">
        <ele>31.32025146484375</ele>
        <time>2026-09-23T12:24:43Z</time>
        <extensions>
          <gpxtpx:TrackPointExtension>
            <gpxtpx:hr>174</gpxtpx:hr>
          </gpxtpx:TrackPointExtension>
        </extensions>
      </trkpt>
      <trkpt lat="24.916389432867668" lon="118.54066590760094">
        <ele>33.29144287109375</ele>
        <time>2026-09-23T12:24:52Z</time>
        <extensions>
          <gpxtpx:TrackPointExtension>
            <gpxtpx:hr>172</gpxtpx:hr>
          </gpxtpx:TrackPointExtension>
        </extensions>
      </trkpt>
      <trkpt lat="24.916309101690036" lon="118.5409646771838">
        <ele>31.672119140625</ele>
        <time>2026-09-23T12:25:01Z</time>
        <extensions>
          <gpxtpx:TrackPointExtension>
            <gpxtpx:hr>172</gpxtpx:hr>
          </gpxtpx:TrackPointExtension>
        </extensions>
      </trkpt>
      <trkpt lat="24.916274524231543" lon="118.54115516494056">
        <ele>30.176513671875</ele>
        <time>2026-09-23T12:25:07Z</time>
        <extensions>
          <gpxtpx:TrackPointExtension>
            <gpxtpx:hr>174</gpxtpx:hr>
          </gpxtpx:TrackPointExtension>
        </extensions>
      </trkpt>
      <trkpt lat="24.916293180854588" lon="118.54145692972313">
        <ele>29.77691650390625</ele>
        <time>2026-09-23T12:25:16Z</time>
        <extensions>
          <gpxtpx:TrackPointExtension>
            <gpxtpx:hr>175</gpxtpx:hr>
          </gpxtpx:TrackPointExtension>
        </extensions>
      </trkpt>
      <trkpt lat="24.916331807682727" lon="118.54174766184305">
        <ele>27.4398193359375</ele>
        <time>2026-09-23T12:25:25Z</time>
        <extensions>
          <gpxtpx:TrackPointExtension>
            <gpxtpx:hr>175</gpxtpx:hr>
          </gpxtpx:TrackPointExtension>
        </extensions>
      </trkpt>
      <trkpt lat="24.9162621389812" lon="118.54189604045527">
        <ele>26.93487548828125</ele>
        <time>2026-09-23T12:25:31Z</time>
        <extensions>
          <gpxtpx:TrackPointExtension>
            <gpxtpx:hr>173</gpxtpx:hr>
          </gpxtpx:TrackPointExtension>
        </extensions>
      </trkpt>
      <trkpt lat="24.916203277361102" lon="118.5419561958379">
        <ele>27.36956787109375</ele>
        <time>2026-09-23T12:25:34Z</time>
        <extensions>
          <gpxtpx:TrackPointExtension>
            <gpxtpx:hr>173</gpxtpx:hr>
          </gpxtpx:TrackPointExtension>
        </extensions>
      </trkpt>
      <trkpt lat="24.91603244644023" lon="118.54202337650088">
        <ele>28.31170654296875</ele>
        <time>2026-09-23T12:25:40Z</time>
        <extensions>
          <gpxtpx:TrackPointExtension>
            <gpxtpx:hr>173</gpxtpx:hr>
          </gpxtpx:TrackPointExtension>
        </extensions>
      </trkpt>
      <trkpt lat="24.915761622853786" lon="118.54208755640533">
        <ele>29.41265869140625</ele>
        <time>2026-09-23T12:25:49Z</time>
        <extensions>
          <gpxtpx:TrackPointExtension>
            <gpxtpx:hr>172</gpxtpx:hr>
          </gpxtpx:TrackPointExtension>
        </extensions>
      </trkpt>
      <trkpt lat="24.915481858711605" lon="118.54217880460254">
        <ele>29.55621337890625</ele>
        <time>2026-09-23T12:25:58Z</time>
        <extensions>
          <gpxtpx:TrackPointExtension>
            <gpxtpx:hr>171</gpxtpx:hr>
          </gpxtpx:TrackPointExtension>
        </extensions>
      </trkpt>
      <trkpt lat="24.915209108394624" lon="118.54227706954629">
        <ele>29.52105712890625</ele>
        <time>2026-09-23T12:26:07Z</time>
        <extensions>
          <gpxtpx:TrackPointExtension>
            <gpxtpx:hr>171</gpxtpx:hr>
          </gpxtpx:TrackPointExtension>
        </extensions>
      </trkpt>
      <trkpt lat="24.91493333662041" lon="118.54236530928452">
        <ele>29.42718505859375</ele>
        <time>2026-09-23T12:26:16Z</time>
        <extensions>
          <gpxtpx:TrackPointExtension>
            <gpxtpx:hr>170</gpxtpx:hr>
          </gpxtpx:TrackPointExtension>
        </extensions>
      </trkpt>
      <trkpt lat="24.914668569484768" lon="118.54245655545839">
        <ele>30.70574951171875</ele>
        <time>2026-09-23T12:26:25Z</time>
        <extensions>
          <gpxtpx:TrackPointExtension>
            <gpxtpx:hr>169</gpxtpx:hr>
          </gpxtpx:TrackPointExtension>
        </extensions>
      </trkpt>
      <trkpt lat="24.914387737699293" lon="118.54251672499">
        <ele>33.19921875</ele>
        <time>2026-09-23T12:26:34Z</time>
        <extensions>
          <gpxtpx:TrackPointExtension>
            <gpxtpx:hr>169</gpxtpx:hr>
          </gpxtpx:TrackPointExtension>
        </extensions>
      </trkpt>
      <trkpt lat="24.91411696661604" lon="118.54260596605567">
        <ele>32.856689453125</ele>
        <time>2026-09-23T12:26:43Z</time>
        <extensions>
          <gpxtpx:TrackPointExtension>
            <gpxtpx:hr>169</gpxtpx:hr>
          </gpxtpx:TrackPointExtension>
        </extensions>
      </trkpt>
      <trkpt lat="24.913849156261247" lon="118.54267716174985">
        <ele>27.484130859375</ele>
        <time>2026-09-23T12:26:52Z</time>
        <extensions>
          <gpxtpx:TrackPointExtension>
            <gpxtpx:hr>170</gpxtpx:hr>
          </gpxtpx:TrackPointExtension>
        </extensions>
      </trkpt>
      <trkpt lat="24.91358236270573" lon="118.54275637709141">
        <ele>29.03265380859375</ele>
        <time>2026-09-23T12:27:01Z</time>
        <extensions>
          <gpxtpx:TrackPointExtension>
            <gpxtpx:hr>169</gpxtpx:hr>
          </gpxtpx:TrackPointExtension>
        </extensions>
      </trkpt>
      <trkpt lat="24.913406513473554" lon="118.54281553612815">
        <ele>32.28619384765625</ele>
        <time>2026-09-23T12:27:07Z</time>
        <extensions>
          <gpxtpx:TrackPointExtension>
            <gpxtpx:hr>170</gpxtpx:hr>
          </gpxtpx:TrackPointExtension>
        </extensions>
      </trkpt>
      <trkpt lat="24.913057703192845" lon="118.5428817244564">
        <ele>32.49908447265625</ele>
        <time>2026-09-23T12:27:19Z</time>
        <extensions>
          <gpxtpx:TrackPointExtension>
            <gpxtpx:hr>171</gpxtpx:hr>
          </gpxtpx:TrackPointExtension>
        </extensions>
      </trkpt>
      <trkpt lat="24.912790913314446" lon="118.54296294412826">
        <ele>32.020751953125</ele>
        <time>2026-09-23T12:27:28Z</time>
        <extensions>
          <gpxtpx:TrackPointExtension>
            <gpxtpx:hr>170</gpxtpx:hr>
          </gpxtpx:TrackPointExtension>
        </extensions>
      </trkpt>
      <trkpt lat="24.91253313685484" lon="118.54305118026052">
        <ele>28.4383544921875</ele>
        <time>2026-09-23T12:27:37Z</time>
        <extensions>
          <gpxtpx:TrackPointExtension>
            <gpxtpx:hr>172</gpxtpx:hr>
          </gpxtpx:TrackPointExtension>
        </extensions>
      </trkpt>
      <trkpt lat="24.912224345949216" lon="118.54312939489306">
        <ele>27.8907470703125</ele>
        <time>2026-09-23T12:27:49Z</time>
        <extensions>
          <gpxtpx:TrackPointExtension>
            <gpxtpx:hr>173</gpxtpx:hr>
          </gpxtpx:TrackPointExtension>
        </extensions>
      </trkpt>
      <trkpt lat="24.91195552799863" lon="118.54319758178623">
        <ele>29.531005859375</ele>
        <time>2026-09-23T12:27:58Z</time>
        <extensions>
          <gpxtpx:TrackPointExtension>
            <gpxtpx:hr>173</gpxtpx:hr>
          </gpxtpx:TrackPointExtension>
        </extensions>
      </trkpt>
      <trkpt lat="24.911684712277097" lon="118.54326677110532">
        <ele>29.392822265625</ele>
        <time>2026-09-23T12:28:07Z</time>
        <extensions>
          <gpxtpx:TrackPointExtension>
            <gpxtpx:hr>175</gpxtpx:hr>
          </gpxtpx:TrackPointExtension>
        </extensions>
      </trkpt>
      <trkpt lat="24.911411862729548" lon="118.54331992090748">
        <ele>28.889404296875</ele>
        <time>2026-09-23T12:28:16Z</time>
        <extensions>
          <gpxtpx:TrackPointExtension>
            <gpxtpx:hr>175</gpxtpx:hr>
          </gpxtpx:TrackPointExtension>
        </extensions>
      </trkpt>
      <trkpt lat="24.911140964050922" lon="118.54335001375429">
        <ele>26.21929931640625</ele>
        <time>2026-09-23T12:28:25Z</time>
        <extensions>
          <gpxtpx:TrackPointExtension>
            <gpxtpx:hr>176</gpxtpx:hr>
          </gpxtpx:TrackPointExtension>
        </extensions>
      </trkpt>
      <trkpt lat="24.910856058802434" lon="118.54337609768">
        <ele>28.3369140625</ele>
        <time>2026-09-23T12:28:34Z</time>
        <extensions>
          <gpxtpx:TrackPointExtension>
            <gpxtpx:hr>176</gpxtpx:hr>
          </gpxtpx:TrackPointExtension>
        </extensions>
      </trkpt>
      <trkpt lat="24.910557202049358" lon="118.54342423674719">
        <ele>28.09259033203125</ele>
        <time>2026-09-23T12:28:43Z</time>
        <extensions>
          <gpxtpx:TrackPointExtension>
            <gpxtpx:hr>175</gpxtpx:hr>
          </gpxtpx:TrackPointExtension>
        </extensions>
      </trkpt>
      <trkpt lat="24.91027826836071" lon="118.54343728817022">
        <ele>28.4345703125</ele>
        <time>2026-09-23T12:28:52Z</time>
        <extensions>
          <gpxtpx:TrackPointExtension>
            <gpxtpx:hr>176</gpxtpx:hr>
          </gpxtpx:TrackPointExtension>
        </extensions>
      </trkpt>
      <trkpt lat="24.91018625151336" lon="118.54342326009183">
        <ele>28.21807861328125</ele>
        <time>2026-09-23T12:28:55Z</time>
        <extensions>
          <gpxtpx:TrackPointExtension>
            <gpxtpx:hr>176</gpxtpx:hr>
          </gpxtpx:TrackPointExtension>
        </extensions>
      </trkpt>
      <trkpt lat="24.90990429494054" lon="118.54342528463408">
        <ele>29.16473388671875</ele>
        <time>2026-09-23T12:29:04Z</time>
        <extensions>
          <gpxtpx:TrackPointExtension>
            <gpxtpx:hr>175</gpxtpx:hr>
          </gpxtpx:TrackPointExtension>
        </extensions>
      </trkpt>
      <trkpt lat="24.90960229878671" lon="118.54340726130275">
        <ele>28.56695556640625</ele>
        <time>2026-09-23T12:29:13Z</time>
        <extensions>
          <gpxtpx:TrackPointExtension>
            <gpxtpx:hr>176</gpxtpx:hr>
          </gpxtpx:TrackPointExtension>
        </extensions>
      </trkpt>
      <trkpt lat="24.909323367181617" lon="118.54342131519675">
        <ele>26.9930419921875</ele>
        <time>2026-09-23T12:29:22Z</time>
        <extensions>
          <gpxtpx:TrackPointExtension>
            <gpxtpx:hr>175</gpxtpx:hr>
          </gpxtpx:TrackPointExtension>
        </extensions>
      </trkpt>
      <trkpt lat="24.909229405638527" lon="118.54343335128918">
        <ele>26.60968017578125</ele>
        <time>2026-09-23T12:29:25Z</time>
        <extensions>
          <gpxtpx:TrackPointExtension>
            <gpxtpx:hr>176</gpxtpx:hr>
          </gpxtpx:TrackPointExtension>
        </extensions>
      </trkpt>
      <trkpt lat="24.90894239255283" lon="118.54340830967585">
        <ele>26.26483154296875</ele>
        <time>2026-09-23T12:29:34Z</time>
        <extensions>
          <gpxtpx:TrackPointExtension>
            <gpxtpx:hr>172</gpxtpx:hr>
          </gpxtpx:TrackPointExtension>
        </extensions>
      </trkpt>
      <trkpt lat="24.908646450573485" lon="118.54341634997242">
        <ele>27.253173828125</ele>
        <time>2026-09-23T12:29:43Z</time>
        <extensions>
          <gpxtpx:TrackPointExtension>
            <gpxtpx:hr>173</gpxtpx:hr>
          </gpxtpx:TrackPointExtension>
        </extensions>
      </trkpt>
      <trkpt lat="24.90834748146883" lon="118.54341135845351">
        <ele>30.94189453125</ele>
        <time>2026-09-23T12:29:52Z</time>
        <extensions>
          <gpxtpx:TrackPointExtension>
            <gpxtpx:hr>171</gpxtpx:hr>
          </gpxtpx:TrackPointExtension>
        </extensions>
      </trkpt>
      <trkpt lat="24.90810050090256" lon="118.54340435838918">
        <ele>30.9122314453125</ele>
        <time>2026-09-23T12:30:01Z</time>
        <extensions>
          <gpxtpx:TrackPointExtension>
            <gpxtpx:hr>171</gpxtpx:hr>
          </gpxtpx:TrackPointExtension>
        </extensions>
      </trkpt>
      <trkpt lat="24.907809617467883" lon="118.54344046729777">
        <ele>30.97735595703125</ele>
        <time>2026-09-23T12:30:10Z</time>
        <extensions>
          <gpxtpx:TrackPointExtension>
            <gpxtpx:hr>170</gpxtpx:hr>
          </gpxtpx:TrackPointExtension>
        </extensions>
      </trkpt>
      <trkpt lat="24.90771965322344" lon="118.54345150064044">
        <ele>30.33135986328125</ele>
        <time>2026-09-23T12:30:13Z</time>
        <extensions>
          <gpxtpx:TrackPointExtension>
            <gpxtpx:hr>169</gpxtpx:hr>
          </gpxtpx:TrackPointExtension>
        </extensions>
      </trkpt>
      <trkpt lat="24.90762963183498" lon="118.54343546750587">
        <ele>31.42022705078125</ele>
        <time>2026-09-23T12:30:16Z</time>
        <extensions>
          <gpxtpx:TrackPointExtension>
            <gpxtpx:hr>168</gpxtpx:hr>
          </gpxtpx:TrackPointExtension>
        </extensions>
      </trkpt>
      <trkpt lat="24.9075415635706" lon="118.54339738002436">
        <ele>31.96563720703125</ele>
        <time>2026-09-23T12:30:19Z</time>
        <extensions>
          <gpxtpx:TrackPointExtension>
            <gpxtpx:hr>169</gpxtpx:hr>
          </gpxtpx:TrackPointExtension>
        </extensions>
      </trkpt>
      <trkpt lat="24.907484399793418" lon="118.54331618427854">
        <ele>29.983642578125</ele>
        <time>2026-09-23T12:30:22Z</time>
        <extensions>
          <gpxtpx:TrackPointExtension>
            <gpxtpx:hr>171</gpxtpx:hr>
          </gpxtpx:TrackPointExtension>
        </extensions>
      </trkpt>
      <trkpt lat="24.907485155523286" lon="118.54320090022631">
        <ele>28.63037109375</ele>
        <time>2026-09-23T12:30:25Z</time>
        <extensions>
          <gpxtpx:TrackPointExtension>
            <gpxtpx:hr>171</gpxtpx:hr>
          </gpxtpx:TrackPointExtension>
        </extensions>
      </trkpt>
      <trkpt lat="24.907621589289764" lon="118.54294325418115">
        <ele>28.68756103515625</ele>
        <time>2026-09-23T12:30:34Z</time>
        <extensions>
          <gpxtpx:TrackPointExtension>
            <gpxtpx:hr>173</gpxtpx:hr>
          </gpxtpx:TrackPointExtension>
        </extensions>
      </trkpt>
      <trkpt lat="24.907738999819394" lon="118.54267457946148">
        <ele>30.7955322265625</ele>
        <time>2026-09-23T12:30:43Z</time>
        <extensions>
          <gpxtpx:TrackPointExtension>
            <gpxtpx:hr>173</gpxtpx:hr>
          </gpxtpx:TrackPointExtension>
        </extensions>
      </trkpt>
      <trkpt lat="24.907871367033145" lon="118.54238785584572">
        <ele>33.1002197265625</ele>
        <time>2026-09-23T12:30:52Z</time>
        <extensions>
          <gpxtpx:TrackPointExtension>
            <gpxtpx:hr>171</gpxtpx:hr>
          </gpxtpx:TrackPointExtension>
        </extensions>
      </trkpt>
      <trkpt lat="24.90799271348428" lon="118.54209210719044">
        <ele>33.38134765625</ele>
        <time>2026-09-23T12:31:01Z</time>
        <extensions>
          <gpxtpx:TrackPointExtension>
            <gpxtpx:hr>169</gpxtpx:hr>
          </gpxtpx:TrackPointExtension>
        </extensions>
      </trkpt>
      <trkpt lat="24.908081072390672" lon="118.5418013701004">
        <ele>32.70501708984375</ele>
        <time>2026-09-23T12:31:10Z</time>
        <extensions>
          <gpxtpx:TrackPointExtension>
            <gpxtpx:hr>170</gpxtpx:hr>
          </gpxtpx:TrackPointExtension>
        </extensions>
      </trkpt>
      <trkpt lat="24.908119860386858" lon="118.54170612725096">
        <ele>32.70050048828125</ele>
        <time>2026-09-23T12:31:13Z</time>
        <extensions>
          <gpxtpx:TrackPointExtension>
            <gpxtpx:hr>171</gpxtpx:hr>
          </gpxtpx:TrackPointExtension>
        </extensions>
      </trkpt>
      <trkpt lat="24.908119378590982" lon="118.54148456728072">
        <ele>36.4456787109375</ele>
        <time>2026-09-23T12:31:19Z</time>
        <extensions>
          <gpxtpx:TrackPointExtension>
            <gpxtpx:hr>171</gpxtpx:hr>
          </gpxtpx:TrackPointExtension>
        </extensions>
      </trkpt>
      <trkpt lat="24.908100149549213" lon="118.54137829935681">
        <ele>37.1072998046875</ele>
        <time>2026-09-23T12:31:22Z</time>
        <extensions>
          <gpxtpx:TrackPointExtension>
            <gpxtpx:hr>172</gpxtpx:hr>
          </gpxtpx:TrackPointExtension>
        </extensions>
      </trkpt>
      <trkpt lat="24.908162018402216" lon="118.54132215262528">
        <ele>39.82977294921875</ele>
        <time>2026-09-23T12:31:28Z</time>
        <extensions>
          <gpxtpx:TrackPointExtension>
            <gpxtpx:hr>173</gpxtpx:hr>
          </gpxtpx:TrackPointExtension>
        </extensions>
      </trkpt>
      <trkpt lat="24.908198612058012" lon="118.54113868381938">
        <ele>51.35888671875</ele>
        <time>2026-09-23T12:31:34Z</time>
        <extensions>
          <gpxtpx:TrackPointExtension>
            <gpxtpx:hr>172</gpxtpx:hr>
          </gpxtpx:TrackPointExtension>
        </extensions>
      </trkpt>
      <trkpt lat="24.908232429395227" lon="118.54105747468155">
        <ele>52.99615478515625</ele>
        <time>2026-09-23T12:31:37Z</time>
        <extensions>
          <gpxtpx:TrackPointExtension>
            <gpxtpx:hr>172</gpxtpx:hr>
          </gpxtpx:TrackPointExtension>
        </extensions>
      </trkpt>
      <trkpt lat="24.908239230445638" lon="118.54096724415601">
        <ele>58.7318115234375</ele>
        <time>2026-09-23T12:31:40Z</time>
        <extensions>
          <gpxtpx:TrackPointExtension>
            <gpxtpx:hr>172</gpxtpx:hr>
          </gpxtpx:TrackPointExtension>
        </extensions>
      </trkpt>
      <trkpt lat="24.90836957249032" lon="118.54067649171468">
        <ele>55.10650634765625</ele>
        <time>2026-09-23T12:31:49Z</time>
        <extensions>
          <gpxtpx:TrackPointExtension>
            <gpxtpx:hr>172</gpxtpx:hr>
          </gpxtpx:TrackPointExtension>
        </extensions>
      </trkpt>
      <trkpt lat="24.9085578214774" lon="118.54034863658822">
        <ele>36.78741455078125</ele>
        <time>2026-09-23T12:31:58Z</time>
        <extensions>
          <gpxtpx:TrackPointExtension>
            <gpxtpx:hr>174</gpxtpx:hr>
          </gpxtpx:TrackPointExtension>
        </extensions>
      </trkpt>
      <trkpt lat="24.908662091947715" lon="118.54002679885077">
        <ele>35.60498046875</ele>
        <time>2026-09-23T12:32:07Z</time>
        <extensions>
          <gpxtpx:TrackPointExtension>
            <gpxtpx:hr>173</gpxtpx:hr>
          </gpxtpx:TrackPointExtension>
        </extensions>
      </trkpt>
      <trkpt lat="24.908726559588047" lon="118.53979218653964">
        <ele>37.5377197265625</ele>
        <time>2026-09-23T12:32:13Z</time>
        <extensions>
          <gpxtpx:TrackPointExtension>
            <gpxtpx:hr>172</gpxtpx:hr>
          </gpxtpx:TrackPointExtension>
        </extensions>
      </trkpt>
      <trkpt lat="24.908801084718043" lon="118.53958464196207">
        <ele>33.78546142578125</ele>
        <time>2026-09-23T12:32:19Z</time>
        <extensions>
          <gpxtpx:TrackPointExtension>
            <gpxtpx:hr>174</gpxtpx:hr>
          </gpxtpx:TrackPointExtension>
        </extensions>
      </trkpt>
      <trkpt lat="24.908871374401283" lon="118.53927282369675">
        <ele>31.89361572265625</ele>
        <time>2026-09-23T12:32:28Z</time>
        <extensions>
          <gpxtpx:TrackPointExtension>
            <gpxtpx:hr>175</gpxtpx:hr>
          </gpxtpx:TrackPointExtension>
        </extensions>
      </trkpt>
      <trkpt lat="24.90896168081666" lon="118.53897102679194">
        <ele>31.41912841796875</ele>
        <time>2026-09-23T12:32:37Z</time>
        <extensions>
          <gpxtpx:TrackPointExtension>
            <gpxtpx:hr>174</gpxtpx:hr>
          </gpxtpx:TrackPointExtension>
        </extensions>
      </trkpt>
      <trkpt lat="24.909038967869837" lon="118.53866120632163">
        <ele>32.91864013671875</ele>
        <time>2026-09-23T12:32:46Z</time>
        <extensions>
          <gpxtpx:TrackPointExtension>
            <gpxtpx:hr>174</gpxtpx:hr>
          </gpxtpx:TrackPointExtension>
        </extensions>
      </trkpt>
      <trkpt lat="24.909077485806403" lon="118.5384516503566">
        <ele>34.8895263671875</ele>
        <time>2026-09-23T12:32:52Z</time>
        <extensions>
          <gpxtpx:TrackPointExtension>
            <gpxtpx:hr>173</gpxtpx:hr>
          </gpxtpx:TrackPointExtension>
        </extensions>
      </trkpt>
      <trkpt lat="24.909109271100178" lon="118.53835940408842">
        <ele>35.43011474609375</ele>
        <time>2026-09-23T12:32:55Z</time>
        <extensions>
          <gpxtpx:TrackPointExtension>
            <gpxtpx:hr>173</gpxtpx:hr>
          </gpxtpx:TrackPointExtension>
        </extensions>
      </trkpt>
      <trkpt lat="24.909163105726453" lon="118.53829021709574">
        <ele>30.6923828125</ele>
        <time>2026-09-23T12:32:58Z</time>
        <extensions>
          <gpxtpx:TrackPointExtension>
            <gpxtpx:hr>173</gpxtpx:hr>
          </gpxtpx:TrackPointExtension>
        </extensions>
      </trkpt>
      <trkpt lat="24.90925221872595" lon="118.53790819596833">
        <ele>33.72454833984375</ele>
        <time>2026-09-23T12:33:10Z</time>
        <extensions>
          <gpxtpx:TrackPointExtension>
            <gpxtpx:hr>173</gpxtpx:hr>
          </gpxtpx:TrackPointExtension>
        </extensions>
      </trkpt>
      <trkpt lat="24.90932247310451" lon="118.53758833728831">
        <ele>36.42828369140625</ele>
        <time>2026-09-23T12:33:19Z</time>
        <extensions>
          <gpxtpx:TrackPointExtension>
            <gpxtpx:hr>174</gpxtpx:hr>
          </gpxtpx:TrackPointExtension>
        </extensions>
      </trkpt>
      <trkpt lat="24.90937972837965" lon="118.5372694785627">
        <ele>37.5821533203125</ele>
        <time>2026-09-23T12:33:28Z</time>
        <extensions>
          <gpxtpx:TrackPointExtension>
            <gpxtpx:hr>175</gpxtpx:hr>
          </gpxtpx:TrackPointExtension>
        </extensions>
      </trkpt>
      <trkpt lat="24.909436952482537" lon="118.5369385837779">
        <ele>39.10260009765625</ele>
        <time>2026-09-23T12:33:37Z</time>
        <extensions>
          <gpxtpx:TrackPointExtension>
            <gpxtpx:hr>177</gpxtpx:hr>
          </gpxtpx:TrackPointExtension>
        </extensions>
      </trkpt>
      <trkpt lat="24.909530266519457" lon="118.53664979670093">
        <ele>38.50616455078125</ele>
        <time>2026-09-23T12:33:46Z</time>
        <extensions>
          <gpxtpx:TrackPointExtension>
            <gpxtpx:hr>177</gpxtpx:hr>
          </gpxtpx:TrackPointExtension>
        </extensions>
      </trkpt>
      <trkpt lat="24.909574544822153" lon="118.53634396378307">
        <ele>40.15869140625</ele>
        <time>2026-09-23T12:33:55Z</time>
        <extensions>
          <gpxtpx:TrackPointExtension>
            <gpxtpx:hr>177</gpxtpx:hr>
          </gpxtpx:TrackPointExtension>
        </extensions>
      </trkpt>
      <trkpt lat="24.909626590076325" lon="118.53594086143958">
        <ele>36.84356689453125</ele>
        <time>2026-09-23T12:34:07Z</time>
        <extensions>
          <gpxtpx:TrackPointExtension>
            <gpxtpx:hr>177</gpxtpx:hr>
          </gpxtpx:TrackPointExtension>
        </extensions>
      </trkpt>
      <trkpt lat="24.90967985809931" lon="118.53563401762594">
        <ele>35.772216796875</ele>
        <time>2026-09-23T12:34:16Z</time>
        <extensions>
          <gpxtpx:TrackPointExtension>
            <gpxtpx:hr>176</gpxtpx:hr>
          </gpxtpx:TrackPointExtension>
        </extensions>
      </trkpt>
      <trkpt lat="24.909731130682847" lon="118.53533017900203">
        <ele>33.48345947265625</ele>
        <time>2026-09-23T12:34:25Z</time>
        <extensions>
          <gpxtpx:TrackPointExtension>
            <gpxtpx:hr>176</gpxtpx:hr>
          </gpxtpx:TrackPointExtension>
        </extensions>
      </trkpt>
      <trkpt lat="24.909766400309756" lon="118.5350253355715">
        <ele>35.202392578125</ele>
        <time>2026-09-23T12:34:34Z</time>
        <extensions>
          <gpxtpx:TrackPointExtension>
            <gpxtpx:hr>177</gpxtpx:hr>
          </gpxtpx:TrackPointExtension>
        </extensions>
      </trkpt>
      <trkpt lat="24.909823637690312" lon="118.53470945685336">
        <ele>34.2607421875</ele>
        <time>2026-09-23T12:34:43Z</time>
        <extensions>
          <gpxtpx:TrackPointExtension>
            <gpxtpx:hr>177</gpxtpx:hr>
          </gpxtpx:TrackPointExtension>
        </extensions>
      </trkpt>
      <trkpt lat="24.909850883491817" lon="118.5343965852419">
        <ele>34.7518310546875</ele>
        <time>2026-09-23T12:34:52Z</time>
        <extensions>
          <gpxtpx:TrackPointExtension>
            <gpxtpx:hr>179</gpxtpx:hr>
          </gpxtpx:TrackPointExtension>
        </extensions>
      </trkpt>
      <trkpt lat="24.909948181961926" lon="118.53411078114095">
        <ele>36.6358642578125</ele>
        <time>2026-09-23T12:35:01Z</time>
        <extensions>
          <gpxtpx:TrackPointExtension>
            <gpxtpx:hr>177</gpxtpx:hr>
          </gpxtpx:TrackPointExtension>
        </extensions>
      </trkpt>
      <trkpt lat="24.910062832020852" lon="118.53397238609654">
        <ele>36.41778564453125</ele>
        <time>2026-09-23T12:35:07Z</time>
        <extensions>
          <gpxtpx:TrackPointExtension>
            <gpxtpx:hr>178</gpxtpx:hr>
          </gpxtpx:TrackPointExtension>
        </extensions>
      </trkpt>
      <trkpt lat="24.91040771623602" lon="118.53394428342739">
        <ele>30.99127197265625</ele>
        <time>2026-09-23T12:35:19Z</time>
        <extensions>
          <gpxtpx:TrackPointExtension>
            <gpxtpx:hr>177</gpxtpx:hr>
          </gpxtpx:TrackPointExtension>
        </extensions>
      </trkpt>
      <trkpt lat="24.910689677023427" lon="118.53394426375658">
        <ele>25.178466796875</ele>
        <time>2026-09-23T12:35:28Z</time>
        <extensions>
          <gpxtpx:TrackPointExtension>
            <gpxtpx:hr>178</gpxtpx:hr>
          </gpxtpx:TrackPointExtension>
        </extensions>
      </trkpt>
      <trkpt lat="24.9109716644484" lon="118.53395527496909">
        <ele>25.35125732421875</ele>
        <time>2026-09-23T12:35:37Z</time>
        <extensions>
          <gpxtpx:TrackPointExtension>
            <gpxtpx:hr>178</gpxtpx:hr>
          </gpxtpx:TrackPointExtension>
        </extensions>
      </trkpt>
      <trkpt lat="24.91125760285092" lon="118.53394622975085">
        <ele>25.1925048828125</ele>
        <time>2026-09-23T12:35:46Z</time>
        <extensions>
          <gpxtpx:TrackPointExtension>
            <gpxtpx:hr>178</gpxtpx:hr>
          </gpxtpx:TrackPointExtension>
        </extensions>
      </trkpt>
      <trkpt lat="24.911542580143244" lon="118.53395322952342">
        <ele>25.796875</ele>
        <time>2026-09-23T12:35:55Z</time>
        <extensions>
          <gpxtpx:TrackPointExtension>
            <gpxtpx:hr>179</gpxtpx:hr>
          </gpxtpx:TrackPointExtension>
        </extensions>
      </trkpt>
      <trkpt lat="24.91182857666088" lon="118.5339682516815">
        <ele>28.86981201171875</ele>
        <time>2026-09-23T12:36:04Z</time>
        <extensions>
          <gpxtpx:TrackPointExtension>
            <gpxtpx:hr>178</gpxtpx:hr>
          </gpxtpx:TrackPointExtension>
        </extensions>
      </trkpt>
      <trkpt lat="24.9121275761923" lon="118.53398527853813">
        <ele>27.3072509765625</ele>
        <time>2026-09-23T12:36:13Z</time>
        <extensions>
          <gpxtpx:TrackPointExtension>
            <gpxtpx:hr>178</gpxtpx:hr>
          </gpxtpx:TrackPointExtension>
        </extensions>
      </trkpt>
      <trkpt lat="24.912434465605703" lon="118.53395717852902">
        <ele>30.98052978515625</ele>
        <time>2026-09-23T12:36:22Z</time>
        <extensions>
          <gpxtpx:TrackPointExtension>
            <gpxtpx:hr>174</gpxtpx:hr>
          </gpxtpx:TrackPointExtension>
        </extensions>
      </trkpt>
      <trkpt lat="24.912718401802522" lon="118.53394713064188">
        <ele>26.8978271484375</ele>
        <time>2026-09-23T12:36:31Z</time>
        <extensions>
          <gpxtpx:TrackPointExtension>
            <gpxtpx:hr>175</gpxtpx:hr>
          </gpxtpx:TrackPointExtension>
        </extensions>
      </trkpt>
      <trkpt lat="24.91300140838059" lon="118.53396616424034">
        <ele>25.569580078125</ele>
        <time>2026-09-23T12:36:40Z</time>
        <extensions>
          <gpxtpx:TrackPointExtension>
            <gpxtpx:hr>173</gpxtpx:hr>
          </gpxtpx:TrackPointExtension>
        </extensions>
      </trkpt>
      <trkpt lat="24.913279393837644" lon="118.53397617291613">
        <ele>26.6722412109375</ele>
        <time>2026-09-23T12:36:49Z</time>
        <extensions>
          <gpxtpx:TrackPointExtension>
            <gpxtpx:hr>173</gpxtpx:hr>
          </gpxtpx:TrackPointExtension>
        </extensions>
      </trkpt>
      <trkpt lat="24.91346737003902" lon="118.53397716260781">
        <ele>27.61859130859375</ele>
        <time>2026-09-23T12:36:55Z</time>
        <extensions>
          <gpxtpx:TrackPointExtension>
            <gpxtpx:hr>173</gpxtpx:hr>
          </gpxtpx:TrackPointExtension>
        </extensions>
      </trkpt>
      <trkpt lat="24.913546407451115" lon="118.5339972132246">
        <ele>27.2353515625</ele>
        <time>2026-09-23T12:36:58Z</time>
        <extensions>
          <gpxtpx:TrackPointExtension>
            <gpxtpx:hr>172</gpxtpx:hr>
          </gpxtpx:TrackPointExtension>
        </extensions>
      </trkpt>
      <trkpt lat="24.91343181535385" lon="118.53415967538994">
        <ele>29.43377685546875</ele>
        <time>2026-09-23T12:37:04Z</time>
        <extensions>
          <gpxtpx:TrackPointExtension>
            <gpxtpx:hr>172</gpxtpx:hr>
          </gpxtpx:TrackPointExtension>
        </extensions>
      </trkpt>
      <trkpt lat="24.91329963454405" lon="118.53449261262752">
        <ele>32.96539306640625</ele>
        <time>2026-09-23T12:37:13Z</time>
        <extensions>
          <gpxtpx:TrackPointExtension>
            <gpxtpx:hr>173</gpxtpx:hr>
          </gpxtpx:TrackPointExtension>
        </extensions>
      </trkpt>
      <trkpt lat="24.91324289021692" lon="118.53459590373949">
        <ele>34.20196533203125</ele>
        <time>2026-09-23T12:37:16Z</time>
        <extensions>
          <gpxtpx:TrackPointExtension>
            <gpxtpx:hr>175</gpxtpx:hr>
          </gpxtpx:TrackPointExtension>
        </extensions>
      </trkpt>
      <trkpt lat="24.913170414069405" lon="118.53481050425722">
        <ele>35.68768310546875</ele>
        <time>2026-09-23T12:37:22Z</time>
        <extensions>
          <gpxtpx:TrackPointExtension>
            <gpxtpx:hr>176</gpxtpx:hr>
          </gpxtpx:TrackPointExtension>
        </extensions>
      </trkpt>
      <trkpt lat="24.913048893165904" lon="118.53500404842812">
        <ele>34.3099365234375</ele>
        <time>2026-09-23T12:37:28Z</time>
        <extensions>
          <gpxtpx:TrackPointExtension>
            <gpxtpx:hr>177</gpxtpx:hr>
          </gpxtpx:TrackPointExtension>
        </extensions>
      </trkpt>
      <trkpt lat="24.91297737847825" lon="118.53520360443419">
        <ele>33.33697509765625</ele>
        <time>2026-09-23T12:37:34Z</time>
        <extensions>
          <gpxtpx:TrackPointExtension>
            <gpxtpx:hr>177</gpxtpx:hr>
          </gpxtpx:TrackPointExtension>
        </extensions>
      </trkpt>
      <trkpt lat="24.912877840319734" lon="118.53539213069052">
        <ele>34.1932373046875</ele>
        <time>2026-09-23T12:37:40Z</time>
        <extensions>
          <gpxtpx:TrackPointExtension>
            <gpxtpx:hr>177</gpxtpx:hr>
          </gpxtpx:TrackPointExtension>
        </extensions>
      </trkpt>
      <trkpt lat="24.912740304007652" lon="118.53557965562887">
        <ele>34.4163818359375</ele>
        <time>2026-09-23T12:37:46Z</time>
        <extensions>
          <gpxtpx:TrackPointExtension>
            <gpxtpx:hr>177</gpxtpx:hr>
          </gpxtpx:TrackPointExtension>
        </extensions>
      </trkpt>
      <trkpt lat="24.912641813282725" lon="118.53578923704514">
        <ele>34.1790771484375</ele>
        <time>2026-09-23T12:37:52Z</time>
        <extensions>
          <gpxtpx:TrackPointExtension>
            <gpxtpx:hr>178</gpxtpx:hr>
          </gpxtpx:TrackPointExtension>
        </extensions>
      </trkpt>
      <trkpt lat="24.912641813282725" lon="118.53578923704514">
        <ele>34.1790771484375</ele>
        <time>2026-09-23T12:37:55Z</time>
        <extensions>
          <gpxtpx:TrackPointExtension>
            <gpxtpx:hr>178</gpxtpx:hr>
          </gpxtpx:TrackPointExtension>
        </extensions>
      </trkpt>
    </trkseg>
  </trk>
</gpx>