<?xml version="1.0" encoding="UTF-8"?>
<gpx xmlns="http://www.topografix.com/GPX/1/1" xmlns:gpxtpx="http://www.garmin.com/xmlschemas/TrackPointExtension/v1" xmlns:xsi="http://www.w3.org/2001/XMLSchema-instance" xsi:schemaLocation="http://www.topografix.com/GPX/1/1 http://www.topografix.com/GPX/1/1/gpx.xsd" version="1.1" creator="gpx.py -- https://github.com/tkrajina/gpxpy">
  <trk>
    <name>gpx from keep</name>
    <type>Run</type>
    <trkseg>
      <trkpt lat="24.91074304782358" lon="118.53861455937204">
        <ele>10.010214230976999</ele>
        <time>2024-11-05T14:01:37Z</time>
      </trkpt>
      <trkpt lat="24.910524747595005" lon="118.5385440396604">
        <ele>10.710256989113986</ele>
        <time>2024-11-05T14:01:46Z</time>
      </trkpt>
      <trkpt lat="24.91025224866568" lon="118.5385063183526">
        <ele>8.565781951881945</ele>
        <time>2024-11-05T14:01:55Z</time>
      </trkpt>
      <trkpt lat="24.91015788770508" lon="118.53850595605356">
        <ele>8.280371965840459</ele>
        <time>2024-11-05T14:01:58Z</time>
      </trkpt>
      <trkpt lat="24.90988801638495" lon="118.53842013711265">
        <ele>7.9771213717758656</ele>
        <time>2024-11-05T14:02:07Z</time>
      </trkpt>
      <trkpt lat="24.90957012532281" lon="118.53844297068144">
        <ele>7.695559859275818</ele>
        <time>2024-11-05T14:02:16Z</time>
      </trkpt>
      <trkpt lat="24.909233995223236" lon="118.53838825963427">
        <ele>9.02221020217985</ele>
        <time>2024-11-05T14:02:26Z</time>
      </trkpt>
      <trkpt lat="24.909112952817008" lon="118.53833857255799">
        <ele>8.39696171414107</ele>
        <time>2024-11-05T14:02:30Z</time>
      </trkpt>
      <trkpt lat="24.909105640348393" lon="118.53824766520428">
        <ele>7.9875784162431955</ele>
        <time>2024-11-05T14:02:34Z</time>
      </trkpt>
      <trkpt lat="24.909120681136788" lon="118.53813500731552">
        <ele>8.034312683157623</ele>
        <time>2024-11-05T14:02:38Z</time>
      </trkpt>
      <trkpt lat="24.909103722859054" lon="118.53801035078419">
        <ele>7.679306726902723</ele>
        <time>2024-11-05T14:02:42Z</time>
      </trkpt>
      <trkpt lat="24.909145142836657" lon="118.53787677857785">
        <ele>7.332135993055999</ele>
        <time>2024-11-05T14:02:46Z</time>
      </trkpt>
      <trkpt lat="24.909290034931768" lon="118.53768856769773">
        <ele>8.708330425433815</ele>
        <time>2024-11-05T14:02:53Z</time>
      </trkpt>
      <trkpt lat="24.909340624989973" lon="118.53751875134786">
        <ele>8.553620984777808</ele>
        <time>2024-11-05T14:02:59Z</time>
      </trkpt>
      <trkpt lat="24.909342731091733" lon="118.53742896242626">
        <ele>9.791515422984958</ele>
        <time>2024-11-05T14:03:02Z</time>
      </trkpt>
      <trkpt lat="24.909442905895002" lon="118.53720028892528">
        <ele>9.502041487023234</ele>
        <time>2024-11-05T14:03:08Z</time>
      </trkpt>
      <trkpt lat="24.90947141669548" lon="118.53708803498787">
        <ele>10.275313013233244</ele>
        <time>2024-11-05T14:03:11Z</time>
      </trkpt>
      <trkpt lat="24.909483428460913" lon="118.53696161697914">
        <ele>10.36209159437567</ele>
        <time>2024-11-05T14:03:14Z</time>
      </trkpt>
      <trkpt lat="24.90946685957855" lon="118.53683255632384">
        <ele>10.44174273405224</ele>
        <time>2024-11-05T14:03:17Z</time>
      </trkpt>
      <trkpt lat="24.90947905379304" lon="118.53664681531953">
        <ele>10.421993744559586</ele>
        <time>2024-11-05T14:03:23Z</time>
      </trkpt>
      <trkpt lat="24.909559561311564" lon="118.53643726395937">
        <ele>10.406330444850028</ele>
        <time>2024-11-05T14:03:29Z</time>
      </trkpt>
      <trkpt lat="24.90956229816805" lon="118.53633062318113">
        <ele>10.806712807156146</ele>
        <time>2024-11-05T14:03:32Z</time>
      </trkpt>
      <trkpt lat="24.90963906761903" lon="118.53602165434">
        <ele>10.370130823925138</ele>
        <time>2024-11-05T14:03:41Z</time>
      </trkpt>
      <trkpt lat="24.909678247552005" lon="118.5357019044089">
        <ele>10.180606151930988</ele>
        <time>2024-11-05T14:03:50Z</time>
      </trkpt>
      <trkpt lat="24.90973210797542" lon="118.53538405158571">
        <ele>9.729741571471095</ele>
        <time>2024-11-05T14:03:59Z</time>
      </trkpt>
      <trkpt lat="24.9097703555022" lon="118.53506200960278">
        <ele>9.454651371575892</ele>
        <time>2024-11-05T14:04:08Z</time>
      </trkpt>
      <trkpt lat="24.909764029795063" lon="118.53470027529248">
        <ele>8.422993778251112</ele>
        <time>2024-11-05T14:04:20Z</time>
      </trkpt>
      <trkpt lat="24.909827119794826" lon="118.53430215129613">
        <ele>7.365840632468462</ele>
        <time>2024-11-05T14:04:32Z</time>
      </trkpt>
      <trkpt lat="24.9098891512738" lon="118.53399240685913">
        <ele>7.785354219377041</ele>
        <time>2024-11-05T14:04:41Z</time>
      </trkpt>
      <trkpt lat="24.909961884276534" lon="118.53391726235337">
        <ele>7.795515361241996</ele>
        <time>2024-11-05T14:04:44Z</time>
      </trkpt>
      <trkpt lat="24.910149436852393" lon="118.53387476619422">
        <ele>7.265369400382042</ele>
        <time>2024-11-05T14:04:50Z</time>
      </trkpt>
      <trkpt lat="24.910243554325973" lon="118.53383777525049">
        <ele>8.356934166513383</ele>
        <time>2024-11-05T14:04:53Z</time>
      </trkpt>
      <trkpt lat="24.91042515416974" lon="118.53378964598718">
        <ele>9.496801570989192</ele>
        <time>2024-11-05T14:04:59Z</time>
      </trkpt>
      <trkpt lat="24.910700372660397" lon="118.53376410327795">
        <ele>11.246692880988121</ele>
        <time>2024-11-05T14:05:08Z</time>
      </trkpt>
      <trkpt lat="24.91079431088839" lon="118.53378662046647">
        <ele>10.039544662460685</ele>
        <time>2024-11-05T14:05:11Z</time>
      </trkpt>
      <trkpt lat="24.911075764176445" lon="118.53374581193205">
        <ele>10.018512016162276</ele>
        <time>2024-11-05T14:05:20Z</time>
      </trkpt>
      <trkpt lat="24.911437285465322" lon="118.53376432488183">
        <ele>10.420105928555131</ele>
        <time>2024-11-05T14:05:32Z</time>
      </trkpt>
      <trkpt lat="24.9117184452595" lon="118.53378440404148">
        <ele>10.58109340351075</ele>
        <time>2024-11-05T14:05:41Z</time>
      </trkpt>
      <trkpt lat="24.91181131412996" lon="118.53377361810202">
        <ele>10.34933962393552</ele>
        <time>2024-11-05T14:05:44Z</time>
      </trkpt>
      <trkpt lat="24.91209916808692" lon="118.53378625930605">
        <ele>9.212693204171956</ele>
        <time>2024-11-05T14:05:53Z</time>
      </trkpt>
      <trkpt lat="24.912369176857773" lon="118.53375561748683">
        <ele>9.476415125653148</ele>
        <time>2024-11-05T14:06:02Z</time>
      </trkpt>
      <trkpt lat="24.912644892018804" lon="118.53376780084929">
        <ele>9.46138921380043</ele>
        <time>2024-11-05T14:06:11Z</time>
      </trkpt>
      <trkpt lat="24.912921550113154" lon="118.53377605699207">
        <ele>10.841679234988987</ele>
        <time>2024-11-05T14:06:20Z</time>
      </trkpt>
      <trkpt lat="24.912988818041836" lon="118.53383256092945">
        <ele>9.919203678146005</ele>
        <time>2024-11-05T14:06:23Z</time>
      </trkpt>
      <trkpt lat="24.91316161301271" lon="118.53389346930506">
        <ele>10.572814996354282</ele>
        <time>2024-11-05T14:06:29Z</time>
      </trkpt>
      <trkpt lat="24.9134463483159" lon="118.53393008324525">
        <ele>9.893140320666134</ele>
        <time>2024-11-05T14:06:38Z</time>
      </trkpt>
      <trkpt lat="24.91375899519342" lon="118.53396969912399">
        <ele>10.251370104029775</ele>
        <time>2024-11-05T14:06:48Z</time>
      </trkpt>
      <trkpt lat="24.91405337292673" lon="118.53400327825763">
        <ele>10.498025356791914</ele>
        <time>2024-11-05T14:06:57Z</time>
      </trkpt>
      <trkpt lat="24.914330240078694" lon="118.53403955756448">
        <ele>11.03740547504276</ele>
        <time>2024-11-05T14:07:06Z</time>
      </trkpt>
      <trkpt lat="24.914666559068543" lon="118.53410874304758">
        <ele>12.317892138846219</ele>
        <time>2024-11-05T14:07:18Z</time>
      </trkpt>
      <trkpt lat="24.914880127858538" lon="118.53414409283778">
        <ele>12.627242472954094</ele>
        <time>2024-11-05T14:07:27Z</time>
      </trkpt>
      <trkpt lat="24.914981801465295" lon="118.5341275287267">
        <ele>12.325437891297042</ele>
        <time>2024-11-05T14:07:30Z</time>
      </trkpt>
      <trkpt lat="24.915254208161056" lon="118.53419029809241">
        <ele>12.852184084244072</ele>
        <time>2024-11-05T14:07:39Z</time>
      </trkpt>
      <trkpt lat="24.915561930196066" lon="118.53421921306716">
        <ele>11.71537380758673</ele>
        <time>2024-11-05T14:07:48Z</time>
      </trkpt>
      <trkpt lat="24.91590178267572" lon="118.53428710534683">
        <ele>12.209321398288012</ele>
        <time>2024-11-05T14:08:00Z</time>
      </trkpt>
      <trkpt lat="24.916252115792265" lon="118.53437120508396">
        <ele>12.510902814567089</ele>
        <time>2024-11-05T14:08:12Z</time>
      </trkpt>
      <trkpt lat="24.91661457565352" lon="118.53442783205827">
        <ele>12.419129171408713</ele>
        <time>2024-11-05T14:08:24Z</time>
      </trkpt>
      <trkpt lat="24.916971896229466" lon="118.53451054938442">
        <ele>14.350513963960111</ele>
        <time>2024-11-05T14:08:36Z</time>
      </trkpt>
      <trkpt lat="24.91726156384951" lon="118.53456482862677">
        <ele>14.782850303687155</ele>
        <time>2024-11-05T14:08:45Z</time>
      </trkpt>
      <trkpt lat="24.917558592025383" lon="118.5346213126739">
        <ele>14.188439465127885</ele>
        <time>2024-11-05T14:08:54Z</time>
      </trkpt>
      <trkpt lat="24.917834038750293" lon="118.53468777683385">
        <ele>14.074797929264605</ele>
        <time>2024-11-05T14:09:03Z</time>
      </trkpt>
      <trkpt lat="24.918117858760226" lon="118.5347449938405">
        <ele>13.752916551195085</ele>
        <time>2024-11-05T14:09:12Z</time>
      </trkpt>
      <trkpt lat="24.91841090002873" lon="118.53481847051022">
        <ele>12.124742378480732</ele>
        <time>2024-11-05T14:09:21Z</time>
      </trkpt>
      <trkpt lat="24.918564785224135" lon="118.53492427908064">
        <ele>12.061376814730465</ele>
        <time>2024-11-05T14:09:27Z</time>
      </trkpt>
      <trkpt lat="24.91861380642046" lon="118.53501254364788">
        <ele>12.059193398803473</ele>
        <time>2024-11-05T14:09:30Z</time>
      </trkpt>
      <trkpt lat="24.918639096555918" lon="118.53510720467976">
        <ele>10.983378828503191</ele>
        <time>2024-11-05T14:09:33Z</time>
      </trkpt>
      <trkpt lat="24.918645292021473" lon="118.5352020452846">
        <ele>10.70172546710819</ele>
        <time>2024-11-05T14:09:36Z</time>
      </trkpt>
      <trkpt lat="24.91851545390469" lon="118.53557385887522">
        <ele>9.309471304528415</ele>
        <time>2024-11-05T14:09:48Z</time>
      </trkpt>
      <trkpt lat="24.918468352308434" lon="118.53567092086922">
        <ele>10.104137337766588</ele>
        <time>2024-11-05T14:09:51Z</time>
      </trkpt>
      <trkpt lat="24.918399149010515" lon="118.53595073734961">
        <ele>9.608027034439147</ele>
        <time>2024-11-05T14:10:00Z</time>
      </trkpt>
      <trkpt lat="24.918253232665315" lon="118.53623738101865">
        <ele>9.868422022089362</ele>
        <time>2024-11-05T14:10:09Z</time>
      </trkpt>
      <trkpt lat="24.91812686959405" lon="118.53650795962041">
        <ele>10.429127902723849</ele>
        <time>2024-11-05T14:10:18Z</time>
      </trkpt>
      <trkpt lat="24.918005096931893" lon="118.53684353896617">
        <ele>9.666566231288016</ele>
        <time>2024-11-05T14:10:30Z</time>
      </trkpt>
      <trkpt lat="24.917870445377552" lon="118.53714273353867">
        <ele>9.797693490050733</ele>
        <time>2024-11-05T14:10:39Z</time>
      </trkpt>
      <trkpt lat="24.917808700110093" lon="118.53725527663656">
        <ele>9.424579947255552</ele>
        <time>2024-11-05T14:10:42Z</time>
      </trkpt>
      <trkpt lat="24.917742679268407" lon="118.53745289096663">
        <ele>9.95872363820672</ele>
        <time>2024-11-05T14:10:48Z</time>
      </trkpt>
      <trkpt lat="24.91769863551952" lon="118.53752958983465">
        <ele>9.873567179776728</ele>
        <time>2024-11-05T14:10:51Z</time>
      </trkpt>
      <trkpt lat="24.91764179708052" lon="118.53772238995363">
        <ele>10.149621305987239</ele>
        <time>2024-11-05T14:10:57Z</time>
      </trkpt>
      <trkpt lat="24.91757845663469" lon="118.53781427893865">
        <ele>10.0336469495669</ele>
        <time>2024-11-05T14:11:00Z</time>
      </trkpt>
      <trkpt lat="24.917541859195655" lon="118.53791306585826">
        <ele>10.031739111989737</ele>
        <time>2024-11-05T14:11:03Z</time>
      </trkpt>
      <trkpt lat="24.917526037455595" lon="118.53800744192526">
        <ele>9.99289532750845</ele>
        <time>2024-11-05T14:11:06Z</time>
      </trkpt>
      <trkpt lat="24.91738422473219" lon="118.53829739805126">
        <ele>10.261517017148435</ele>
        <time>2024-11-05T14:11:15Z</time>
      </trkpt>
      <trkpt lat="24.91736293566181" lon="118.5383983895676">
        <ele>10.07943157851696</ele>
        <time>2024-11-05T14:11:18Z</time>
      </trkpt>
      <trkpt lat="24.91724150870389" lon="118.53867252755175">
        <ele>9.846998317167163</ele>
        <time>2024-11-05T14:11:27Z</time>
      </trkpt>
      <trkpt lat="24.917155987742692" lon="118.53884817299353">
        <ele>9.944502751342952</ele>
        <time>2024-11-05T14:11:33Z</time>
      </trkpt>
      <trkpt lat="24.91712817192138" lon="118.53896660831532">
        <ele>9.97751353494823</ele>
        <time>2024-11-05T14:11:36Z</time>
      </trkpt>
      <trkpt lat="24.917134017401846" lon="118.53906831005202">
        <ele>10.058916861191392</ele>
        <time>2024-11-05T14:11:39Z</time>
      </trkpt>
      <trkpt lat="24.91710576086131" lon="118.53917915491225">
        <ele>9.94777820724994</ele>
        <time>2024-11-05T14:11:42Z</time>
      </trkpt>
      <trkpt lat="24.91710773899881" lon="118.53931312459477">
        <ele>9.818726487457752</ele>
        <time>2024-11-05T14:11:45Z</time>
      </trkpt>
      <trkpt lat="24.916972372222915" lon="118.53959539314359">
        <ele>10.073088499717414</ele>
        <time>2024-11-05T14:11:54Z</time>
      </trkpt>
      <trkpt lat="24.91692097351941" lon="118.53970498837353">
        <ele>10.010701024904847</ele>
        <time>2024-11-05T14:11:57Z</time>
      </trkpt>
      <trkpt lat="24.916854353539893" lon="118.53977810999551">
        <ele>9.715662534348667</ele>
        <time>2024-11-05T14:12:00Z</time>
      </trkpt>
      <trkpt lat="24.916803861047136" lon="118.53986724087959">
        <ele>9.92835901863873</ele>
        <time>2024-11-05T14:12:03Z</time>
      </trkpt>
      <trkpt lat="24.916657473206318" lon="118.54003582061264">
        <ele>9.731989015825093</ele>
        <time>2024-11-05T14:12:09Z</time>
      </trkpt>
      <trkpt lat="24.916574902828764" lon="118.54020445557713">
        <ele>10.430651771835983</ele>
        <time>2024-11-05T14:12:15Z</time>
      </trkpt>
      <trkpt lat="24.916524540010528" lon="118.54051688513977">
        <ele>14.227272154763341</ele>
        <time>2024-11-05T14:12:24Z</time>
      </trkpt>
      <trkpt lat="24.916506596483956" lon="118.54085538173426">
        <ele>13.371245832182467</ele>
        <time>2024-11-05T14:12:33Z</time>
      </trkpt>
      <trkpt lat="24.916539420877193" lon="118.54115598817062">
        <ele>12.454233249649405</ele>
        <time>2024-11-05T14:12:42Z</time>
      </trkpt>
      <trkpt lat="24.91656516090012" lon="118.54135966140942">
        <ele>12.10555438324809</ele>
        <time>2024-11-05T14:12:48Z</time>
      </trkpt>
      <trkpt lat="24.91671938781288" lon="118.5416318823689">
        <ele>12.018514241091907</ele>
        <time>2024-11-05T14:12:57Z</time>
      </trkpt>
      <trkpt lat="24.91668710496217" lon="118.54175007090927">
        <ele>12.35055223479867</ele>
        <time>2024-11-05T14:13:00Z</time>
      </trkpt>
      <trkpt lat="24.916635983708954" lon="118.54186359925318">
        <ele>12.81685414351523</ele>
        <time>2024-11-05T14:13:03Z</time>
      </trkpt>
      <trkpt lat="24.916572572051997" lon="118.54195403324059">
        <ele>12.433517870493233</ele>
        <time>2024-11-05T14:13:06Z</time>
      </trkpt>
      <trkpt lat="24.9162998050691" lon="118.54208459013806">
        <ele>11.781098287552595</ele>
        <time>2024-11-05T14:13:15Z</time>
      </trkpt>
      <trkpt lat="24.916199173679544" lon="118.54211363998499">
        <ele>11.651670611463487</ele>
        <time>2024-11-05T14:13:18Z</time>
      </trkpt>
      <trkpt lat="24.915923450685703" lon="118.54227081820146">
        <ele>12.582552249543369</ele>
        <time>2024-11-05T14:13:27Z</time>
      </trkpt>
      <trkpt lat="24.915826935848557" lon="118.5423132133872">
        <ele>12.261128558777273</ele>
        <time>2024-11-05T14:13:30Z</time>
      </trkpt>
      <trkpt lat="24.915508095619355" lon="118.5423689532267">
        <ele>12.521277928724885</ele>
        <time>2024-11-05T14:13:39Z</time>
      </trkpt>
      <trkpt lat="24.915327034469556" lon="118.54245015932591">
        <ele>12.466304385103285</ele>
        <time>2024-11-05T14:13:45Z</time>
      </trkpt>
      <trkpt lat="24.91514245575153" lon="118.54243825046223">
        <ele>12.518705658614635</ele>
        <time>2024-11-05T14:13:51Z</time>
      </trkpt>
      <trkpt lat="24.914862368496706" lon="118.54249857824702">
        <ele>10.47164761647582</ele>
        <time>2024-11-05T14:14:00Z</time>
      </trkpt>
      <trkpt lat="24.914600120987945" lon="118.54257145103284">
        <ele>11.015487615019083</ele>
        <time>2024-11-05T14:14:09Z</time>
      </trkpt>
      <trkpt lat="24.914492353543057" lon="118.54257214765535">
        <ele>9.960523745045066</ele>
        <time>2024-11-05T14:14:12Z</time>
      </trkpt>
      <trkpt lat="24.91421629977039" lon="118.54265472378124">
        <ele>9.766073448583484</ele>
        <time>2024-11-05T14:14:21Z</time>
      </trkpt>
      <trkpt lat="24.914122913633886" lon="118.54269078923949">
        <ele>9.706717800348997</ele>
        <time>2024-11-05T14:14:24Z</time>
      </trkpt>
      <trkpt lat="24.913933517698855" lon="118.54269122850344">
        <ele>9.706931378692389</ele>
        <time>2024-11-05T14:14:30Z</time>
      </trkpt>
      <trkpt lat="24.913846135760004" lon="118.5427069213346">
        <ele>9.171679057180882</ele>
        <time>2024-11-05T14:14:33Z</time>
      </trkpt>
      <trkpt lat="24.9137823343786" lon="118.54274055068012">
        <ele>8.932756258174777</ele>
        <time>2024-11-05T14:14:36Z</time>
      </trkpt>
      <trkpt lat="24.913505420393907" lon="118.54281447741066">
        <ele>8.144970449618995</ele>
        <time>2024-11-05T14:14:45Z</time>
      </trkpt>
      <trkpt lat="24.91321507696007" lon="118.54283675427565">
        <ele>7.705903806723654</ele>
        <time>2024-11-05T14:14:54Z</time>
      </trkpt>
      <trkpt lat="24.913026099787448" lon="118.54287241679141">
        <ele>6.818002790212631</ele>
        <time>2024-11-05T14:15:00Z</time>
      </trkpt>
      <trkpt lat="24.912945643107708" lon="118.54291004305686">
        <ele>7.730777055956423</ele>
        <time>2024-11-05T14:15:03Z</time>
      </trkpt>
      <trkpt lat="24.912651919585112" lon="118.5429794623424">
        <ele>8.435494403354824</ele>
        <time>2024-11-05T14:15:12Z</time>
      </trkpt>
      <trkpt lat="24.91238313349827" lon="118.5430680485181">
        <ele>8.22119917627424</ele>
        <time>2024-11-05T14:15:21Z</time>
      </trkpt>
      <trkpt lat="24.91210926891017" lon="118.54314621269077">
        <ele>8.24759169202298</ele>
        <time>2024-11-05T14:15:30Z</time>
      </trkpt>
      <trkpt lat="24.911940336095043" lon="118.543206476254">
        <ele>8.025566659867764</ele>
        <time>2024-11-05T14:15:36Z</time>
      </trkpt>
      <trkpt lat="24.911668720459005" lon="118.54325140282137">
        <ele>8.24619718734175</ele>
        <time>2024-11-05T14:15:45Z</time>
      </trkpt>
      <trkpt lat="24.91149534309199" lon="118.54329614317501">
        <ele>8.321472278796136</ele>
        <time>2024-11-05T14:15:51Z</time>
      </trkpt>
      <trkpt lat="24.91140058760892" lon="118.54328859553955">
        <ele>7.908080838620663</ele>
        <time>2024-11-05T14:15:54Z</time>
      </trkpt>
      <trkpt lat="24.911116271928666" lon="118.54335506598463">
        <ele>7.979501293040812</ele>
        <time>2024-11-05T14:16:03Z</time>
      </trkpt>
      <trkpt lat="24.910824790873537" lon="118.54338280832064">
        <ele>7.882532633841038</ele>
        <time>2024-11-05T14:16:12Z</time>
      </trkpt>
      <trkpt lat="24.91054301833618" lon="118.54338962129064">
        <ele>7.960033577866852</ele>
        <time>2024-11-05T14:16:21Z</time>
      </trkpt>
      <trkpt lat="24.910460432905296" lon="118.54338093709589">
        <ele>7.909735437482595</ele>
        <time>2024-11-05T14:16:24Z</time>
      </trkpt>
      <trkpt lat="24.910163926158845" lon="118.54344968071086">
        <ele>7.4416650934144855</ele>
        <time>2024-11-05T14:16:33Z</time>
      </trkpt>
      <trkpt lat="24.909880177623" lon="118.54342564654503">
        <ele>7.557483929209411</ele>
        <time>2024-11-05T14:16:42Z</time>
      </trkpt>
      <trkpt lat="24.909593646477962" lon="118.54340062167235">
        <ele>7.24499901663512</ele>
        <time>2024-11-05T14:16:51Z</time>
      </trkpt>
      <trkpt lat="24.9092845010068" lon="118.54337233302712">
        <ele>6.731033560819924</ele>
        <time>2024-11-05T14:17:00Z</time>
      </trkpt>
      <trkpt lat="24.908999371891316" lon="118.5433497340477">
        <ele>7.111833356320858</ele>
        <time>2024-11-05T14:17:09Z</time>
      </trkpt>
      <trkpt lat="24.908678993479647" lon="118.54335964044797">
        <ele>6.860918649472296</ele>
        <time>2024-11-05T14:17:18Z</time>
      </trkpt>
      <trkpt lat="24.908396912234227" lon="118.54338033029133">
        <ele>7.302614381536841</ele>
        <time>2024-11-05T14:17:27Z</time>
      </trkpt>
      <trkpt lat="24.90810011232192" lon="118.54339397031802">
        <ele>7.934767374768853</ele>
        <time>2024-11-05T14:17:36Z</time>
      </trkpt>
      <trkpt lat="24.907847231088258" lon="118.54343184899449">
        <ele>8.017212515696883</ele>
        <time>2024-11-05T14:17:45Z</time>
      </trkpt>
      <trkpt lat="24.907555444855234" lon="118.54339179806662">
        <ele>7.910811176523566</ele>
        <time>2024-11-05T14:17:54Z</time>
      </trkpt>
      <trkpt lat="24.90747999492841" lon="118.54332789618962">
        <ele>7.984802233055234</ele>
        <time>2024-11-05T14:17:57Z</time>
      </trkpt>
      <trkpt lat="24.907455152323156" lon="118.54324577112196">
        <ele>7.929031734354794</ele>
        <time>2024-11-05T14:18:00Z</time>
      </trkpt>
      <trkpt lat="24.907592340854602" lon="118.54296372846392">
        <ele>8.115441959351301</ele>
        <time>2024-11-05T14:18:09Z</time>
      </trkpt>
      <trkpt lat="24.907681182125565" lon="118.54277986808074">
        <ele>7.964288651011884</ele>
        <time>2024-11-05T14:18:15Z</time>
      </trkpt>
      <trkpt lat="24.907769502786472" lon="118.54248176331592">
        <ele>8.373882892541587</ele>
        <time>2024-11-05T14:18:24Z</time>
      </trkpt>
      <trkpt lat="24.907840053162303" lon="118.54230803994538">
        <ele>8.162901036441326</ele>
        <time>2024-11-05T14:18:30Z</time>
      </trkpt>
      <trkpt lat="24.907840053162303" lon="118.54230803994538">
        <ele>8.162901036441326</ele>
        <time>2024-11-05T14:18:31Z</time>
      </trkpt>
      <trkpt lat="24.907847441925643" lon="118.54220667602058">
        <ele>8.1337572587654</ele>
        <time>2024-11-05T14:19:07Z</time>
      </trkpt>
      <trkpt lat="24.90777545160554" lon="118.54248888803744">
        <ele>8.377649468369782</ele>
        <time>2024-11-05T14:19:16Z</time>
      </trkpt>
      <trkpt lat="24.907644710197733" lon="118.54275877534157">
        <ele>8.488317905925214</ele>
        <time>2024-11-05T14:19:25Z</time>
      </trkpt>
      <trkpt lat="24.907495321701806" lon="118.54304934230115">
        <ele>8.016956074163318</ele>
        <time>2024-11-05T14:19:34Z</time>
      </trkpt>
      <trkpt lat="24.907462729674837" lon="118.54314835408168">
        <ele>7.873216428793967</ele>
        <time>2024-11-05T14:19:37Z</time>
      </trkpt>
      <trkpt lat="24.90744806747766" lon="118.54325720582771">
        <ele>7.899561814032495</ele>
        <time>2024-11-05T14:19:40Z</time>
      </trkpt>
      <trkpt lat="24.907521341450973" lon="118.54332533797272">
        <ele>8.179073051549494</ele>
        <time>2024-11-05T14:19:43Z</time>
      </trkpt>
      <trkpt lat="24.90769056379077" lon="118.5434055952578">
        <ele>7.051572251133621</ele>
        <time>2024-11-05T14:19:49Z</time>
      </trkpt>
      <trkpt lat="24.90805109448729" lon="118.54342083341034">
        <ele>7.739336164668202</ele>
        <time>2024-11-05T14:20:01Z</time>
      </trkpt>
      <trkpt lat="24.90834434131153" lon="118.54340645873361">
        <ele>7.155706923455</ele>
        <time>2024-11-05T14:20:10Z</time>
      </trkpt>
      <trkpt lat="24.908507877342036" lon="118.54341967979856">
        <ele>7.46624097879976</ele>
        <time>2024-11-05T14:20:16Z</time>
      </trkpt>
      <trkpt lat="24.908770788546917" lon="118.5433839846035">
        <ele>7.095842786133289</ele>
        <time>2024-11-05T14:20:25Z</time>
      </trkpt>
      <trkpt lat="24.908953090199038" lon="118.54332010575534">
        <ele>7.3752869023010135</ele>
        <time>2024-11-05T14:20:31Z</time>
      </trkpt>
      <trkpt lat="24.90894564407373" lon="118.54324535891118">
        <ele>7.644655645824969</ele>
        <time>2024-11-05T14:20:34Z</time>
      </trkpt>
      <trkpt lat="24.908747496230607" lon="118.54322604652829">
        <ele>7.970725568011403</ele>
        <time>2024-11-05T14:20:40Z</time>
      </trkpt>
      <trkpt lat="24.908591722067193" lon="118.54315085641619">
        <ele>7.9126972975209355</ele>
        <time>2024-11-05T14:20:46Z</time>
      </trkpt>
      <trkpt lat="24.908528393008993" lon="118.5430772836581">
        <ele>8.168666696175933</ele>
        <time>2024-11-05T14:20:49Z</time>
      </trkpt>
      <trkpt lat="24.90848931842" lon="118.54299681331797">
        <ele>7.959199366159737</ele>
        <time>2024-11-05T14:20:52Z</time>
      </trkpt>
      <trkpt lat="24.908515923021305" lon="118.54291733423906">
        <ele>6.811606767587364</ele>
        <time>2024-11-05T14:20:55Z</time>
      </trkpt>
      <trkpt lat="24.908626157604786" lon="118.54278133605798">
        <ele>7.142979232594371</ele>
        <time>2024-11-05T14:21:01Z</time>
      </trkpt>
      <trkpt lat="24.908631333121605" lon="118.54270114615261">
        <ele>7.487593731842935</ele>
        <time>2024-11-05T14:21:04Z</time>
      </trkpt>
      <trkpt lat="24.908612255480755" lon="118.54259306253643">
        <ele>7.637344096787274</ele>
        <time>2024-11-05T14:21:07Z</time>
      </trkpt>
      <trkpt lat="24.90856845818039" lon="118.54248767216032">
        <ele>7.256494825705886</ele>
        <time>2024-11-05T14:21:10Z</time>
      </trkpt>
      <trkpt lat="24.90852816473637" lon="118.54222813764383">
        <ele>7.673910372890532</ele>
        <time>2024-11-05T14:21:19Z</time>
      </trkpt>
      <trkpt lat="24.908626088517412" lon="118.5420240378317">
        <ele>7.470515947788954</ele>
        <time>2024-11-05T14:21:28Z</time>
      </trkpt>
      <trkpt lat="24.908661633878356" lon="118.54183523756143">
        <ele>7.157512899488211</ele>
        <time>2024-11-05T14:21:34Z</time>
      </trkpt>
      <trkpt lat="24.908712637018198" lon="118.54176051351351">
        <ele>6.96563729736954</ele>
        <time>2024-11-05T14:21:37Z</time>
      </trkpt>
      <trkpt lat="24.908777050259893" lon="118.5417070492686">
        <ele>7.0863474840298295</ele>
        <time>2024-11-05T14:21:40Z</time>
      </trkpt>
      <trkpt lat="24.908795115535884" lon="118.54153891224715">
        <ele>7.407433253712952</ele>
        <time>2024-11-05T14:21:44Z</time>
      </trkpt>
      <trkpt lat="24.90883099647443" lon="118.54147274419516">
        <ele>7.378598030656576</ele>
        <time>2024-11-05T14:21:47Z</time>
      </trkpt>
      <trkpt lat="24.90885397123298" lon="118.54135646885992">
        <ele>7.190733131952584</ele>
        <time>2024-11-05T14:21:50Z</time>
      </trkpt>
      <trkpt lat="24.90880854786149" lon="118.54098423455424">
        <ele>8.602396502159536</ele>
        <time>2024-11-05T14:21:59Z</time>
      </trkpt>
      <trkpt lat="24.908846113717697" lon="118.54089203746634">
        <ele>8.20873083267361</ele>
        <time>2024-11-05T14:22:02Z</time>
      </trkpt>
      <trkpt lat="24.908873712249992" lon="118.54055623353956">
        <ele>7.313675024546683</ele>
        <time>2024-11-05T14:22:11Z</time>
      </trkpt>
      <trkpt lat="24.908868024806807" lon="118.54044071376686">
        <ele>7.291153428144753</ele>
        <time>2024-11-05T14:22:14Z</time>
      </trkpt>
      <trkpt lat="24.908895246079727" lon="118.54032920327151">
        <ele>7.280220273882151</ele>
        <time>2024-11-05T14:22:17Z</time>
      </trkpt>
      <trkpt lat="24.908900748801347" lon="118.54010861901261">
        <ele>6.880831611342728</ele>
        <time>2024-11-05T14:22:23Z</time>
      </trkpt>
      <trkpt lat="24.908833386806393" lon="118.53990788432839">
        <ele>7.928396455012262</ele>
        <time>2024-11-05T14:22:29Z</time>
      </trkpt>
      <trkpt lat="24.908732441374507" lon="118.53977251132635">
        <ele>7.344366594217718</ele>
        <time>2024-11-05T14:22:35Z</time>
      </trkpt>
      <trkpt lat="24.908760124878256" lon="118.53965430948301">
        <ele>7.2421942772343755</ele>
        <time>2024-11-05T14:22:39Z</time>
      </trkpt>
      <trkpt lat="24.90884466703276" lon="118.53948108664642">
        <ele>8.47425344120711</ele>
        <time>2024-11-05T14:22:45Z</time>
      </trkpt>
      <trkpt lat="24.90893296276926" lon="118.5391889311487">
        <ele>7.746322060935199</ele>
        <time>2024-11-05T14:22:54Z</time>
      </trkpt>
      <trkpt lat="24.909063526816983" lon="118.5389080033402">
        <ele>7.759627293795347</ele>
        <time>2024-11-05T14:23:03Z</time>
      </trkpt>
      <trkpt lat="24.90909583132028" lon="118.53870688743892">
        <ele>7.778193943202496</ele>
        <time>2024-11-05T14:23:09Z</time>
      </trkpt>
      <trkpt lat="24.909095554694794" lon="118.53862201510817">
        <ele>7.856697414070368</ele>
        <time>2024-11-05T14:23:12Z</time>
      </trkpt>
      <trkpt lat="24.909129548360088" lon="118.53842491141927">
        <ele>8.259278440847993</ele>
        <time>2024-11-05T14:23:18Z</time>
      </trkpt>
      <trkpt lat="24.90920755682776" lon="118.53812050463797">
        <ele>8.054744152352214</ele>
        <time>2024-11-05T14:23:28Z</time>
      </trkpt>
      <trkpt lat="24.90928639982255" lon="118.53776668185466">
        <ele>7.9876704048365355</ele>
        <time>2024-11-05T14:23:39Z</time>
      </trkpt>
      <trkpt lat="24.909323911656877" lon="118.53766120328532">
        <ele>8.335646910592914</ele>
        <time>2024-11-05T14:23:42Z</time>
      </trkpt>
      <trkpt lat="24.909341845097803" lon="118.53735412770298">
        <ele>9.368176794610918</ele>
        <time>2024-11-05T14:23:51Z</time>
      </trkpt>
      <trkpt lat="24.909371724458794" lon="118.53728482778027">
        <ele>9.41378671862185</ele>
        <time>2024-11-05T14:23:54Z</time>
      </trkpt>
      <trkpt lat="24.909408832635872" lon="118.53704763277793">
        <ele>9.800298715010285</ele>
        <time>2024-11-05T14:24:00Z</time>
      </trkpt>
      <trkpt lat="24.909483893470384" lon="118.53674745046443">
        <ele>9.885047990828753</ele>
        <time>2024-11-05T14:24:09Z</time>
      </trkpt>
      <trkpt lat="24.90958482006478" lon="118.53636733263733">
        <ele>9.57336715515703</ele>
        <time>2024-11-05T14:24:21Z</time>
      </trkpt>
      <trkpt lat="24.90964125818687" lon="118.53606044375799">
        <ele>9.670452383346856</ele>
        <time>2024-11-05T14:24:30Z</time>
      </trkpt>
      <trkpt lat="24.909643995439225" lon="118.53595208066186">
        <ele>10.020841845311224</ele>
        <time>2024-11-05T14:24:33Z</time>
      </trkpt>
      <trkpt lat="24.90969763926948" lon="118.53563165178038">
        <ele>9.873396599665284</ele>
        <time>2024-11-05T14:24:42Z</time>
      </trkpt>
      <trkpt lat="24.909750495367437" lon="118.53531858841583">
        <ele>9.40553087554872</ele>
        <time>2024-11-05T14:24:51Z</time>
      </trkpt>
      <trkpt lat="24.90976792161758" lon="118.53497872025848">
        <ele>8.144335120916367</ele>
        <time>2024-11-05T14:25:00Z</time>
      </trkpt>
      <trkpt lat="24.90980710843927" lon="118.53461020250789">
        <ele>7.617209896445274</ele>
        <time>2024-11-05T14:25:12Z</time>
      </trkpt>
      <trkpt lat="24.90984050584965" lon="118.53429648560842">
        <ele>7.753754549659789</ele>
        <time>2024-11-05T14:25:21Z</time>
      </trkpt>
      <trkpt lat="24.909859704118055" lon="118.53408283058602">
        <ele>7.609361491166055</ele>
        <time>2024-11-05T14:25:27Z</time>
      </trkpt>
      <trkpt lat="24.909898065929497" lon="118.53396582071134">
        <ele>7.108798154629767</ele>
        <time>2024-11-05T14:25:31Z</time>
      </trkpt>
      <trkpt lat="24.909955346666322" lon="118.53388911618562">
        <ele>7.528016009368002</ele>
        <time>2024-11-05T14:25:34Z</time>
      </trkpt>
      <trkpt lat="24.910071995117256" lon="118.53383591090751">
        <ele>7.619775586761534</ele>
        <time>2024-11-05T14:25:38Z</time>
      </trkpt>
      <trkpt lat="24.91037810402348" lon="118.53379518971762">
        <ele>8.936144014820457</ele>
        <time>2024-11-05T14:25:48Z</time>
      </trkpt>
      <trkpt lat="24.910657792500498" lon="118.5337901503063">
        <ele>10.139724945649505</ele>
        <time>2024-11-05T14:25:57Z</time>
      </trkpt>
      <trkpt lat="24.910983325320036" lon="118.53375823077866">
        <ele>10.344472699798644</ele>
        <time>2024-11-05T14:26:06Z</time>
      </trkpt>
      <trkpt lat="24.911273837142385" lon="118.53374512002154">
        <ele>10.112955642864108</ele>
        <time>2024-11-05T14:26:15Z</time>
      </trkpt>
      <trkpt lat="24.91156021139209" lon="118.53376661716895">
        <ele>9.761346583254635</ele>
        <time>2024-11-05T14:26:24Z</time>
      </trkpt>
      <trkpt lat="24.911838003911868" lon="118.53377330756638">
        <ele>10.190840219147503</ele>
        <time>2024-11-05T14:26:33Z</time>
      </trkpt>
      <trkpt lat="24.912128740376072" lon="118.53378289439951">
        <ele>10.887640052475035</ele>
        <time>2024-11-05T14:26:42Z</time>
      </trkpt>
      <trkpt lat="24.912415820978204" lon="118.53375484381527">
        <ele>9.724914220161736</ele>
        <time>2024-11-05T14:26:51Z</time>
      </trkpt>
      <trkpt lat="24.9125208168344" lon="118.53374712207093">
        <ele>9.660914459265769</ele>
        <time>2024-11-05T14:26:54Z</time>
      </trkpt>
      <trkpt lat="24.9128144771305" lon="118.53375280629623">
        <ele>11.025821049697697</ele>
        <time>2024-11-05T14:27:03Z</time>
      </trkpt>
      <trkpt lat="24.912987278465494" lon="118.53378830278663">
        <ele>10.941169075667858</ele>
        <time>2024-11-05T14:27:09Z</time>
      </trkpt>
      <trkpt lat="24.913070875450988" lon="118.5338306952764">
        <ele>11.057793988846242</ele>
        <time>2024-11-05T14:27:12Z</time>
      </trkpt>
      <trkpt lat="24.913346990059026" lon="118.53388707108148">
        <ele>8.927329729311168</ele>
        <time>2024-11-05T14:27:21Z</time>
      </trkpt>
      <trkpt lat="24.91353427710418" lon="118.5339059772032">
        <ele>9.097616348415613</ele>
        <time>2024-11-05T14:27:27Z</time>
      </trkpt>
      <trkpt lat="24.913626555955695" lon="118.53393477108686">
        <ele>10.022291806526482</ele>
        <time>2024-11-05T14:27:30Z</time>
      </trkpt>
      <trkpt lat="24.913937659486272" lon="118.5339549251599">
        <ele>10.994416731409729</ele>
        <time>2024-11-05T14:27:40Z</time>
      </trkpt>
      <trkpt lat="24.9141427393116" lon="118.53396985381161">
        <ele>10.629852107726038</ele>
        <time>2024-11-05T14:27:46Z</time>
      </trkpt>
      <trkpt lat="24.91444889173538" lon="118.53403503125391">
        <ele>11.71611363440752</ele>
        <time>2024-11-05T14:27:56Z</time>
      </trkpt>
      <trkpt lat="24.91479056950485" lon="118.53410064146117">
        <ele>12.911177014932036</ele>
        <time>2024-11-05T14:28:08Z</time>
      </trkpt>
      <trkpt lat="24.91486739549615" lon="118.53413028229612">
        <ele>12.095398099161685</ele>
        <time>2024-11-05T14:28:11Z</time>
      </trkpt>
      <trkpt lat="24.915171770087706" lon="118.5341497619797">
        <ele>12.668511596508324</ele>
        <time>2024-11-05T14:28:20Z</time>
      </trkpt>
      <trkpt lat="24.915462302712093" lon="118.53420249967496">
        <ele>12.6691760038957</ele>
        <time>2024-11-05T14:28:29Z</time>
      </trkpt>
      <trkpt lat="24.915731986827048" lon="118.53426051301817">
        <ele>12.060970665886998</ele>
        <time>2024-11-05T14:28:38Z</time>
      </trkpt>
      <trkpt lat="24.916003336989824" lon="118.53431163224039">
        <ele>12.354363488033414</ele>
        <time>2024-11-05T14:28:47Z</time>
      </trkpt>
      <trkpt lat="24.91629300588598" lon="118.53436800464458">
        <ele>12.649605873972178</ele>
        <time>2024-11-05T14:28:56Z</time>
      </trkpt>
      <trkpt lat="24.916576042848423" lon="118.53440102095058">
        <ele>12.85359428729862</ele>
        <time>2024-11-05T14:29:05Z</time>
      </trkpt>
      <trkpt lat="24.91685775613199" lon="118.53446381345569">
        <ele>14.230729419738054</ele>
        <time>2024-11-05T14:29:14Z</time>
      </trkpt>
      <trkpt lat="24.917142129157323" lon="118.534509811807">
        <ele>14.460798986256123</ele>
        <time>2024-11-05T14:29:23Z</time>
      </trkpt>
      <trkpt lat="24.91742329478211" lon="118.53457332565334">
        <ele>14.445086233317852</ele>
        <time>2024-11-05T14:29:32Z</time>
      </trkpt>
      <trkpt lat="24.91770870599589" lon="118.53464907123762">
        <ele>14.279401353560388</ele>
        <time>2024-11-05T14:29:41Z</time>
      </trkpt>
      <trkpt lat="24.918071689710835" lon="118.53473849354485">
        <ele>14.045069458894432</ele>
        <time>2024-11-05T14:29:52Z</time>
      </trkpt>
      <trkpt lat="24.918148651785305" lon="118.53474423567893">
        <ele>13.51570083014667</ele>
        <time>2024-11-05T14:29:55Z</time>
      </trkpt>
      <trkpt lat="24.918425048323307" lon="118.53482946904656">
        <ele>13.340237000957131</ele>
        <time>2024-11-05T14:30:04Z</time>
      </trkpt>
      <trkpt lat="24.918516278665415" lon="118.53487233398067">
        <ele>13.824381592683494</ele>
        <time>2024-11-05T14:30:07Z</time>
      </trkpt>
      <trkpt lat="24.91858437700091" lon="118.53494530494032">
        <ele>13.129721093922853</ele>
        <time>2024-11-05T14:30:10Z</time>
      </trkpt>
      <trkpt lat="24.91863789573657" lon="118.53503824791557">
        <ele>12.345065393485129</ele>
        <time>2024-11-05T14:30:13Z</time>
      </trkpt>
      <trkpt lat="24.9186619424942" lon="118.53513732337512">
        <ele>12.498101620003581</ele>
        <time>2024-11-05T14:30:16Z</time>
      </trkpt>
      <trkpt lat="24.91866092077182" lon="118.53523587975985">
        <ele>11.189009342342615</ele>
        <time>2024-11-05T14:30:19Z</time>
      </trkpt>
      <trkpt lat="24.918555505942663" lon="118.53551468500225">
        <ele>10.693954082205892</ele>
        <time>2024-11-05T14:30:28Z</time>
      </trkpt>
      <trkpt lat="24.918486111797613" lon="118.53570089911251">
        <ele>10.3378817839548</ele>
        <time>2024-11-05T14:30:34Z</time>
      </trkpt>
      <trkpt lat="24.918407755669662" lon="118.53599219541785">
        <ele>10.054447503760457</ele>
        <time>2024-11-05T14:30:43Z</time>
      </trkpt>
      <trkpt lat="24.918243868114345" lon="118.53625848536745">
        <ele>9.778334178961813</ele>
        <time>2024-11-05T14:30:52Z</time>
      </trkpt>
      <trkpt lat="24.918138131197527" lon="118.53654278558415">
        <ele>9.915618118830025</ele>
        <time>2024-11-05T14:31:01Z</time>
      </trkpt>
      <trkpt lat="24.917992901382696" lon="118.53688166728327">
        <ele>9.888373526744545</ele>
        <time>2024-11-05T14:31:13Z</time>
      </trkpt>
      <trkpt lat="24.91783407942664" lon="118.53714387931025">
        <ele>9.652928184717894</ele>
        <time>2024-11-05T14:31:22Z</time>
      </trkpt>
      <trkpt lat="24.91771367862891" lon="118.53744180274272">
        <ele>9.782033424824476</ele>
        <time>2024-11-05T14:31:31Z</time>
      </trkpt>
      <trkpt lat="24.917575631098924" lon="118.53773115438942">
        <ele>9.72732712328434</ele>
        <time>2024-11-05T14:31:40Z</time>
      </trkpt>
      <trkpt lat="24.917497975928036" lon="118.53791720709127">
        <ele>9.723595694638789</ele>
        <time>2024-11-05T14:31:46Z</time>
      </trkpt>
      <trkpt lat="24.917467807196722" lon="118.53805494692133">
        <ele>9.974113759584725</ele>
        <time>2024-11-05T14:31:50Z</time>
      </trkpt>
      <trkpt lat="24.917308595628974" lon="118.53838131240394">
        <ele>9.529507180675864</ele>
        <time>2024-11-05T14:32:01Z</time>
      </trkpt>
      <trkpt lat="24.917294440571784" lon="118.53849840566753">
        <ele>9.844586303457618</ele>
        <time>2024-11-05T14:32:04Z</time>
      </trkpt>
      <trkpt lat="24.917205194658322" lon="118.53870407795254">
        <ele>9.628936192952096</ele>
        <time>2024-11-05T14:32:10Z</time>
      </trkpt>
      <trkpt lat="24.91716000457991" lon="118.53877257739207">
        <ele>9.657954089343548</ele>
        <time>2024-11-05T14:32:13Z</time>
      </trkpt>
      <trkpt lat="24.917095863324494" lon="118.53897767350149">
        <ele>10.319822238758206</ele>
        <time>2024-11-05T14:32:19Z</time>
      </trkpt>
      <trkpt lat="24.91706187116703" lon="118.53920005103461">
        <ele>10.162422023713589</ele>
        <time>2024-11-05T14:32:25Z</time>
      </trkpt>
      <trkpt lat="24.917031082951777" lon="118.5393021287574">
        <ele>9.23541071638465</ele>
        <time>2024-11-05T14:32:28Z</time>
      </trkpt>
      <trkpt lat="24.917024264141133" lon="118.5394087609269">
        <ele>9.666022947058082</ele>
        <time>2024-11-05T14:32:31Z</time>
      </trkpt>
      <trkpt lat="24.91690099707431" lon="118.53972566488552">
        <ele>9.44188645388931</ele>
        <time>2024-11-05T14:32:40Z</time>
      </trkpt>
      <trkpt lat="24.916696882335806" lon="118.53999056755382">
        <ele>10.007600787095726</ele>
        <time>2024-11-05T14:32:49Z</time>
      </trkpt>
      <trkpt lat="24.91658340523111" lon="118.54015445782792">
        <ele>10.607215538620949</ele>
        <time>2024-11-05T14:32:55Z</time>
      </trkpt>
      <trkpt lat="24.916535453211466" lon="118.54034280423902">
        <ele>10.984166130423546</ele>
        <time>2024-11-05T14:33:01Z</time>
      </trkpt>
      <trkpt lat="24.91651594400577" lon="118.54067845418537">
        <ele>12.076043078675866</ele>
        <time>2024-11-05T14:33:10Z</time>
      </trkpt>
      <trkpt lat="24.916530593433684" lon="118.54078057633194">
        <ele>13.075892084278166</ele>
        <time>2024-11-05T14:33:13Z</time>
      </trkpt>
      <trkpt lat="24.916526657177872" lon="118.54088433248184">
        <ele>12.685346618294716</ele>
        <time>2024-11-05T14:33:16Z</time>
      </trkpt>
      <trkpt lat="24.916573482242846" lon="118.5411872710929">
        <ele>12.830298879183829</ele>
        <time>2024-11-05T14:33:25Z</time>
      </trkpt>
      <trkpt lat="24.916670319918982" lon="118.54147910567795">
        <ele>12.342691045254469</ele>
        <time>2024-11-05T14:33:34Z</time>
      </trkpt>
      <trkpt lat="24.916705226330972" lon="118.54157783424199">
        <ele>12.447026665322483</ele>
        <time>2024-11-05T14:33:37Z</time>
      </trkpt>
      <trkpt lat="24.916684266853885" lon="118.54168882449795">
        <ele>12.016919758170843</ele>
        <time>2024-11-05T14:33:40Z</time>
      </trkpt>
      <trkpt lat="24.916577067646163" lon="118.54188620708852">
        <ele>11.675606768578291</ele>
        <time>2024-11-05T14:33:46Z</time>
      </trkpt>
      <trkpt lat="24.91650418177751" lon="118.54195586740887">
        <ele>12.38123869895935</ele>
        <time>2024-11-05T14:33:49Z</time>
      </trkpt>
      <trkpt lat="24.91627802513509" lon="118.54202353537146">
        <ele>12.150050814263523</ele>
        <time>2024-11-05T14:33:56Z</time>
      </trkpt>
      <trkpt lat="24.91593374775484" lon="118.5421858330566">
        <ele>12.405897146090865</ele>
        <time>2024-11-05T14:34:07Z</time>
      </trkpt>
      <trkpt lat="24.915839677567682" lon="118.54221291935859">
        <ele>12.42394042480737</ele>
        <time>2024-11-05T14:34:10Z</time>
      </trkpt>
      <trkpt lat="24.91574799357662" lon="118.54227533027299">
        <ele>12.75144330598414</ele>
        <time>2024-11-05T14:34:13Z</time>
      </trkpt>
      <trkpt lat="24.91545929714499" lon="118.54234798757552">
        <ele>12.20246662106365</ele>
        <time>2024-11-05T14:34:22Z</time>
      </trkpt>
      <trkpt lat="24.915169945977784" lon="118.54239230904096">
        <ele>12.623331972397864</ele>
        <time>2024-11-05T14:34:31Z</time>
      </trkpt>
      <trkpt lat="24.915074227012187" lon="118.54239071168648">
        <ele>12.072142359800637</ele>
        <time>2024-11-05T14:34:34Z</time>
      </trkpt>
      <trkpt lat="24.91480480012991" lon="118.54246221850065">
        <ele>10.723231609910727</ele>
        <time>2024-11-05T14:34:43Z</time>
      </trkpt>
      <trkpt lat="24.91462692547798" lon="118.54250492800621">
        <ele>10.174080606549978</ele>
        <time>2024-11-05T14:34:49Z</time>
      </trkpt>
      <trkpt lat="24.91451861023712" lon="118.54249140578385">
        <ele>10.232146944850683</ele>
        <time>2024-11-05T14:34:52Z</time>
      </trkpt>
      <trkpt lat="24.914239738269192" lon="118.54255009430119">
        <ele>10.57489664759487</ele>
        <time>2024-11-05T14:35:01Z</time>
      </trkpt>
      <trkpt lat="24.91414726535124" lon="118.54258260971832">
        <ele>11.075822768732905</ele>
        <time>2024-11-05T14:35:04Z</time>
      </trkpt>
      <trkpt lat="24.914047500437157" lon="118.5425914931703">
        <ele>10.010181058198214</ele>
        <time>2024-11-05T14:35:07Z</time>
      </trkpt>
      <trkpt lat="24.913771027811027" lon="118.5426893336086">
        <ele>8.814929455518723</ele>
        <time>2024-11-05T14:35:16Z</time>
      </trkpt>
      <trkpt lat="24.913597313923724" lon="118.54274605316299">
        <ele>8.126494454219937</ele>
        <time>2024-11-05T14:35:22Z</time>
      </trkpt>
      <trkpt lat="24.913401681656214" lon="118.54278916844414">
        <ele>8.52496078889817</ele>
        <time>2024-11-05T14:35:28Z</time>
      </trkpt>
      <trkpt lat="24.91330748658511" lon="118.54279061235962">
        <ele>8.02342364192009</ele>
        <time>2024-11-05T14:35:31Z</time>
      </trkpt>
      <trkpt lat="24.913035036118938" lon="118.54284528265646">
        <ele>7.4358272682875395</ele>
        <time>2024-11-05T14:35:40Z</time>
      </trkpt>
      <trkpt lat="24.91274710524203" lon="118.54291695031527">
        <ele>8.543721190653741</ele>
        <time>2024-11-05T14:35:49Z</time>
      </trkpt>
      <trkpt lat="24.912380563013503" lon="118.54305741766407">
        <ele>8.482043921016157</ele>
        <time>2024-11-05T14:36:02Z</time>
      </trkpt>
      <trkpt lat="24.912052273334258" lon="118.54316129205158">
        <ele>7.661440356634557</ele>
        <time>2024-11-05T14:36:13Z</time>
      </trkpt>
      <trkpt lat="24.91188156919944" lon="118.54321497696765">
        <ele>8.204988541081548</ele>
        <time>2024-11-05T14:36:19Z</time>
      </trkpt>
      <trkpt lat="24.911601314674346" lon="118.54324688465069">
        <ele>8.646205975674093</ele>
        <time>2024-11-05T14:36:28Z</time>
      </trkpt>
      <trkpt lat="24.91133243338488" lon="118.54328681641361">
        <ele>8.468642592430115</ele>
        <time>2024-11-05T14:36:37Z</time>
      </trkpt>
      <trkpt lat="24.911041445929975" lon="118.54334626137631">
        <ele>7.929630804806948</ele>
        <time>2024-11-05T14:36:46Z</time>
      </trkpt>
      <trkpt lat="24.91083066390557" lon="118.54335169430934">
        <ele>6.6940919775515795</ele>
        <time>2024-11-05T14:36:52Z</time>
      </trkpt>
      <trkpt lat="24.910741043434193" lon="118.54337103005692">
        <ele>7.463517725467682</ele>
        <time>2024-11-05T14:36:55Z</time>
      </trkpt>
      <trkpt lat="24.910471814547016" lon="118.54336969716181">
        <ele>7.437462033703923</ele>
        <time>2024-11-05T14:37:04Z</time>
      </trkpt>
      <trkpt lat="24.910189351217294" lon="118.54343656602778">
        <ele>7.278985645622015</ele>
        <time>2024-11-05T14:37:13Z</time>
      </trkpt>
      <trkpt lat="24.910089593801473" lon="118.54343686023992">
        <ele>7.43541335593909</ele>
        <time>2024-11-05T14:37:16Z</time>
      </trkpt>
      <trkpt lat="24.909976887467092" lon="118.54340778859107">
        <ele>7.777673989534378</ele>
        <time>2024-11-05T14:37:19Z</time>
      </trkpt>
      <trkpt lat="24.909677695398518" lon="118.5434106687193">
        <ele>7.754462455399334</ele>
        <time>2024-11-05T14:37:28Z</time>
      </trkpt>
      <trkpt lat="24.90936795954504" lon="118.54339353019064">
        <ele>7.685153051279485</ele>
        <time>2024-11-05T14:37:37Z</time>
      </trkpt>
      <trkpt lat="24.909089802692446" lon="118.54339681060588">
        <ele>7.340936692431569</ele>
        <time>2024-11-05T14:37:46Z</time>
      </trkpt>
      <trkpt lat="24.90878033683813" lon="118.54336754435434">
        <ele>7.657011819072068</ele>
        <time>2024-11-05T14:37:55Z</time>
      </trkpt>
      <trkpt lat="24.908484284958977" lon="118.54336736395067">
        <ele>8.380133794620633</ele>
        <time>2024-11-05T14:38:04Z</time>
      </trkpt>
      <trkpt lat="24.90812753118845" lon="118.54339399571253">
        <ele>7.475694797933102</ele>
        <time>2024-11-05T14:38:15Z</time>
      </trkpt>
      <trkpt lat="24.90783179409729" lon="118.54341527434158">
        <ele>7.581409361213446</ele>
        <time>2024-11-05T14:38:25Z</time>
      </trkpt>
      <trkpt lat="24.90773118570257" lon="118.54340826780604">
        <ele>7.6063423762097955</ele>
        <time>2024-11-05T14:38:28Z</time>
      </trkpt>
      <trkpt lat="24.907570816809017" lon="118.5433450457665">
        <ele>7.504909511655569</ele>
        <time>2024-11-05T14:38:34Z</time>
      </trkpt>
      <trkpt lat="24.907496018560735" lon="118.54328874352817">
        <ele>7.986079013906419</ele>
        <time>2024-11-05T14:38:37Z</time>
      </trkpt>
      <trkpt lat="24.907492391160755" lon="118.5431870878593">
        <ele>7.733632097952068</ele>
        <time>2024-11-05T14:38:40Z</time>
      </trkpt>
      <trkpt lat="24.907624038247636" lon="118.54292109617292">
        <ele>7.700609177350998</ele>
        <time>2024-11-05T14:38:49Z</time>
      </trkpt>
      <trkpt lat="24.907722968329587" lon="118.5426468032822">
        <ele>7.61528982874006</ele>
        <time>2024-11-05T14:38:58Z</time>
      </trkpt>
      <trkpt lat="24.907748470952583" lon="118.54253542099224">
        <ele>7.9478987930342555</ele>
        <time>2024-11-05T14:39:01Z</time>
      </trkpt>
      <trkpt lat="24.907903611613214" lon="118.54217930389265">
        <ele>7.748662899248302</ele>
        <time>2024-11-05T14:39:13Z</time>
      </trkpt>
      <trkpt lat="24.908029576150305" lon="118.54187745850065">
        <ele>8.143378221429884</ele>
        <time>2024-11-05T14:39:22Z</time>
      </trkpt>
      <trkpt lat="24.908159166216464" lon="118.54159096929011">
        <ele>9.269587311893702</ele>
        <time>2024-11-05T14:39:31Z</time>
      </trkpt>
      <trkpt lat="24.908184088149056" lon="118.54149526985587">
        <ele>9.169178416021168</ele>
        <time>2024-11-05T14:39:34Z</time>
      </trkpt>
      <trkpt lat="24.90832843085498" lon="118.54122228498228">
        <ele>8.275727215223014</ele>
        <time>2024-11-05T14:39:43Z</time>
      </trkpt>
      <trkpt lat="24.908391300793912" lon="118.54113026093377">
        <ele>7.999238837510347</ele>
        <time>2024-11-05T14:39:46Z</time>
      </trkpt>
      <trkpt lat="24.90850182403893" lon="118.54082959477924">
        <ele>7.4976640129461884</ele>
        <time>2024-11-05T14:39:55Z</time>
      </trkpt>
      <trkpt lat="24.908547830260435" lon="118.54073279631298">
        <ele>7.428379379212856</ele>
        <time>2024-11-05T14:39:58Z</time>
      </trkpt>
      <trkpt lat="24.90864205794001" lon="118.5403970562342">
        <ele>7.427055148407817</ele>
        <time>2024-11-05T14:40:07Z</time>
      </trkpt>
      <trkpt lat="24.908750606245086" lon="118.54004723362569">
        <ele>7.587071198038757</ele>
        <time>2024-11-05T14:40:17Z</time>
      </trkpt>
      <trkpt lat="24.90884088563285" lon="118.5396732279079">
        <ele>7.335475672036409</ele>
        <time>2024-11-05T14:40:27Z</time>
      </trkpt>
      <trkpt lat="24.908869460705827" lon="118.53948355331512">
        <ele>7.615871734917164</ele>
        <time>2024-11-05T14:40:33Z</time>
      </trkpt>
      <trkpt lat="24.908969510659986" lon="118.53911709223424">
        <ele>7.683442539535463</ele>
        <time>2024-11-05T14:40:45Z</time>
      </trkpt>
      <trkpt lat="24.909058254592317" lon="118.53891300255817">
        <ele>7.741199476644397</ele>
        <time>2024-11-05T14:40:51Z</time>
      </trkpt>
      <trkpt lat="24.90912265310403" lon="118.53871133711401">
        <ele>7.275369959883392</ele>
        <time>2024-11-05T14:40:57Z</time>
      </trkpt>
      <trkpt lat="24.909172287412428" lon="118.53841572141026">
        <ele>7.804574220441282</ele>
        <time>2024-11-05T14:41:06Z</time>
      </trkpt>
      <trkpt lat="24.909210849619125" lon="118.53811496857863">
        <ele>8.311816194094718</ele>
        <time>2024-11-05T14:41:15Z</time>
      </trkpt>
      <trkpt lat="24.90927008430688" lon="118.53793684671396">
        <ele>8.11034532263875</ele>
        <time>2024-11-05T14:41:21Z</time>
      </trkpt>
      <trkpt lat="24.90934864503438" lon="118.53763952413787">
        <ele>8.728492355905473</ele>
        <time>2024-11-05T14:41:30Z</time>
      </trkpt>
      <trkpt lat="24.909365437996225" lon="118.53733614441478">
        <ele>9.964543416164815</ele>
        <time>2024-11-05T14:41:39Z</time>
      </trkpt>
      <trkpt lat="24.90944355204413" lon="118.53703163730647">
        <ele>9.752238722518086</ele>
        <time>2024-11-05T14:41:48Z</time>
      </trkpt>
      <trkpt lat="24.90952743088555" lon="118.5367010883284">
        <ele>9.717274334281683</ele>
        <time>2024-11-05T14:41:57Z</time>
      </trkpt>
      <trkpt lat="24.909652543231292" lon="118.53633033775375">
        <ele>9.66735150013119</ele>
        <time>2024-11-05T14:42:09Z</time>
      </trkpt>
      <trkpt lat="24.909633449838914" lon="118.53622277331021">
        <ele>10.134976332075894</ele>
        <time>2024-11-05T14:42:12Z</time>
      </trkpt>
      <trkpt lat="24.909665508416452" lon="118.53599811212997">
        <ele>9.709124323911965</ele>
        <time>2024-11-05T14:42:19Z</time>
      </trkpt>
      <trkpt lat="24.9096570001544" lon="118.53585227412222">
        <ele>10.20893036108464</ele>
        <time>2024-11-05T14:42:23Z</time>
      </trkpt>
      <trkpt lat="24.909709906051074" lon="118.53550711983466">
        <ele>9.728519543074071</ele>
        <time>2024-11-05T14:42:33Z</time>
      </trkpt>
      <trkpt lat="24.90976209117916" lon="118.53518457340039">
        <ele>10.147784463129938</ele>
        <time>2024-11-05T14:42:42Z</time>
      </trkpt>
      <trkpt lat="24.9097809105758" lon="118.53487473180468">
        <ele>8.238234529271722</ele>
        <time>2024-11-05T14:42:51Z</time>
      </trkpt>
      <trkpt lat="24.90981518739974" lon="118.53450453773584">
        <ele>7.809339283965528</ele>
        <time>2024-11-05T14:43:03Z</time>
      </trkpt>
      <trkpt lat="24.909836234698222" lon="118.53428625838367">
        <ele>7.560926612466574</ele>
        <time>2024-11-05T14:43:09Z</time>
      </trkpt>
      <trkpt lat="24.909863178246333" lon="118.53418080441067">
        <ele>8.249327111057937</ele>
        <time>2024-11-05T14:43:12Z</time>
      </trkpt>
      <trkpt lat="24.909869114461117" lon="118.53406945663941">
        <ele>7.883276427164674</ele>
        <time>2024-11-05T14:43:15Z</time>
      </trkpt>
      <trkpt lat="24.909895255726124" lon="118.53396759561194">
        <ele>7.842464298009872</ele>
        <time>2024-11-05T14:43:18Z</time>
      </trkpt>
      <trkpt lat="24.90994481154503" lon="118.53387915476783">
        <ele>7.653619049116969</ele>
        <time>2024-11-05T14:43:21Z</time>
      </trkpt>
      <trkpt lat="24.910024448494124" lon="118.53382836014208">
        <ele>8.067348904907703</ele>
        <time>2024-11-05T14:43:24Z</time>
      </trkpt>
      <trkpt lat="24.910300355605145" lon="118.53375864513637">
        <ele>9.54189218301326</ele>
        <time>2024-11-05T14:43:33Z</time>
      </trkpt>
      <trkpt lat="24.910393606392237" lon="118.53376513186267">
        <ele>9.207689184695482</ele>
        <time>2024-11-05T14:43:36Z</time>
      </trkpt>
      <trkpt lat="24.910676355121776" lon="118.53374321485386">
        <ele>9.788671327754855</ele>
        <time>2024-11-05T14:43:45Z</time>
      </trkpt>
      <trkpt lat="24.91096027782729" lon="118.53375347597006">
        <ele>9.545740066096187</ele>
        <time>2024-11-05T14:43:54Z</time>
      </trkpt>
      <trkpt lat="24.911248234160183" lon="118.5337439956207">
        <ele>10.642140046693385</ele>
        <time>2024-11-05T14:44:03Z</time>
      </trkpt>
      <trkpt lat="24.9113363681527" lon="118.53375517257803">
        <ele>10.137298049405217</ele>
        <time>2024-11-05T14:44:06Z</time>
      </trkpt>
      <trkpt lat="24.911614083175817" lon="118.53374155110033">
        <ele>10.55101783387363</ele>
        <time>2024-11-05T14:44:15Z</time>
      </trkpt>
      <trkpt lat="24.91192417603762" lon="118.533734991669">
        <ele>9.955688987858593</ele>
        <time>2024-11-05T14:44:25Z</time>
      </trkpt>
      <trkpt lat="24.91226078557487" lon="118.53377354612654">
        <ele>10.538910157047212</ele>
        <time>2024-11-05T14:44:36Z</time>
      </trkpt>
      <trkpt lat="24.912568685455422" lon="118.53376491657099">
        <ele>10.299980245530605</ele>
        <time>2024-11-05T14:44:48Z</time>
      </trkpt>
      <trkpt lat="24.91287445174659" lon="118.53378007791865">
        <ele>10.292230866849422</ele>
        <time>2024-11-05T14:44:57Z</time>
      </trkpt>
      <trkpt lat="24.9129683813019" lon="118.53381952613131">
        <ele>10.687656479887664</ele>
        <time>2024-11-05T14:45:00Z</time>
      </trkpt>
      <trkpt lat="24.913253731324325" lon="118.53385476707977">
        <ele>10.403610396198928</ele>
        <time>2024-11-05T14:45:09Z</time>
      </trkpt>
      <trkpt lat="24.91356222721928" lon="118.53389633006036">
        <ele>10.208833861164749</ele>
        <time>2024-11-05T14:45:18Z</time>
      </trkpt>
      <trkpt lat="24.913808857386044" lon="118.53395987849164">
        <ele>10.467225261963904</ele>
        <time>2024-11-05T14:45:27Z</time>
      </trkpt>
      <trkpt lat="24.914113602966257" lon="118.53397877952878">
        <ele>10.092717912048101</ele>
        <time>2024-11-05T14:45:36Z</time>
      </trkpt>
      <trkpt lat="24.914396634171737" lon="118.53401681745942">
        <ele>11.64666873216629</ele>
        <time>2024-11-05T14:45:45Z</time>
      </trkpt>
      <trkpt lat="24.91468057549311" lon="118.5340707589928">
        <ele>11.803772003389895</ele>
        <time>2024-11-05T14:45:54Z</time>
      </trkpt>
      <trkpt lat="24.914962614006267" lon="118.53411481008487">
        <ele>15.112696061842144</ele>
        <time>2024-11-05T14:46:03Z</time>
      </trkpt>
      <trkpt lat="24.91524244240557" lon="118.53414860444728">
        <ele>13.364032705314457</ele>
        <time>2024-11-05T14:46:12Z</time>
      </trkpt>
      <trkpt lat="24.915551336277954" lon="118.53418402235127">
        <ele>12.633967491798103</ele>
        <time>2024-11-05T14:46:24Z</time>
      </trkpt>
      <trkpt lat="24.915856770015935" lon="118.53426776012604">
        <ele>12.343471908941865</ele>
        <time>2024-11-05T14:46:34Z</time>
      </trkpt>
      <trkpt lat="24.91618438131037" lon="118.53432373351556">
        <ele>12.33019155357033</ele>
        <time>2024-11-05T14:46:44Z</time>
      </trkpt>
      <trkpt lat="24.91647595461714" lon="118.53438264618815">
        <ele>12.286233531311154</ele>
        <time>2024-11-05T14:46:53Z</time>
      </trkpt>
      <trkpt lat="24.916768798183988" lon="118.53443232201322">
        <ele>14.124296367168427</ele>
        <time>2024-11-05T14:47:02Z</time>
      </trkpt>
      <trkpt lat="24.917054691326157" lon="118.53449652434594">
        <ele>14.26208896562457</ele>
        <time>2024-11-05T14:47:11Z</time>
      </trkpt>
      <trkpt lat="24.91734508816295" lon="118.53455544740731">
        <ele>14.543220334686339</ele>
        <time>2024-11-05T14:47:20Z</time>
      </trkpt>
      <trkpt lat="24.917531023265564" lon="118.5345865405273">
        <ele>15.729893072508276</ele>
        <time>2024-11-05T14:47:26Z</time>
      </trkpt>
      <trkpt lat="24.917813907507593" lon="118.53469088362328">
        <ele>15.172257258556783</ele>
        <time>2024-11-05T14:47:35Z</time>
      </trkpt>
      <trkpt lat="24.91809651959599" lon="118.5347505024187">
        <ele>14.904918701387942</ele>
        <time>2024-11-05T14:47:44Z</time>
      </trkpt>
      <trkpt lat="24.91836526269006" lon="118.5348124166731">
        <ele>12.85326040443033</ele>
        <time>2024-11-05T14:47:53Z</time>
      </trkpt>
      <trkpt lat="24.918454070413695" lon="118.53484875472155">
        <ele>13.36622587684542</ele>
        <time>2024-11-05T14:47:56Z</time>
      </trkpt>
      <trkpt lat="24.918594818822093" lon="118.53497990234241">
        <ele>11.644625368528068</ele>
        <time>2024-11-05T14:48:02Z</time>
      </trkpt>
      <trkpt lat="24.918644894761556" lon="118.53507330638678">
        <ele>11.770648163743317</ele>
        <time>2024-11-05T14:48:05Z</time>
      </trkpt>
      <trkpt lat="24.918664621384554" lon="118.53517262004365">
        <ele>11.664847406558692</ele>
        <time>2024-11-05T14:48:08Z</time>
      </trkpt>
      <trkpt lat="24.918657241012912" lon="118.53526984463609">
        <ele>11.23490795865655</ele>
        <time>2024-11-05T14:48:11Z</time>
      </trkpt>
      <trkpt lat="24.918546532320374" lon="118.53555561373483">
        <ele>10.675198244862258</ele>
        <time>2024-11-05T14:48:20Z</time>
      </trkpt>
      <trkpt lat="24.918450810128643" lon="118.53583519564073">
        <ele>10.04487601108849</ele>
        <time>2024-11-05T14:48:29Z</time>
      </trkpt>
      <trkpt lat="24.91838310528867" lon="118.53604905099749">
        <ele>9.926061000674963</ele>
        <time>2024-11-05T14:48:36Z</time>
      </trkpt>
      <trkpt lat="24.918245697838262" lon="118.53626919173784">
        <ele>10.101165239699185</ele>
        <time>2024-11-05T14:48:44Z</time>
      </trkpt>
      <trkpt lat="24.918116441838208" lon="118.53658422846907">
        <ele>10.054314494132996</ele>
        <time>2024-11-05T14:48:54Z</time>
      </trkpt>
      <trkpt lat="24.917966829730016" lon="118.53693619163423">
        <ele>9.583668935112655</ele>
        <time>2024-11-05T14:49:06Z</time>
      </trkpt>
      <trkpt lat="24.917919083117486" lon="118.53702132128174">
        <ele>9.99548112321645</ele>
        <time>2024-11-05T14:49:09Z</time>
      </trkpt>
      <trkpt lat="24.917851646230105" lon="118.53708232415039">
        <ele>9.628360672853887</ele>
        <time>2024-11-05T14:49:12Z</time>
      </trkpt>
      <trkpt lat="24.917712021030965" lon="118.53736374735385">
        <ele>10.477961238473654</ele>
        <time>2024-11-05T14:49:21Z</time>
      </trkpt>
      <trkpt lat="24.917651031760258" lon="118.53757082318238">
        <ele>9.96444139443338</ele>
        <time>2024-11-05T14:49:27Z</time>
      </trkpt>
      <trkpt lat="24.917557975889203" lon="118.53774027680483">
        <ele>10.006649989634752</ele>
        <time>2024-11-05T14:49:33Z</time>
      </trkpt>
      <trkpt lat="24.91749249588033" lon="118.53793668730316">
        <ele>9.813747624866664</ele>
        <time>2024-11-05T14:49:39Z</time>
      </trkpt>
      <trkpt lat="24.917442655190744" lon="118.53800206280572">
        <ele>10.188523640856147</ele>
        <time>2024-11-05T14:49:42Z</time>
      </trkpt>
      <trkpt lat="24.91731749146763" lon="118.5383077216543">
        <ele>10.302941410802305</ele>
        <time>2024-11-05T14:49:51Z</time>
      </trkpt>
      <trkpt lat="24.91729223166387" lon="118.53842354264071">
        <ele>9.98800558410585</ele>
        <time>2024-11-05T14:49:54Z</time>
      </trkpt>
      <trkpt lat="24.917305226557698" lon="118.53854391130172">
        <ele>10.021666509099305</ele>
        <time>2024-11-05T14:49:57Z</time>
      </trkpt>
      <trkpt lat="24.917233410149205" lon="118.53876528524387">
        <ele>9.922142283059657</ele>
        <time>2024-11-05T14:50:03Z</time>
      </trkpt>
      <trkpt lat="24.91711737900982" lon="118.53901496465534">
        <ele>9.961709755472839</ele>
        <time>2024-11-05T14:50:12Z</time>
      </trkpt>
      <trkpt lat="24.91702794711981" lon="118.53934817901782">
        <ele>9.716731754131615</ele>
        <time>2024-11-05T14:50:21Z</time>
      </trkpt>
      <trkpt lat="24.916980803689547" lon="118.53955907826841">
        <ele>9.823962981812656</ele>
        <time>2024-11-05T14:50:27Z</time>
      </trkpt>
      <trkpt lat="24.916978707538583" lon="118.53968399130818">
        <ele>10.006891592405736</ele>
        <time>2024-11-05T14:50:30Z</time>
      </trkpt>
      <trkpt lat="24.916851441185514" lon="118.5399717834271">
        <ele>10.219213929958642</ele>
        <time>2024-11-05T14:50:39Z</time>
      </trkpt>
      <trkpt lat="24.916726473296027" lon="118.54004374208547">
        <ele>10.051554027944803</ele>
        <time>2024-11-05T14:50:43Z</time>
      </trkpt>
      <trkpt lat="24.916607090949427" lon="118.5401366294975">
        <ele>9.884458590298891</ele>
        <time>2024-11-05T14:50:47Z</time>
      </trkpt>
      <trkpt lat="24.916554752821032" lon="118.54025652294476">
        <ele>10.009861665777862</ele>
        <time>2024-11-05T14:50:51Z</time>
      </trkpt>
      <trkpt lat="24.916498703783535" lon="118.54055734995275">
        <ele>11.351398307830095</ele>
        <time>2024-11-05T14:51:00Z</time>
      </trkpt>
      <trkpt lat="24.916523338761404" lon="118.54066319851482">
        <ele>12.829074899666011</ele>
        <time>2024-11-05T14:51:03Z</time>
      </trkpt>
      <trkpt lat="24.916498263697697" lon="118.54097364964989">
        <ele>12.56208934634924</ele>
        <time>2024-11-05T14:51:12Z</time>
      </trkpt>
      <trkpt lat="24.916514324028594" lon="118.54127340176997">
        <ele>11.858765620738268</ele>
        <time>2024-11-05T14:51:21Z</time>
      </trkpt>
      <trkpt lat="24.916560570489956" lon="118.54146921686346">
        <ele>12.409553561359644</ele>
        <time>2024-11-05T14:51:27Z</time>
      </trkpt>
      <trkpt lat="24.916621568339323" lon="118.54166169793868">
        <ele>12.480725181289017</ele>
        <time>2024-11-05T14:51:33Z</time>
      </trkpt>
      <trkpt lat="24.91657494392438" lon="118.54185983986413">
        <ele>10.472638505510986</ele>
        <time>2024-11-05T14:51:39Z</time>
      </trkpt>
      <trkpt lat="24.916515346339114" lon="118.54195549146147">
        <ele>9.046885845251381</ele>
        <time>2024-11-05T14:51:42Z</time>
      </trkpt>
      <trkpt lat="24.916341515207588" lon="118.54201068367324">
        <ele>10.871290899813175</ele>
        <time>2024-11-05T14:51:48Z</time>
      </trkpt>
      <trkpt lat="24.916255318987616" lon="118.54207512930111">
        <ele>11.509557152166963</ele>
        <time>2024-11-05T14:51:51Z</time>
      </trkpt>
      <trkpt lat="24.916168750255117" lon="118.54210459671114">
        <ele>12.24261506460607</ele>
        <time>2024-11-05T14:51:54Z</time>
      </trkpt>
      <trkpt lat="24.91599032148688" lon="118.5422032946838">
        <ele>12.755281710997224</ele>
        <time>2024-11-05T14:52:00Z</time>
      </trkpt>
      <trkpt lat="24.915836184184958" lon="118.5423297997314">
        <ele>12.535280113108456</ele>
        <time>2024-11-05T14:52:06Z</time>
      </trkpt>
      <trkpt lat="24.915563448610353" lon="118.542482700048">
        <ele>12.79519481677562</ele>
        <time>2024-11-05T14:52:15Z</time>
      </trkpt>
      <trkpt lat="24.915475440394168" lon="118.54252502566696">
        <ele>12.572024681605399</ele>
        <time>2024-11-05T14:52:18Z</time>
      </trkpt>
      <trkpt lat="24.91538773274286" lon="118.54254270890603">
        <ele>12.119355249218643</ele>
        <time>2024-11-05T14:52:21Z</time>
      </trkpt>
      <trkpt lat="24.91504539655105" lon="118.54247906121492">
        <ele>11.432794158346951</ele>
        <time>2024-11-05T14:52:30Z</time>
      </trkpt>
      <trkpt lat="24.914954540893515" lon="118.54247339312823">
        <ele>10.994292262010276</ele>
        <time>2024-11-05T14:52:33Z</time>
      </trkpt>
      <trkpt lat="24.914789921709588" lon="118.54251777852939">
        <ele>10.409158647060394</ele>
        <time>2024-11-05T14:52:39Z</time>
      </trkpt>
      <trkpt lat="24.914684742884855" lon="118.54252666215325">
        <ele>10.241851274855435</ele>
        <time>2024-11-05T14:52:42Z</time>
      </trkpt>
      <trkpt lat="24.914600112553806" lon="118.5425588095923">
        <ele>9.918042411096394</ele>
        <time>2024-11-05T14:52:45Z</time>
      </trkpt>
      <trkpt lat="24.914480996264164" lon="118.54255062777273">
        <ele>9.485465318895876</ele>
        <time>2024-11-05T14:52:49Z</time>
      </trkpt>
      <trkpt lat="24.914368883330926" lon="118.54257187087222">
        <ele>9.794100913219154</ele>
        <time>2024-11-05T14:52:53Z</time>
      </trkpt>
      <trkpt lat="24.914221273988563" lon="118.54256768671979">
        <ele>9.541086594574153</ele>
        <time>2024-11-05T14:52:57Z</time>
      </trkpt>
      <trkpt lat="24.91392675880389" lon="118.54263213719635">
        <ele>10.441194237209857</ele>
        <time>2024-11-05T14:53:07Z</time>
      </trkpt>
      <trkpt lat="24.91366262856089" lon="118.5427034906741">
        <ele>8.29515578597784</ele>
        <time>2024-11-05T14:53:16Z</time>
      </trkpt>
      <trkpt lat="24.913382910048675" lon="118.54279457064158">
        <ele>8.165295924060047</ele>
        <time>2024-11-05T14:53:25Z</time>
      </trkpt>
      <trkpt lat="24.913107132353947" lon="118.5428359363661">
        <ele>7.480763390660286</ele>
        <time>2024-11-05T14:53:34Z</time>
      </trkpt>
      <trkpt lat="24.912935801167443" lon="118.54288532668646">
        <ele>7.483907387591898</ele>
        <time>2024-11-05T14:53:40Z</time>
      </trkpt>
      <trkpt lat="24.91283825021595" lon="118.54288680970473">
        <ele>7.806271022185683</ele>
        <time>2024-11-05T14:53:43Z</time>
      </trkpt>
      <trkpt lat="24.912576680885724" lon="118.54297730573211">
        <ele>8.802302794530988</ele>
        <time>2024-11-05T14:53:52Z</time>
      </trkpt>
      <trkpt lat="24.91240767683758" lon="118.54305708949951">
        <ele>7.70831595081836</ele>
        <time>2024-11-05T14:53:58Z</time>
      </trkpt>
      <trkpt lat="24.912144115217565" lon="118.54312610961668">
        <ele>7.388673739507794</ele>
        <time>2024-11-05T14:54:07Z</time>
      </trkpt>
      <trkpt lat="24.911818239075302" lon="118.54322451989816">
        <ele>8.202152436599135</ele>
        <time>2024-11-05T14:54:19Z</time>
      </trkpt>
      <trkpt lat="24.911549754768433" lon="118.54326579801592">
        <ele>8.365690790116787</ele>
        <time>2024-11-05T14:54:28Z</time>
      </trkpt>
      <trkpt lat="24.91127793501033" lon="118.54329120426195">
        <ele>8.074174779467285</ele>
        <time>2024-11-05T14:54:37Z</time>
      </trkpt>
      <trkpt lat="24.910968945105157" lon="118.54334924707065">
        <ele>7.37318623252213</ele>
        <time>2024-11-05T14:54:46Z</time>
      </trkpt>
      <trkpt lat="24.910678482145677" lon="118.54335499942093">
        <ele>6.683717146515846</ele>
        <time>2024-11-05T14:54:55Z</time>
      </trkpt>
      <trkpt lat="24.910555494993606" lon="118.54335078470388">
        <ele>7.195194564759731</ele>
        <time>2024-11-05T14:54:59Z</time>
      </trkpt>
      <trkpt lat="24.910440253434096" lon="118.54332693895262">
        <ele>6.942242625169456</ele>
        <time>2024-11-05T14:55:03Z</time>
      </trkpt>
      <trkpt lat="24.91025177308568" lon="118.54338357381067">
        <ele>7.703131278976798</ele>
        <time>2024-11-05T14:55:09Z</time>
      </trkpt>
      <trkpt lat="24.91015763803854" lon="118.54337934351693">
        <ele>6.863542598672211</ele>
        <time>2024-11-05T14:55:12Z</time>
      </trkpt>
      <trkpt lat="24.91006500365975" lon="118.54339545537304">
        <ele>7.184949977323413</ele>
        <time>2024-11-05T14:55:15Z</time>
      </trkpt>
      <trkpt lat="24.909967907508047" lon="118.54338080514616">
        <ele>7.019617300480604</ele>
        <time>2024-11-05T14:55:18Z</time>
      </trkpt>
      <trkpt lat="24.909659062082152" lon="118.54338445592136">
        <ele>7.284116690978408</ele>
        <time>2024-11-05T14:55:27Z</time>
      </trkpt>
      <trkpt lat="24.909370054524874" lon="118.54338534266395">
        <ele>7.367236724123359</ele>
        <time>2024-11-05T14:55:36Z</time>
      </trkpt>
      <trkpt lat="24.90908261461841" lon="118.54336919249067">
        <ele>7.8460410898551345</ele>
        <time>2024-11-05T14:55:45Z</time>
      </trkpt>
      <trkpt lat="24.908775511802144" lon="118.54335537670087">
        <ele>7.649271913804114</ele>
        <time>2024-11-05T14:55:54Z</time>
      </trkpt>
      <trkpt lat="24.908503865127898" lon="118.54337568974638">
        <ele>7.288523311726749</ele>
        <time>2024-11-05T14:56:03Z</time>
      </trkpt>
      <trkpt lat="24.908151677548254" lon="118.54338639658437">
        <ele>7.442656498402357</ele>
        <time>2024-11-05T14:56:15Z</time>
      </trkpt>
      <trkpt lat="24.907899706787674" lon="118.5434258709311">
        <ele>7.563386247493327</ele>
        <time>2024-11-05T14:56:24Z</time>
      </trkpt>
      <trkpt lat="24.907692174459466" lon="118.54342546136417">
        <ele>7.743434661068022</ele>
        <time>2024-11-05T14:56:30Z</time>
      </trkpt>
      <trkpt lat="24.90759020830516" lon="118.54339039393906">
        <ele>7.594480738975108</ele>
        <time>2024-11-05T14:56:33Z</time>
      </trkpt>
      <trkpt lat="24.907504045608345" lon="118.54333920222228">
        <ele>7.327776203863323</ele>
        <time>2024-11-05T14:56:36Z</time>
      </trkpt>
      <trkpt lat="24.90746785734529" lon="118.543247446497">
        <ele>7.845211608335376</ele>
        <time>2024-11-05T14:56:39Z</time>
      </trkpt>
      <trkpt lat="24.907592637182308" lon="118.54293571730587">
        <ele>8.050005505792797</ele>
        <time>2024-11-05T14:56:48Z</time>
      </trkpt>
      <trkpt lat="24.90772437361209" lon="118.54268770411257">
        <ele>7.903972400352359</ele>
        <time>2024-11-05T14:56:57Z</time>
      </trkpt>
      <trkpt lat="24.90777172274181" lon="118.54248094953269">
        <ele>7.575262658298016</ele>
        <time>2024-11-05T14:57:04Z</time>
      </trkpt>
      <trkpt lat="24.90790695798596" lon="118.54215087501031">
        <ele>8.00527279265225</ele>
        <time>2024-11-05T14:57:14Z</time>
      </trkpt>
      <trkpt lat="24.907961274209303" lon="118.54196179978842">
        <ele>7.964610216207802</ele>
        <time>2024-11-05T14:57:20Z</time>
      </trkpt>
      <trkpt lat="24.90805498056472" lon="118.54176755221938">
        <ele>8.348325778730214</ele>
        <time>2024-11-05T14:57:26Z</time>
      </trkpt>
      <trkpt lat="24.908128539939103" lon="118.54158053819978">
        <ele>9.369668661616743</ele>
        <time>2024-11-05T14:57:32Z</time>
      </trkpt>
      <trkpt lat="24.908188136991928" lon="118.5414857180267">
        <ele>9.18946863990277</ele>
        <time>2024-11-05T14:57:35Z</time>
      </trkpt>
      <trkpt lat="24.90831154539722" lon="118.54118705190172">
        <ele>8.6805939367041</ele>
        <time>2024-11-05T14:57:44Z</time>
      </trkpt>
      <trkpt lat="24.90843791392598" lon="118.54090040477281">
        <ele>7.4378608940169215</ele>
        <time>2024-11-05T14:57:53Z</time>
      </trkpt>
      <trkpt lat="24.9084859400786" lon="118.54068347279711">
        <ele>7.673193863593042</ele>
        <time>2024-11-05T14:57:59Z</time>
      </trkpt>
      <trkpt lat="24.90854105989419" lon="118.54058618003265">
        <ele>7.87505161203444</ele>
        <time>2024-11-05T14:58:02Z</time>
      </trkpt>
      <trkpt lat="24.908618659655502" lon="118.54038517614859">
        <ele>8.051906608045101</ele>
        <time>2024-11-05T14:58:08Z</time>
      </trkpt>
      <trkpt lat="24.90867804293114" lon="118.54006361153482">
        <ele>7.429024849087</ele>
        <time>2024-11-05T14:58:17Z</time>
      </trkpt>
      <trkpt lat="24.908773230324737" lon="118.53972353858724">
        <ele>7.188088418915868</ele>
        <time>2024-11-05T14:58:26Z</time>
      </trkpt>
      <trkpt lat="24.90880151583757" lon="118.53961229477775">
        <ele>7.193058981560171</ele>
        <time>2024-11-05T14:58:29Z</time>
      </trkpt>
      <trkpt lat="24.908906871550975" lon="118.53936212774423">
        <ele>8.58345436770469</ele>
        <time>2024-11-05T14:58:38Z</time>
      </trkpt>
      <trkpt lat="24.90899716835031" lon="118.5390075129529">
        <ele>7.679915271699429</ele>
        <time>2024-11-05T14:58:50Z</time>
      </trkpt>
      <trkpt lat="24.90908511210813" lon="118.5387032109115">
        <ele>7.368430408649147</ele>
        <time>2024-11-05T14:58:59Z</time>
      </trkpt>
      <trkpt lat="24.90914945702353" lon="118.53839053180634">
        <ele>6.8321468597278</ele>
        <time>2024-11-05T14:59:09Z</time>
      </trkpt>
      <trkpt lat="24.90918156236976" lon="118.53818756852893">
        <ele>8.462676736526191</ele>
        <time>2024-11-05T14:59:16Z</time>
      </trkpt>
      <trkpt lat="24.909256332485867" lon="118.5379502729805">
        <ele>8.132253551855683</ele>
        <time>2024-11-05T14:59:23Z</time>
      </trkpt>
      <trkpt lat="24.909264082183856" lon="118.53785382048976">
        <ele>7.7018321910873055</ele>
        <time>2024-11-05T14:59:26Z</time>
      </trkpt>
      <trkpt lat="24.90936147090483" lon="118.5375400884168">
        <ele>8.851229556836188</ele>
        <time>2024-11-05T14:59:35Z</time>
      </trkpt>
      <trkpt lat="24.909415855485726" lon="118.53728028097196">
        <ele>9.903313166461885</ele>
        <time>2024-11-05T14:59:44Z</time>
      </trkpt>
      <trkpt lat="24.909411140017845" lon="118.53719208125779">
        <ele>9.966399807482958</ele>
        <time>2024-11-05T14:59:47Z</time>
      </trkpt>
      <trkpt lat="24.90947393402891" lon="118.53686408790011">
        <ele>10.207460153847933</ele>
        <time>2024-11-05T14:59:56Z</time>
      </trkpt>
      <trkpt lat="24.909553606889308" lon="118.53657112863338">
        <ele>10.006089595146477</ele>
        <time>2024-11-05T15:00:05Z</time>
      </trkpt>
      <trkpt lat="24.909620517030817" lon="118.53625824878225">
        <ele>10.561320256441832</ele>
        <time>2024-11-05T15:00:14Z</time>
      </trkpt>
      <trkpt lat="24.9096443514199" lon="118.53587513560568">
        <ele>9.854298481717706</ele>
        <time>2024-11-05T15:00:26Z</time>
      </trkpt>
      <trkpt lat="24.909669375393346" lon="118.53567023289176">
        <ele>10.335986851714551</ele>
        <time>2024-11-05T15:00:32Z</time>
      </trkpt>
      <trkpt lat="24.909747837411263" lon="118.53535340595907">
        <ele>10.349259630776942</ele>
        <time>2024-11-05T15:00:41Z</time>
      </trkpt>
      <trkpt lat="24.909795871699664" lon="118.53513838937464">
        <ele>10.163285976275802</ele>
        <time>2024-11-05T15:00:47Z</time>
      </trkpt>
      <trkpt lat="24.909818037113364" lon="118.53475880858939">
        <ele>9.505197514779866</ele>
        <time>2024-11-05T15:00:59Z</time>
      </trkpt>
      <trkpt lat="24.90983924100925" lon="118.53434777309809">
        <ele>8.022082465700805</ele>
        <time>2024-11-05T15:01:12Z</time>
      </trkpt>
      <trkpt lat="24.909871546197788" lon="118.53401593004226">
        <ele>7.438662443310022</ele>
        <time>2024-11-05T15:01:22Z</time>
      </trkpt>
      <trkpt lat="24.909936954745472" lon="118.53390767275673">
        <ele>7.187625145539641</ele>
        <time>2024-11-05T15:01:26Z</time>
      </trkpt>
      <trkpt lat="24.909998052167193" lon="118.53384692261278">
        <ele>7.305257770232856</ele>
        <time>2024-11-05T15:01:29Z</time>
      </trkpt>
      <trkpt lat="24.910079381415915" lon="118.5337975851195">
        <ele>7.938829026184976</ele>
        <time>2024-11-05T15:01:32Z</time>
      </trkpt>
      <trkpt lat="24.9101733554447" lon="118.53379183057336">
        <ele>8.391879742965102</ele>
        <time>2024-11-05T15:01:35Z</time>
      </trkpt>
      <trkpt lat="24.91050449630872" lon="118.53372122567708">
        <ele>9.729123311117291</ele>
        <time>2024-11-05T15:01:47Z</time>
      </trkpt>
      <trkpt lat="24.910568585439844" lon="118.53370430514137">
        <ele>10.023612906225026</ele>
        <time>2024-11-05T15:01:50Z</time>
      </trkpt>
      <trkpt lat="24.910870313157094" lon="118.5337238656638">
        <ele>9.9649737495929</ele>
        <time>2024-11-05T15:01:59Z</time>
      </trkpt>
      <trkpt lat="24.911167385870925" lon="118.53372775622466">
        <ele>10.425197341479361</ele>
        <time>2024-11-05T15:02:08Z</time>
      </trkpt>
      <trkpt lat="24.911456423172233" lon="118.5337235884472">
        <ele>10.205988949164748</ele>
        <time>2024-11-05T15:02:17Z</time>
      </trkpt>
      <trkpt lat="24.91174747848868" lon="118.53373218499695">
        <ele>9.696522395126522</ele>
        <time>2024-11-05T15:02:26Z</time>
      </trkpt>
      <trkpt lat="24.91193788734059" lon="118.53373643648455">
        <ele>9.842441291548312</ele>
        <time>2024-11-05T15:02:32Z</time>
      </trkpt>
      <trkpt lat="24.912138386084088" lon="118.53374646384316">
        <ele>11.083981999196112</ele>
        <time>2024-11-05T15:02:38Z</time>
      </trkpt>
      <trkpt lat="24.912231485251706" lon="118.53373292086677">
        <ele>10.112961732782423</ele>
        <time>2024-11-05T15:02:41Z</time>
      </trkpt>
      <trkpt lat="24.912595588082567" lon="118.53372802303033">
        <ele>10.097358956933022</ele>
        <time>2024-11-05T15:02:53Z</time>
      </trkpt>
      <trkpt lat="24.91295735689984" lon="118.53377010490858">
        <ele>11.14655037317425</ele>
        <time>2024-11-05T15:03:05Z</time>
      </trkpt>
      <trkpt lat="24.913227758064682" lon="118.5338455370415">
        <ele>10.181563650257885</ele>
        <time>2024-11-05T15:03:14Z</time>
      </trkpt>
      <trkpt lat="24.91354124618151" lon="118.53388946192639">
        <ele>9.786026611924171</ele>
        <time>2024-11-05T15:03:24Z</time>
      </trkpt>
      <trkpt lat="24.913874571238395" lon="118.53394524973827">
        <ele>10.632207220420241</ele>
        <time>2024-11-05T15:03:35Z</time>
      </trkpt>
      <trkpt lat="24.91415185060288" lon="118.53396772563548">
        <ele>10.004762870259583</ele>
        <time>2024-11-05T15:03:44Z</time>
      </trkpt>
      <trkpt lat="24.91450665434322" lon="118.53401808569207">
        <ele>11.843964056111872</ele>
        <time>2024-11-05T15:03:56Z</time>
      </trkpt>
      <trkpt lat="24.914662827142845" lon="118.53406089133554">
        <ele>12.180541544221342</ele>
        <time>2024-11-05T15:04:02Z</time>
      </trkpt>
      <trkpt lat="24.914935529862976" lon="118.53410971104195">
        <ele>12.403714945539832</ele>
        <time>2024-11-05T15:04:11Z</time>
      </trkpt>
      <trkpt lat="24.915210493141824" lon="118.53414997398335">
        <ele>12.13967194315046</ele>
        <time>2024-11-05T15:04:20Z</time>
      </trkpt>
      <trkpt lat="24.915483208272885" lon="118.53418316735902">
        <ele>12.642168581485748</ele>
        <time>2024-11-05T15:04:29Z</time>
      </trkpt>
      <trkpt lat="24.915758491339712" lon="118.53421666971342">
        <ele>12.827524898573756</ele>
        <time>2024-11-05T15:04:38Z</time>
      </trkpt>
      <trkpt lat="24.91611101180238" lon="118.53429226986773">
        <ele>12.859491002745926</ele>
        <time>2024-11-05T15:04:50Z</time>
      </trkpt>
      <trkpt lat="24.916469527316956" lon="118.53436518587203">
        <ele>12.735285699367523</ele>
        <time>2024-11-05T15:05:02Z</time>
      </trkpt>
      <trkpt lat="24.916556645646423" lon="118.53439575673974">
        <ele>13.171979020349681</ele>
        <time>2024-11-05T15:05:05Z</time>
      </trkpt>
      <trkpt lat="24.916901922568446" lon="118.53444179708474">
        <ele>14.28188047837466</ele>
        <time>2024-11-05T15:05:17Z</time>
      </trkpt>
      <trkpt lat="24.917205099387033" lon="118.53451593562">
        <ele>14.814794563688338</ele>
        <time>2024-11-05T15:05:27Z</time>
      </trkpt>
      <trkpt lat="24.917505832286924" lon="118.53459083198717">
        <ele>14.897098212502897</ele>
        <time>2024-11-05T15:05:37Z</time>
      </trkpt>
      <trkpt lat="24.917781979278487" lon="118.53467572595424">
        <ele>14.79203143902123</ele>
        <time>2024-11-05T15:05:46Z</time>
      </trkpt>
      <trkpt lat="24.91806723824066" lon="118.53472868301748">
        <ele>14.526363391429186</ele>
        <time>2024-11-05T15:05:55Z</time>
      </trkpt>
      <trkpt lat="24.918339030127" lon="118.53479307314156">
        <ele>12.675344763323665</ele>
        <time>2024-11-05T15:06:04Z</time>
      </trkpt>
      <trkpt lat="24.918426921014543" lon="118.53481289670542">
        <ele>12.95959507022053</ele>
        <time>2024-11-05T15:06:07Z</time>
      </trkpt>
      <trkpt lat="24.91858384446487" lon="118.53492687904888">
        <ele>11.976884264498949</ele>
        <time>2024-11-05T15:06:13Z</time>
      </trkpt>
      <trkpt lat="24.91866956754328" lon="118.5351027258114">
        <ele>12.014467271976173</ele>
        <time>2024-11-05T15:06:19Z</time>
      </trkpt>
      <trkpt lat="24.918600117556444" lon="118.53539842349292">
        <ele>8.609762490727007</ele>
        <time>2024-11-05T15:06:28Z</time>
      </trkpt>
      <trkpt lat="24.91847973096351" lon="118.5356768980112">
        <ele>10.539782053790987</ele>
        <time>2024-11-05T15:06:37Z</time>
      </trkpt>
      <trkpt lat="24.918369241534034" lon="118.53603388783722">
        <ele>10.115279336459935</ele>
        <time>2024-11-05T15:06:49Z</time>
      </trkpt>
      <trkpt lat="24.91821983420145" lon="118.5363034799919">
        <ele>9.720348347909749</ele>
        <time>2024-11-05T15:06:58Z</time>
      </trkpt>
      <trkpt lat="24.918093470121782" lon="118.5365971055901">
        <ele>10.71337540075183</ele>
        <time>2024-11-05T15:07:07Z</time>
      </trkpt>
      <trkpt lat="24.91805436974336" lon="118.5366702730333">
        <ele>10.13113853521645</ele>
        <time>2024-11-05T15:07:10Z</time>
      </trkpt>
      <trkpt lat="24.918030809680484" lon="118.53675493151191">
        <ele>10.08235799241811</ele>
        <time>2024-11-05T15:07:13Z</time>
      </trkpt>
      <trkpt lat="24.917938473280874" lon="118.5369319283868">
        <ele>10.31332331802696</ele>
        <time>2024-11-05T15:07:19Z</time>
      </trkpt>
      <trkpt lat="24.917911668150637" lon="118.53702171603162">
        <ele>10.211610041558743</ele>
        <time>2024-11-05T15:07:22Z</time>
      </trkpt>
      <trkpt lat="24.917785860961022" lon="118.53721906168344">
        <ele>10.260128944180906</ele>
        <time>2024-11-05T15:07:29Z</time>
      </trkpt>
      <trkpt lat="24.91768721541549" lon="118.53742801115239">
        <ele>10.219254817813635</ele>
        <time>2024-11-05T15:07:36Z</time>
      </trkpt>
      <trkpt lat="24.917667488264584" lon="118.53756125781854">
        <ele>10.20384051091969</ele>
        <time>2024-11-05T15:07:40Z</time>
      </trkpt>
      <trkpt lat="24.917582880137154" lon="118.53776202079395">
        <ele>9.743230133317411</ele>
        <time>2024-11-05T15:07:47Z</time>
      </trkpt>
      <trkpt lat="24.917538387202224" lon="118.53795491331856">
        <ele>10.172456855885684</ele>
        <time>2024-11-05T15:07:53Z</time>
      </trkpt>
      <trkpt lat="24.91744994926619" lon="118.53812196297045">
        <ele>10.32076835539192</ele>
        <time>2024-11-05T15:07:59Z</time>
      </trkpt>
      <trkpt lat="24.917338284638415" lon="118.53839086950651">
        <ele>9.82133873552084</ele>
        <time>2024-11-05T15:08:08Z</time>
      </trkpt>
      <trkpt lat="24.917328671769017" lon="118.53848901152462">
        <ele>10.565729578025639</ele>
        <time>2024-11-05T15:08:11Z</time>
      </trkpt>
      <trkpt lat="24.917207912817116" lon="118.53876701694134">
        <ele>10.315677359700203</ele>
        <time>2024-11-05T15:08:20Z</time>
      </trkpt>
      <trkpt lat="24.91705369597807" lon="118.53910527288288">
        <ele>10.099492695182562</ele>
        <time>2024-11-05T15:08:32Z</time>
      </trkpt>
      <trkpt lat="24.91700455454651" lon="118.53931648013136">
        <ele>10.025979806669056</ele>
        <time>2024-11-05T15:08:38Z</time>
      </trkpt>
      <trkpt lat="24.91696741119498" lon="118.53967808363494">
        <ele>9.949675858952105</ele>
        <time>2024-11-05T15:08:47Z</time>
      </trkpt>
      <trkpt lat="24.916974805598297" lon="118.539800912086">
        <ele>9.871227073483169</ele>
        <time>2024-11-05T15:08:50Z</time>
      </trkpt>
      <trkpt lat="24.91694690304014" lon="118.53989850400531">
        <ele>9.928432958200574</ele>
        <time>2024-11-05T15:08:53Z</time>
      </trkpt>
      <trkpt lat="24.91686394191476" lon="118.53998753667786">
        <ele>10.360318142920732</ele>
        <time>2024-11-05T15:08:56Z</time>
      </trkpt>
      <trkpt lat="24.916739816109615" lon="118.54003566347632">
        <ele>10.048909286037087</ele>
        <time>2024-11-05T15:08:59Z</time>
      </trkpt>
      <trkpt lat="24.91665400233415" lon="118.54010551088629">
        <ele>10.191398723982275</ele>
        <time>2024-11-05T15:09:02Z</time>
      </trkpt>
      <trkpt lat="24.91661450768885" lon="118.54018322808732">
        <ele>9.621433906257153</ele>
        <time>2024-11-05T15:09:05Z</time>
      </trkpt>
      <trkpt lat="24.916604934956023" lon="118.54027028277686">
        <ele>10.016144496388733</ele>
        <time>2024-11-05T15:09:08Z</time>
      </trkpt>
      <trkpt lat="24.916511371253225" lon="118.54048871641217">
        <ele>11.626015903428197</ele>
        <time>2024-11-05T15:09:14Z</time>
      </trkpt>
      <trkpt lat="24.916511458824022" lon="118.54058280819642">
        <ele>11.732228923588991</ele>
        <time>2024-11-05T15:09:17Z</time>
      </trkpt>
      <trkpt lat="24.91653446654537" lon="118.54068488030414">
        <ele>12.64338943734765</ele>
        <time>2024-11-05T15:09:20Z</time>
      </trkpt>
      <trkpt lat="24.916512689416255" lon="118.54088587128231">
        <ele>12.836427717469633</ele>
        <time>2024-11-05T15:09:26Z</time>
      </trkpt>
      <trkpt lat="24.91655143131965" lon="118.54108461185818">
        <ele>12.118222090415657</ele>
        <time>2024-11-05T15:09:32Z</time>
      </trkpt>
      <trkpt lat="24.916598007041177" lon="118.54121237131359">
        <ele>12.829759631305933</ele>
        <time>2024-11-05T15:09:36Z</time>
      </trkpt>
      <trkpt lat="24.916601929020022" lon="118.54131020262884">
        <ele>12.92806756682694</ele>
        <time>2024-11-05T15:09:39Z</time>
      </trkpt>
      <trkpt lat="24.91662898810151" lon="118.54143310264986">
        <ele>13.35717985779047</ele>
        <time>2024-11-05T15:09:43Z</time>
      </trkpt>
      <trkpt lat="24.916670089523006" lon="118.54153770854485">
        <ele>12.917036118917167</ele>
        <time>2024-11-05T15:09:47Z</time>
      </trkpt>
      <trkpt lat="24.916665506554008" lon="118.54164757096414">
        <ele>12.144778462126851</ele>
        <time>2024-11-05T15:09:50Z</time>
      </trkpt>
      <trkpt lat="24.916519802046142" lon="118.5419181317629">
        <ele>14.209386225789785</ele>
        <time>2024-11-05T15:09:59Z</time>
      </trkpt>
      <trkpt lat="24.916341134302886" lon="118.5419865959476">
        <ele>11.618537174537778</ele>
        <time>2024-11-05T15:10:05Z</time>
      </trkpt>
      <trkpt lat="24.91609125900788" lon="118.54217672457615">
        <ele>13.077359322458506</ele>
        <time>2024-11-05T15:10:14Z</time>
      </trkpt>
      <trkpt lat="24.91584662756682" lon="118.54237450054693">
        <ele>12.165057816542685</ele>
        <time>2024-11-05T15:10:23Z</time>
      </trkpt>
      <trkpt lat="24.91567065168856" lon="118.54249300722658">
        <ele>12.286156873218715</ele>
        <time>2024-11-05T15:10:29Z</time>
      </trkpt>
      <trkpt lat="24.91558474528072" lon="118.54251103168781">
        <ele>12.593866404145956</ele>
        <time>2024-11-05T15:10:32Z</time>
      </trkpt>
      <trkpt lat="24.91549739303722" lon="118.54249045532363">
        <ele>12.68450727686286</ele>
        <time>2024-11-05T15:10:35Z</time>
      </trkpt>
      <trkpt lat="24.915314529977046" lon="118.54254181498318">
        <ele>12.609926777891815</ele>
        <time>2024-11-05T15:10:41Z</time>
      </trkpt>
      <trkpt lat="24.915094704592452" lon="118.54248209837358">
        <ele>11.75576179753989</ele>
        <time>2024-11-05T15:10:47Z</time>
      </trkpt>
      <trkpt lat="24.914746990262607" lon="118.54251269316694">
        <ele>9.997485558502376</ele>
        <time>2024-11-05T15:10:59Z</time>
      </trkpt>
      <trkpt lat="24.91441073564724" lon="118.54255435227549">
        <ele>9.885575890541077</ele>
        <time>2024-11-05T15:11:11Z</time>
      </trkpt>
      <trkpt lat="24.91414026005111" lon="118.54258210278303">
        <ele>9.48266508989036</ele>
        <time>2024-11-05T15:11:20Z</time>
      </trkpt>
      <trkpt lat="24.913949168247317" lon="118.54261656056845">
        <ele>9.025430077686906</ele>
        <time>2024-11-05T15:11:26Z</time>
      </trkpt>
      <trkpt lat="24.91361871604479" lon="118.54275918040635">
        <ele>8.5045733936131</ele>
        <time>2024-11-05T15:11:38Z</time>
      </trkpt>
      <trkpt lat="24.913308980074024" lon="118.54278444671355">
        <ele>7.412961775436997</ele>
        <time>2024-11-05T15:11:49Z</time>
      </trkpt>
      <trkpt lat="24.913184942541776" lon="118.54281116542721">
        <ele>7.590534687973559</ele>
        <time>2024-11-05T15:11:53Z</time>
      </trkpt>
      <trkpt lat="24.913100089268074" lon="118.54284947991795">
        <ele>7.560292585752904</ele>
        <time>2024-11-05T15:11:56Z</time>
      </trkpt>
      <trkpt lat="24.912819613752674" lon="118.54290282593034">
        <ele>7.825185306370258</ele>
        <time>2024-11-05T15:12:05Z</time>
      </trkpt>
      <trkpt lat="24.912554062381624" lon="118.54298203953067">
        <ele>8.267839757725596</ele>
        <time>2024-11-05T15:12:14Z</time>
      </trkpt>
      <trkpt lat="24.912212016411896" lon="118.54308704662868">
        <ele>8.154485112987459</ele>
        <time>2024-11-05T15:12:26Z</time>
      </trkpt>
      <trkpt lat="24.911962075191035" lon="118.54316980900464">
        <ele>7.5862423945218325</ele>
        <time>2024-11-05T15:12:35Z</time>
      </trkpt>
      <trkpt lat="24.91161459108909" lon="118.54324506019671">
        <ele>8.304809233173728</ele>
        <time>2024-11-05T15:12:47Z</time>
      </trkpt>
      <trkpt lat="24.911521402990182" lon="118.54327867784708">
        <ele>7.9798106253147125</ele>
        <time>2024-11-05T15:12:50Z</time>
      </trkpt>
      <trkpt lat="24.91132899376974" lon="118.5432819785574">
        <ele>8.527381218969822</ele>
        <time>2024-11-05T15:12:56Z</time>
      </trkpt>
      <trkpt lat="24.911043429045925" lon="118.54331110495123">
        <ele>7.860610590316355</ele>
        <time>2024-11-05T15:13:05Z</time>
      </trkpt>
      <trkpt lat="24.910753705181417" lon="118.54336167311607">
        <ele>7.0100277075544</ele>
        <time>2024-11-05T15:13:14Z</time>
      </trkpt>
      <trkpt lat="24.910589163877614" lon="118.54338902342018">
        <ele>7.691823945380747</ele>
        <time>2024-11-05T15:13:20Z</time>
      </trkpt>
      <trkpt lat="24.910407330476158" lon="118.543354299243">
        <ele>7.321824902668595</ele>
        <time>2024-11-05T15:13:26Z</time>
      </trkpt>
      <trkpt lat="24.910230772444717" lon="118.54338253605948">
        <ele>7.328976564109325</ele>
        <time>2024-11-05T15:13:32Z</time>
      </trkpt>
      <trkpt lat="24.909909832792895" lon="118.54336651203427">
        <ele>7.456895623356104</ele>
        <time>2024-11-05T15:13:41Z</time>
      </trkpt>
      <trkpt lat="24.909801682251192" lon="118.54338446819384">
        <ele>7.02726493217051</ele>
        <time>2024-11-05T15:13:44Z</time>
      </trkpt>
      <trkpt lat="24.909415989821756" lon="118.54338206041943">
        <ele>7.276605688966811</ele>
        <time>2024-11-05T15:13:56Z</time>
      </trkpt>
      <trkpt lat="24.909168203294143" lon="118.54335132481393">
        <ele>7.139583896845579</ele>
        <time>2024-11-05T15:14:04Z</time>
      </trkpt>
      <trkpt lat="24.908763289703455" lon="118.54337127017605">
        <ele>8.035925813019276</ele>
        <time>2024-11-05T15:14:16Z</time>
      </trkpt>
      <trkpt lat="24.9086303652218" lon="118.54336935564625">
        <ele>6.950308967381716</ele>
        <time>2024-11-05T15:14:20Z</time>
      </trkpt>
      <trkpt lat="24.908520953971287" lon="118.54339810931913">
        <ele>6.843418941833079</ele>
        <time>2024-11-05T15:14:24Z</time>
      </trkpt>
      <trkpt lat="24.908225935724438" lon="118.54340272587477">
        <ele>7.042421399615705</ele>
        <time>2024-11-05T15:14:36Z</time>
      </trkpt>
      <trkpt lat="24.907994843669943" lon="118.54341925893875">
        <ele>7.075582545250654</ele>
        <time>2024-11-05T15:14:44Z</time>
      </trkpt>
      <trkpt lat="24.907747716913796" lon="118.54340182286892">
        <ele>7.58137714676559</ele>
        <time>2024-11-05T15:14:52Z</time>
      </trkpt>
      <trkpt lat="24.907626765769937" lon="118.54336901707994">
        <ele>7.530311873182654</ele>
        <time>2024-11-05T15:14:56Z</time>
      </trkpt>
      <trkpt lat="24.907523376336083" lon="118.54331335011565">
        <ele>7.456302476115525</ele>
        <time>2024-11-05T15:15:00Z</time>
      </trkpt>
      <trkpt lat="24.90747675466974" lon="118.5432062655395">
        <ele>7.837184044532478</ele>
        <time>2024-11-05T15:15:04Z</time>
      </trkpt>
      <trkpt lat="24.907531110569902" lon="118.54307254475317">
        <ele>7.452783434651792</ele>
        <time>2024-11-05T15:15:08Z</time>
      </trkpt>
      <trkpt lat="24.907592048045156" lon="118.54297825836697">
        <ele>7.190255326218903</ele>
        <time>2024-11-05T15:15:12Z</time>
      </trkpt>
      <trkpt lat="24.907715660998292" lon="118.54265564101372">
        <ele>7.634233104065061</ele>
        <time>2024-11-05T15:15:24Z</time>
      </trkpt>
      <trkpt lat="24.907856214323587" lon="118.54227740110923">
        <ele>7.293971652165055</ele>
        <time>2024-11-05T15:15:36Z</time>
      </trkpt>
      <trkpt lat="24.907907373438945" lon="118.54214703859572">
        <ele>7.761034537106752</ele>
        <time>2024-11-05T15:15:40Z</time>
      </trkpt>
      <trkpt lat="24.90793467548314" lon="118.54203023419606">
        <ele>8.076988671906292</ele>
        <time>2024-11-05T15:15:44Z</time>
      </trkpt>
      <trkpt lat="24.90800541974187" lon="118.54189011274963">
        <ele>8.246165511198342</ele>
        <time>2024-11-05T15:15:52Z</time>
      </trkpt>
      <trkpt lat="24.908089530989802" lon="118.54166779657048">
        <ele>9.31358798686415</ele>
        <time>2024-11-05T15:15:59Z</time>
      </trkpt>
      <trkpt lat="24.908212309837023" lon="118.54143729343991">
        <ele>8.842336501926184</ele>
        <time>2024-11-05T15:16:06Z</time>
      </trkpt>
      <trkpt lat="24.908316799326098" lon="118.54114680857661">
        <ele>8.652786926366389</ele>
        <time>2024-11-05T15:16:14Z</time>
      </trkpt>
      <trkpt lat="24.908507564053885" lon="118.54080441545061">
        <ele>7.483164359815419</ele>
        <time>2024-11-05T15:16:26Z</time>
      </trkpt>
      <trkpt lat="24.90861711487531" lon="118.5405513018366">
        <ele>7.639497969299555</ele>
        <time>2024-11-05T15:16:34Z</time>
      </trkpt>
      <trkpt lat="24.908676231777047" lon="118.54025196074377">
        <ele>7.685154083184898</ele>
        <time>2024-11-05T15:16:42Z</time>
      </trkpt>
      <trkpt lat="24.908764240795083" lon="118.53982431033914">
        <ele>7.502099726349115</ele>
        <time>2024-11-05T15:16:54Z</time>
      </trkpt>
      <trkpt lat="24.908851025260955" lon="118.53946136131833">
        <ele>6.264672360382974</ele>
        <time>2024-11-05T15:17:06Z</time>
      </trkpt>
      <trkpt lat="24.908960858857686" lon="118.53909206595365">
        <ele>7.781093561090529</ele>
        <time>2024-11-05T15:17:18Z</time>
      </trkpt>
      <trkpt lat="24.90911124296292" lon="118.53869760254203">
        <ele>7.066458327695727</ele>
        <time>2024-11-05T15:17:30Z</time>
      </trkpt>
      <trkpt lat="24.90916183109914" lon="118.53833501981701">
        <ele>7.363632312975824</ele>
        <time>2024-11-05T15:17:41Z</time>
      </trkpt>
      <trkpt lat="24.909211988173784" lon="118.53808214904075">
        <ele>7.889638907276094</ele>
        <time>2024-11-05T15:17:49Z</time>
      </trkpt>
      <trkpt lat="24.90929682873618" lon="118.53782792693798">
        <ele>8.187281380407512</ele>
        <time>2024-11-05T15:17:57Z</time>
      </trkpt>
      <trkpt lat="24.909313948964982" lon="118.53769544586788">
        <ele>8.28858438320458</ele>
        <time>2024-11-05T15:18:01Z</time>
      </trkpt>
      <trkpt lat="24.909371081392173" lon="118.5374498264636">
        <ele>10.345430853776634</ele>
        <time>2024-11-05T15:18:08Z</time>
      </trkpt>
      <trkpt lat="24.90940125987501" lon="118.53706798455687">
        <ele>10.567190578207374</ele>
        <time>2024-11-05T15:18:20Z</time>
      </trkpt>
      <trkpt lat="24.909485388323642" lon="118.53683807975408">
        <ele>10.284032837487757</ele>
        <time>2024-11-05T15:18:28Z</time>
      </trkpt>
      <trkpt lat="24.90951279771052" lon="118.53670455442622">
        <ele>10.131249148398638</ele>
        <time>2024-11-05T15:18:32Z</time>
      </trkpt>
      <trkpt lat="24.909561428797595" lon="118.53657056810579">
        <ele>10.216771225444973</ele>
        <time>2024-11-05T15:18:36Z</time>
      </trkpt>
      <trkpt lat="24.909630201833515" lon="118.53616676111011">
        <ele>10.779290979728103</ele>
        <time>2024-11-05T15:18:48Z</time>
      </trkpt>
      <trkpt lat="24.909625850926272" lon="118.53605365651984">
        <ele>10.110577252693474</ele>
        <time>2024-11-05T15:18:52Z</time>
      </trkpt>
      <trkpt lat="24.9096787658851" lon="118.53565724370972">
        <ele>10.292060737498105</ele>
        <time>2024-11-05T15:19:04Z</time>
      </trkpt>
      <trkpt lat="24.909760702198376" lon="118.53525243464772">
        <ele>10.56080312654376</ele>
        <time>2024-11-05T15:19:16Z</time>
      </trkpt>
      <trkpt lat="24.909804310668797" lon="118.53499712983859">
        <ele>9.463009636849165</ele>
        <time>2024-11-05T15:19:24Z</time>
      </trkpt>
      <trkpt lat="24.909824995340834" lon="118.5347556196794">
        <ele>8.431112761609256</ele>
        <time>2024-11-05T15:19:32Z</time>
      </trkpt>
      <trkpt lat="24.909819288342295" lon="118.53463841806995">
        <ele>8.408868406899273</ele>
        <time>2024-11-05T15:19:36Z</time>
      </trkpt>
      <trkpt lat="24.909852739300064" lon="118.5342795207276">
        <ele>6.903399758972228</ele>
        <time>2024-11-05T15:19:48Z</time>
      </trkpt>
      <trkpt lat="24.90988942741186" lon="118.53401004176865">
        <ele>7.222879186272621</ele>
        <time>2024-11-05T15:19:56Z</time>
      </trkpt>
      <trkpt lat="24.909955789834637" lon="118.53388762303314">
        <ele>7.289905603043735</ele>
        <time>2024-11-05T15:20:00Z</time>
      </trkpt>
      <trkpt lat="24.910142886494363" lon="118.53376888292674">
        <ele>8.133388533256948</ele>
        <time>2024-11-05T15:20:08Z</time>
      </trkpt>
      <trkpt lat="24.91034608656335" lon="118.53372341372115">
        <ele>9.724980712868273</ele>
        <time>2024-11-05T15:20:15Z</time>
      </trkpt>
      <trkpt lat="24.910607668786042" lon="118.53371570950205">
        <ele>10.79602649062872</ele>
        <time>2024-11-05T15:20:23Z</time>
      </trkpt>
      <trkpt lat="24.910947332523854" lon="118.5337221440323">
        <ele>10.02675131894648</ele>
        <time>2024-11-05T15:20:34Z</time>
      </trkpt>
      <trkpt lat="24.911276098184434" lon="118.53371970467423">
        <ele>10.135865041986108</ele>
        <time>2024-11-05T15:20:45Z</time>
      </trkpt>
      <trkpt lat="24.9116178483822" lon="118.5337187520928">
        <ele>10.748498495668173</ele>
        <time>2024-11-05T15:20:57Z</time>
      </trkpt>
      <trkpt lat="24.912003326778674" lon="118.5337248952396">
        <ele>9.997966142371297</ele>
        <time>2024-11-05T15:21:09Z</time>
      </trkpt>
      <trkpt lat="24.91213561650383" lon="118.53374188261445">
        <ele>10.593585233204067</ele>
        <time>2024-11-05T15:21:13Z</time>
      </trkpt>
      <trkpt lat="24.912472075689827" lon="118.53372119956586">
        <ele>10.11108882073313</ele>
        <time>2024-11-05T15:21:24Z</time>
      </trkpt>
      <trkpt lat="24.912832844212147" lon="118.53373259360129">
        <ele>10.192222983576357</ele>
        <time>2024-11-05T15:21:36Z</time>
      </trkpt>
      <trkpt lat="24.91314973406023" lon="118.53381583515137">
        <ele>10.007284892722964</ele>
        <time>2024-11-05T15:21:47Z</time>
      </trkpt>
      <trkpt lat="24.913511736814097" lon="118.53387601616757">
        <ele>9.831084760837257</ele>
        <time>2024-11-05T15:21:59Z</time>
      </trkpt>
      <trkpt lat="24.913849978923086" lon="118.53394285181706">
        <ele>10.053245353512466</ele>
        <time>2024-11-05T15:22:11Z</time>
      </trkpt>
      <trkpt lat="24.914140624108043" lon="118.53396489453056">
        <ele>10.419213992543519</ele>
        <time>2024-11-05T15:22:21Z</time>
      </trkpt>
      <trkpt lat="24.91445554577555" lon="118.5340097602076">
        <ele>12.241415209136903</ele>
        <time>2024-11-05T15:22:32Z</time>
      </trkpt>
      <trkpt lat="24.914746586692747" lon="118.5340751407208">
        <ele>12.07446893490851</ele>
        <time>2024-11-05T15:22:44Z</time>
      </trkpt>
      <trkpt lat="24.914829889114326" lon="118.534100842066">
        <ele>12.095059654675424</ele>
        <time>2024-11-05T15:22:48Z</time>
      </trkpt>
      <trkpt lat="24.915017444967773" lon="118.5340943767894">
        <ele>12.087972566485405</ele>
        <time>2024-11-05T15:22:56Z</time>
      </trkpt>
      <trkpt lat="24.915390259160414" lon="118.53416242828138">
        <ele>12.582093972712755</ele>
        <time>2024-11-05T15:23:08Z</time>
      </trkpt>
      <trkpt lat="24.91578075684954" lon="118.53424089879975">
        <ele>12.805688397027552</ele>
        <time>2024-11-05T15:23:20Z</time>
      </trkpt>
      <trkpt lat="24.91616145072641" lon="118.534300817711">
        <ele>12.801282011903822</ele>
        <time>2024-11-05T15:23:32Z</time>
      </trkpt>
      <trkpt lat="24.916518801977137" lon="118.53436688730518">
        <ele>13.249963702633977</ele>
        <time>2024-11-05T15:23:44Z</time>
      </trkpt>
      <trkpt lat="24.916883583675045" lon="118.53444980724046">
        <ele>14.903087392449379</ele>
        <time>2024-11-05T15:23:56Z</time>
      </trkpt>
      <trkpt lat="24.917093608254813" lon="118.53451096814327">
        <ele>14.665062878280878</ele>
        <time>2024-11-05T15:24:04Z</time>
      </trkpt>
      <trkpt lat="24.917204434043576" lon="118.53452013484815">
        <ele>13.88970412593335</ele>
        <time>2024-11-05T15:24:08Z</time>
      </trkpt>
      <trkpt lat="24.917318211288578" lon="118.5345716153935">
        <ele>14.84649184346199</ele>
        <time>2024-11-05T15:24:12Z</time>
      </trkpt>
      <trkpt lat="24.917665821811735" lon="118.53461591818574">
        <ele>14.597995761781931</ele>
        <time>2024-11-05T15:24:24Z</time>
      </trkpt>
      <trkpt lat="24.91804765777647" lon="118.5347149636623">
        <ele>13.97138402145356</ele>
        <time>2024-11-05T15:24:36Z</time>
      </trkpt>
      <trkpt lat="24.91840009366111" lon="118.53482080476878">
        <ele>12.521688835695386</ele>
        <time>2024-11-05T15:24:48Z</time>
      </trkpt>
      <trkpt lat="24.918510185458278" lon="118.53488312352704">
        <ele>12.761567243374884</ele>
        <time>2024-11-05T15:24:52Z</time>
      </trkpt>
      <trkpt lat="24.918593216321657" lon="118.5349651080114">
        <ele>12.129486083984375</ele>
        <time>2024-11-05T15:24:56Z</time>
      </trkpt>
      <trkpt lat="24.91863745693011" lon="118.53509313809502">
        <ele>12.839165006764233</ele>
        <time>2024-11-05T15:25:00Z</time>
      </trkpt>
      <trkpt lat="24.918618584886588" lon="118.53533018814238">
        <ele>11.712008429691195</ele>
        <time>2024-11-05T15:25:07Z</time>
      </trkpt>
      <trkpt lat="24.918566159387968" lon="118.53545192890381">
        <ele>9.358624500222504</ele>
        <time>2024-11-05T15:25:11Z</time>
      </trkpt>
      <trkpt lat="24.918545458299505" lon="118.53554932721497">
        <ele>10.11605070438236</ele>
        <time>2024-11-05T15:25:14Z</time>
      </trkpt>
      <trkpt lat="24.91849735723716" lon="118.5356367245335">
        <ele>10.356208391487598</ele>
        <time>2024-11-05T15:25:17Z</time>
      </trkpt>
      <trkpt lat="24.918443384803293" lon="118.53583220913414">
        <ele>11.367556167766452</ele>
        <time>2024-11-05T15:25:23Z</time>
      </trkpt>
      <trkpt lat="24.918414391535883" lon="118.5359952499365">
        <ele>10.286454706452787</ele>
        <time>2024-11-05T15:25:29Z</time>
      </trkpt>
      <trkpt lat="24.91824140551482" lon="118.53632575278122">
        <ele>10.603344375267625</ele>
        <time>2024-11-05T15:25:41Z</time>
      </trkpt>
      <trkpt lat="24.918086082573385" lon="118.53667798247054">
        <ele>10.013088605366647</ele>
        <time>2024-11-05T15:25:53Z</time>
      </trkpt>
      <trkpt lat="24.918056728385093" lon="118.53676601600216">
        <ele>10.157353095710278</ele>
        <time>2024-11-05T15:25:56Z</time>
      </trkpt>
      <trkpt lat="24.9178843115334" lon="118.53703593870256">
        <ele>9.912918967194855</ele>
        <time>2024-11-05T15:26:07Z</time>
      </trkpt>
      <trkpt lat="24.917706608188293" lon="118.53739232909147">
        <ele>10.230540073476732</ele>
        <time>2024-11-05T15:26:19Z</time>
      </trkpt>
      <trkpt lat="24.917649055142654" lon="118.53751193929428">
        <ele>10.24988711439073</ele>
        <time>2024-11-05T15:26:23Z</time>
      </trkpt>
      <trkpt lat="24.917625646529473" lon="118.53761404673406">
        <ele>10.497449175454676</ele>
        <time>2024-11-05T15:26:26Z</time>
      </trkpt>
      <trkpt lat="24.917569267671038" lon="118.53772645936921">
        <ele>10.329314860515296</ele>
        <time>2024-11-05T15:26:30Z</time>
      </trkpt>
      <trkpt lat="24.917521043793883" lon="118.53802375382783">
        <ele>10.218621931038797</ele>
        <time>2024-11-05T15:26:38Z</time>
      </trkpt>
      <trkpt lat="24.917394939320115" lon="118.53838674221205">
        <ele>10.16040328424424</ele>
        <time>2024-11-05T15:26:50Z</time>
      </trkpt>
      <trkpt lat="24.91735494275079" lon="118.5384845674646">
        <ele>9.89361487608403</ele>
        <time>2024-11-05T15:26:53Z</time>
      </trkpt>
      <trkpt lat="24.9173543734697" lon="118.53862304037023">
        <ele>10.290658581070602</ele>
        <time>2024-11-05T15:26:57Z</time>
      </trkpt>
      <trkpt lat="24.91727705418113" lon="118.5387370117891">
        <ele>10.025039092637599</ele>
        <time>2024-11-05T15:27:01Z</time>
      </trkpt>
      <trkpt lat="24.917127379284658" lon="118.5390712789925">
        <ele>9.914708651602268</ele>
        <time>2024-11-05T15:27:13Z</time>
      </trkpt>
      <trkpt lat="24.917065158881105" lon="118.53932139600708">
        <ele>9.569967132993042</ele>
        <time>2024-11-05T15:27:21Z</time>
      </trkpt>
      <trkpt lat="24.91692884211498" lon="118.53970990805087">
        <ele>9.52230079472065</ele>
        <time>2024-11-05T15:27:33Z</time>
      </trkpt>
      <trkpt lat="24.91688242887078" lon="118.53982829479723">
        <ele>10.025314531289041</ele>
        <time>2024-11-05T15:27:37Z</time>
      </trkpt>
      <trkpt lat="24.91675218930193" lon="118.5399171627752">
        <ele>9.964811503887177</ele>
        <time>2024-11-05T15:27:41Z</time>
      </trkpt>
      <trkpt lat="24.916636626216434" lon="118.54012365617243">
        <ele>10.26806025300175</ele>
        <time>2024-11-05T15:27:49Z</time>
      </trkpt>
      <trkpt lat="24.916618125728352" lon="118.5402485800538">
        <ele>9.982571214437485</ele>
        <time>2024-11-05T15:27:53Z</time>
      </trkpt>
      <trkpt lat="24.916535196264984" lon="118.5405318769556">
        <ele>11.00463786534965</ele>
        <time>2024-11-05T15:28:01Z</time>
      </trkpt>
      <trkpt lat="24.91655850518608" lon="118.54066616158362">
        <ele>12.182220655493438</ele>
        <time>2024-11-05T15:28:05Z</time>
      </trkpt>
      <trkpt lat="24.91656765072758" lon="118.54089502728898">
        <ele>13.058387801982462</ele>
        <time>2024-11-05T15:28:12Z</time>
      </trkpt>
      <trkpt lat="24.916678882373006" lon="118.54126167158581">
        <ele>13.069937719963491</ele>
        <time>2024-11-05T15:28:23Z</time>
      </trkpt>
      <trkpt lat="24.916686570936026" lon="118.5413860298572">
        <ele>12.821113037876785</ele>
        <time>2024-11-05T15:28:27Z</time>
      </trkpt>
      <trkpt lat="24.916769469264594" lon="118.54160105727905">
        <ele>12.814119863323867</ele>
        <time>2024-11-05T15:28:34Z</time>
      </trkpt>
      <trkpt lat="24.916736960743577" lon="118.5417228830482">
        <ele>12.447131116874516</ele>
        <time>2024-11-05T15:28:38Z</time>
      </trkpt>
      <trkpt lat="24.91657680266031" lon="118.54192074288693">
        <ele>6.885284724645317</ele>
        <time>2024-11-05T15:28:46Z</time>
      </trkpt>
      <trkpt lat="24.916453674990574" lon="118.54195597268651">
        <ele>9.904793048277497</ele>
        <time>2024-11-05T15:28:50Z</time>
      </trkpt>
      <trkpt lat="24.91622621602713" lon="118.54209296467798">
        <ele>11.963790520094335</ele>
        <time>2024-11-05T15:28:58Z</time>
      </trkpt>
      <trkpt lat="24.915999662975516" lon="118.54229952570473">
        <ele>12.96969333011657</ele>
        <time>2024-11-05T15:29:06Z</time>
      </trkpt>
      <trkpt lat="24.91588273727868" lon="118.54238705444143">
        <ele>12.899665024131536</ele>
        <time>2024-11-05T15:29:10Z</time>
      </trkpt>
      <trkpt lat="24.915761245312478" lon="118.54244171305332">
        <ele>12.261040379293263</ele>
        <time>2024-11-05T15:29:14Z</time>
      </trkpt>
      <trkpt lat="24.91544620693927" lon="118.54255104891926">
        <ele>12.547222174704075</ele>
        <time>2024-11-05T15:29:26Z</time>
      </trkpt>
      <trkpt lat="24.915340390980145" lon="118.54256867406225">
        <ele>12.532047741115093</ele>
        <time>2024-11-05T15:29:30Z</time>
      </trkpt>
      <trkpt lat="24.91521763076708" lon="118.542525437967">
        <ele>11.912006925791502</ele>
        <time>2024-11-05T15:29:34Z</time>
      </trkpt>
      <trkpt lat="24.915085583857092" lon="118.5425035625582">
        <ele>11.472352612763643</ele>
        <time>2024-11-05T15:29:38Z</time>
      </trkpt>
      <trkpt lat="24.914735703534394" lon="118.54253525520099">
        <ele>10.003913982771337</ele>
        <time>2024-11-05T15:29:50Z</time>
      </trkpt>
      <trkpt lat="24.914395490557727" lon="118.54253539333972">
        <ele>10.033225626684725</ele>
        <time>2024-11-05T15:30:01Z</time>
      </trkpt>
      <trkpt lat="24.91426426248649" lon="118.54257498258579">
        <ele>10.053385253064334</ele>
        <time>2024-11-05T15:30:05Z</time>
      </trkpt>
      <trkpt lat="24.914042874374683" lon="118.54260824396646">
        <ele>9.201462402008474</ele>
        <time>2024-11-05T15:30:13Z</time>
      </trkpt>
      <trkpt lat="24.913818010045496" lon="118.54267210534543">
        <ele>9.773470241576433</ele>
        <time>2024-11-05T15:30:21Z</time>
      </trkpt>
      <trkpt lat="24.913475354040543" lon="118.54281901014828">
        <ele>7.931700735352933</ele>
        <time>2024-11-05T15:30:33Z</time>
      </trkpt>
      <trkpt lat="24.913277235562592" lon="118.5428278542812">
        <ele>8.24076556134969</ele>
        <time>2024-11-05T15:30:39Z</time>
      </trkpt>
      <trkpt lat="24.913021136817296" lon="118.5428977413611">
        <ele>8.151613467372954</ele>
        <time>2024-11-05T15:30:48Z</time>
      </trkpt>
      <trkpt lat="24.91284233242763" lon="118.54291278374363">
        <ele>8.270520160906017</ele>
        <time>2024-11-05T15:30:54Z</time>
      </trkpt>
      <trkpt lat="24.912569743749096" lon="118.54298978079707">
        <ele>8.528496772050858</ele>
        <time>2024-11-05T15:31:03Z</time>
      </trkpt>
      <trkpt lat="24.91226483437435" lon="118.54310679781406">
        <ele>8.393725036643445</ele>
        <time>2024-11-05T15:31:15Z</time>
      </trkpt>
      <trkpt lat="24.912001292213816" lon="118.54318264050066">
        <ele>7.946946335025132</ele>
        <time>2024-11-05T15:31:24Z</time>
      </trkpt>
      <trkpt lat="24.911840563297805" lon="118.54322962685767">
        <ele>7.361425256356597</ele>
        <time>2024-11-05T15:31:30Z</time>
      </trkpt>
      <trkpt lat="24.911634383752165" lon="118.5432520993845">
        <ele>8.720119815319777</ele>
        <time>2024-11-05T15:31:36Z</time>
      </trkpt>
    </trkseg>
  </trk>
</gpx>