<?xml version="1.0" encoding="UTF-8"?>
<gpx xmlns="http://www.topografix.com/GPX/1/1" xmlns:gpxtpx="http://www.garmin.com/xmlschemas/TrackPointExtension/v1" xmlns:xsi="http://www.w3.org/2001/XMLSchema-instance" xsi:schemaLocation="http://www.topografix.com/GPX/1/1 http://www.topografix.com/GPX/1/1/gpx.xsd" version="1.1" creator="gpx.py -- https://github.com/tkrajina/gpxpy">
  <trk>
    <name>gpx from keep</name>
    <type>Run</type>
    <trkseg>
      <trkpt lat="24.91130106849238" lon="118.53753204914656">
        <ele>23.8480224609375</ele>
        <time>2026-01-27T12:18:18Z</time>
        <extensions>
          <gpxtpx:TrackPointExtension>
            <gpxtpx:hr>110</gpxtpx:hr>
          </gpxtpx:TrackPointExtension>
        </extensions>
      </trkpt>
      <trkpt lat="24.91123618391684" lon="118.53757817710411">
        <ele>24.70458984375</ele>
        <time>2026-01-27T12:18:21Z</time>
        <extensions>
          <gpxtpx:TrackPointExtension>
            <gpxtpx:hr>107</gpxtpx:hr>
          </gpxtpx:TrackPointExtension>
        </extensions>
      </trkpt>
      <trkpt lat="24.91119233562343" lon="118.53764134909014">
        <ele>23.036376953125</ele>
        <time>2026-01-27T12:18:24Z</time>
        <extensions>
          <gpxtpx:TrackPointExtension>
            <gpxtpx:hr>111</gpxtpx:hr>
          </gpxtpx:TrackPointExtension>
        </extensions>
      </trkpt>
      <trkpt lat="24.91115962178078" lon="118.53776367809994">
        <ele>22.39788818359375</ele>
        <time>2026-01-27T12:18:27Z</time>
        <extensions>
          <gpxtpx:TrackPointExtension>
            <gpxtpx:hr>118</gpxtpx:hr>
          </gpxtpx:TrackPointExtension>
        </extensions>
      </trkpt>
      <trkpt lat="24.911092854632773" lon="118.53786094214814">
        <ele>21.2435302734375</ele>
        <time>2026-01-27T12:18:30Z</time>
        <extensions>
          <gpxtpx:TrackPointExtension>
            <gpxtpx:hr>124</gpxtpx:hr>
          </gpxtpx:TrackPointExtension>
        </extensions>
      </trkpt>
      <trkpt lat="24.910989319853513" lon="118.53805747246777">
        <ele>22.13043212890625</ele>
        <time>2026-01-27T12:18:36Z</time>
        <extensions>
          <gpxtpx:TrackPointExtension>
            <gpxtpx:hr>126</gpxtpx:hr>
          </gpxtpx:TrackPointExtension>
        </extensions>
      </trkpt>
      <trkpt lat="24.91086315079837" lon="118.53841342518334">
        <ele>20.68572998046875</ele>
        <time>2026-01-27T12:18:45Z</time>
        <extensions>
          <gpxtpx:TrackPointExtension>
            <gpxtpx:hr>139</gpxtpx:hr>
          </gpxtpx:TrackPointExtension>
        </extensions>
      </trkpt>
      <trkpt lat="24.910838387200155" lon="118.53851569727486">
        <ele>19.59765625</ele>
        <time>2026-01-27T12:18:48Z</time>
        <extensions>
          <gpxtpx:TrackPointExtension>
            <gpxtpx:hr>140</gpxtpx:hr>
          </gpxtpx:TrackPointExtension>
        </extensions>
      </trkpt>
      <trkpt lat="24.910851638486573" lon="118.53862699014331">
        <ele>19.99615478515625</ele>
        <time>2026-01-27T12:18:51Z</time>
        <extensions>
          <gpxtpx:TrackPointExtension>
            <gpxtpx:hr>144</gpxtpx:hr>
          </gpxtpx:TrackPointExtension>
        </extensions>
      </trkpt>
      <trkpt lat="24.910939781097206" lon="118.53869516376132">
        <ele>19.30706787109375</ele>
        <time>2026-01-27T12:18:54Z</time>
        <extensions>
          <gpxtpx:TrackPointExtension>
            <gpxtpx:hr>144</gpxtpx:hr>
          </gpxtpx:TrackPointExtension>
        </extensions>
      </trkpt>
      <trkpt lat="24.91115186309315" lon="118.53874427841389">
        <ele>20.523681640625</ele>
        <time>2026-01-27T12:19:00Z</time>
        <extensions>
          <gpxtpx:TrackPointExtension>
            <gpxtpx:hr>146</gpxtpx:hr>
          </gpxtpx:TrackPointExtension>
        </extensions>
      </trkpt>
      <trkpt lat="24.91123996226157" lon="118.53879340161623">
        <ele>21.74078369140625</ele>
        <time>2026-01-27T12:19:03Z</time>
        <extensions>
          <gpxtpx:TrackPointExtension>
            <gpxtpx:hr>148</gpxtpx:hr>
          </gpxtpx:TrackPointExtension>
        </extensions>
      </trkpt>
      <trkpt lat="24.91124820643867" lon="118.53890168580716">
        <ele>22.4219970703125</ele>
        <time>2026-01-27T12:19:06Z</time>
        <extensions>
          <gpxtpx:TrackPointExtension>
            <gpxtpx:hr>148</gpxtpx:hr>
          </gpxtpx:TrackPointExtension>
        </extensions>
      </trkpt>
      <trkpt lat="24.911158945779224" lon="118.53922353588344">
        <ele>21.09954833984375</ele>
        <time>2026-01-27T12:19:15Z</time>
        <extensions>
          <gpxtpx:TrackPointExtension>
            <gpxtpx:hr>153</gpxtpx:hr>
          </gpxtpx:TrackPointExtension>
        </extensions>
      </trkpt>
      <trkpt lat="24.911093631185686" lon="118.5395243256523">
        <ele>21.34521484375</ele>
        <time>2026-01-27T12:19:24Z</time>
        <extensions>
          <gpxtpx:TrackPointExtension>
            <gpxtpx:hr>156</gpxtpx:hr>
          </gpxtpx:TrackPointExtension>
        </extensions>
      </trkpt>
      <trkpt lat="24.911040141684268" lon="118.53974891350147">
        <ele>24.48284912109375</ele>
        <time>2026-01-27T12:19:30Z</time>
        <extensions>
          <gpxtpx:TrackPointExtension>
            <gpxtpx:hr>157</gpxtpx:hr>
          </gpxtpx:TrackPointExtension>
        </extensions>
      </trkpt>
      <trkpt lat="24.91096357997441" lon="118.53994041542954">
        <ele>25.02423095703125</ele>
        <time>2026-01-27T12:19:36Z</time>
        <extensions>
          <gpxtpx:TrackPointExtension>
            <gpxtpx:hr>155</gpxtpx:hr>
          </gpxtpx:TrackPointExtension>
        </extensions>
      </trkpt>
      <trkpt lat="24.91093405955079" lon="118.54015396967546">
        <ele>24.88037109375</ele>
        <time>2026-01-27T12:19:42Z</time>
        <extensions>
          <gpxtpx:TrackPointExtension>
            <gpxtpx:hr>157</gpxtpx:hr>
          </gpxtpx:TrackPointExtension>
        </extensions>
      </trkpt>
      <trkpt lat="24.910861454722188" lon="118.54032742197387">
        <ele>23.4730224609375</ele>
        <time>2026-01-27T12:19:48Z</time>
        <extensions>
          <gpxtpx:TrackPointExtension>
            <gpxtpx:hr>158</gpxtpx:hr>
          </gpxtpx:TrackPointExtension>
        </extensions>
      </trkpt>
      <trkpt lat="24.91081015158504" lon="118.5406392267205">
        <ele>22.4998779296875</ele>
        <time>2026-01-27T12:19:57Z</time>
        <extensions>
          <gpxtpx:TrackPointExtension>
            <gpxtpx:hr>159</gpxtpx:hr>
          </gpxtpx:TrackPointExtension>
        </extensions>
      </trkpt>
      <trkpt lat="24.910752848244282" lon="118.54095203079292">
        <ele>22.6763916015625</ele>
        <time>2026-01-27T12:20:06Z</time>
        <extensions>
          <gpxtpx:TrackPointExtension>
            <gpxtpx:hr>159</gpxtpx:hr>
          </gpxtpx:TrackPointExtension>
        </extensions>
      </trkpt>
      <trkpt lat="24.910661727692336" lon="118.5413063530041">
        <ele>14.6419677734375</ele>
        <time>2026-01-27T12:20:18Z</time>
        <extensions>
          <gpxtpx:TrackPointExtension>
            <gpxtpx:hr>159</gpxtpx:hr>
          </gpxtpx:TrackPointExtension>
        </extensions>
      </trkpt>
      <trkpt lat="24.910560059578817" lon="118.5415844115841">
        <ele>8.622833251953125</ele>
        <time>2026-01-27T12:20:27Z</time>
        <extensions>
          <gpxtpx:TrackPointExtension>
            <gpxtpx:hr>165</gpxtpx:hr>
          </gpxtpx:TrackPointExtension>
        </extensions>
      </trkpt>
      <trkpt lat="24.910491982934406" lon="118.54191448750593">
        <ele>8.357696533203125</ele>
        <time>2026-01-27T12:20:36Z</time>
        <extensions>
          <gpxtpx:TrackPointExtension>
            <gpxtpx:hr>165</gpxtpx:hr>
          </gpxtpx:TrackPointExtension>
        </extensions>
      </trkpt>
      <trkpt lat="24.91041965525809" lon="118.54222126239483">
        <ele>8.83587646484375</ele>
        <time>2026-01-27T12:20:45Z</time>
        <extensions>
          <gpxtpx:TrackPointExtension>
            <gpxtpx:hr>167</gpxtpx:hr>
          </gpxtpx:TrackPointExtension>
        </extensions>
      </trkpt>
      <trkpt lat="24.910372363844232" lon="118.54254808187207">
        <ele>13.53143310546875</ele>
        <time>2026-01-27T12:20:54Z</time>
        <extensions>
          <gpxtpx:TrackPointExtension>
            <gpxtpx:hr>170</gpxtpx:hr>
          </gpxtpx:TrackPointExtension>
        </extensions>
      </trkpt>
      <trkpt lat="24.910287071905998" lon="118.54287389737623">
        <ele>16.666015625</ele>
        <time>2026-01-27T12:21:03Z</time>
        <extensions>
          <gpxtpx:TrackPointExtension>
            <gpxtpx:hr>169</gpxtpx:hr>
          </gpxtpx:TrackPointExtension>
        </extensions>
      </trkpt>
      <trkpt lat="24.910268564961402" lon="118.54310446909702">
        <ele>21.00628662109375</ele>
        <time>2026-01-27T12:21:09Z</time>
        <extensions>
          <gpxtpx:TrackPointExtension>
            <gpxtpx:hr>169</gpxtpx:hr>
          </gpxtpx:TrackPointExtension>
        </extensions>
      </trkpt>
      <trkpt lat="24.91028578799505" lon="118.54321073009618">
        <ele>21.51690673828125</ele>
        <time>2026-01-27T12:21:12Z</time>
        <extensions>
          <gpxtpx:TrackPointExtension>
            <gpxtpx:hr>168</gpxtpx:hr>
          </gpxtpx:TrackPointExtension>
        </extensions>
      </trkpt>
      <trkpt lat="24.91026899415315" lon="118.54330696834579">
        <ele>21.76947021484375</ele>
        <time>2026-01-27T12:21:15Z</time>
        <extensions>
          <gpxtpx:TrackPointExtension>
            <gpxtpx:hr>169</gpxtpx:hr>
          </gpxtpx:TrackPointExtension>
        </extensions>
      </trkpt>
      <trkpt lat="24.910275171375336" lon="118.54339117506477">
        <ele>21.98394775390625</ele>
        <time>2026-01-27T12:21:18Z</time>
        <extensions>
          <gpxtpx:TrackPointExtension>
            <gpxtpx:hr>170</gpxtpx:hr>
          </gpxtpx:TrackPointExtension>
        </extensions>
      </trkpt>
      <trkpt lat="24.910337183936676" lon="118.54340119539249">
        <ele>19.511962890625</ele>
        <time>2026-01-27T12:21:21Z</time>
        <extensions>
          <gpxtpx:TrackPointExtension>
            <gpxtpx:hr>170</gpxtpx:hr>
          </gpxtpx:TrackPointExtension>
        </extensions>
      </trkpt>
      <trkpt lat="24.910692034992426" lon="118.5433540548522">
        <ele>21.0406494140625</ele>
        <time>2026-01-27T12:21:33Z</time>
        <extensions>
          <gpxtpx:TrackPointExtension>
            <gpxtpx:hr>168</gpxtpx:hr>
          </gpxtpx:TrackPointExtension>
        </extensions>
      </trkpt>
      <trkpt lat="24.910983949855957" lon="118.54333298275036">
        <ele>19.43072509765625</ele>
        <time>2026-01-27T12:21:42Z</time>
        <extensions>
          <gpxtpx:TrackPointExtension>
            <gpxtpx:hr>166</gpxtpx:hr>
          </gpxtpx:TrackPointExtension>
        </extensions>
      </trkpt>
      <trkpt lat="24.911257814160017" lon="118.54328685018606">
        <ele>18.09326171875</ele>
        <time>2026-01-27T12:21:51Z</time>
        <extensions>
          <gpxtpx:TrackPointExtension>
            <gpxtpx:hr>163</gpxtpx:hr>
          </gpxtpx:TrackPointExtension>
        </extensions>
      </trkpt>
      <trkpt lat="24.91152466873544" lon="118.54323570567351">
        <ele>15.55035400390625</ele>
        <time>2026-01-27T12:22:00Z</time>
        <extensions>
          <gpxtpx:TrackPointExtension>
            <gpxtpx:hr>166</gpxtpx:hr>
          </gpxtpx:TrackPointExtension>
        </extensions>
      </trkpt>
      <trkpt lat="24.911812533037214" lon="118.54319057443072">
        <ele>16.74700927734375</ele>
        <time>2026-01-27T12:22:09Z</time>
        <extensions>
          <gpxtpx:TrackPointExtension>
            <gpxtpx:hr>170</gpxtpx:hr>
          </gpxtpx:TrackPointExtension>
        </extensions>
      </trkpt>
      <trkpt lat="24.912077349406438" lon="118.54312138532256">
        <ele>16.73626708984375</ele>
        <time>2026-01-27T12:22:18Z</time>
        <extensions>
          <gpxtpx:TrackPointExtension>
            <gpxtpx:hr>165</gpxtpx:hr>
          </gpxtpx:TrackPointExtension>
        </extensions>
      </trkpt>
      <trkpt lat="24.91235815058925" lon="118.54304618004753">
        <ele>17.1444091796875</ele>
        <time>2026-01-27T12:22:27Z</time>
        <extensions>
          <gpxtpx:TrackPointExtension>
            <gpxtpx:hr>166</gpxtpx:hr>
          </gpxtpx:TrackPointExtension>
        </extensions>
      </trkpt>
      <trkpt lat="24.912625934179413" lon="118.54296195312736">
        <ele>17.48626708984375</ele>
        <time>2026-01-27T12:22:36Z</time>
        <extensions>
          <gpxtpx:TrackPointExtension>
            <gpxtpx:hr>166</gpxtpx:hr>
          </gpxtpx:TrackPointExtension>
        </extensions>
      </trkpt>
      <trkpt lat="24.912974637848578" lon="118.54284564077379">
        <ele>18.62579345703125</ele>
        <time>2026-01-27T12:22:48Z</time>
        <extensions>
          <gpxtpx:TrackPointExtension>
            <gpxtpx:hr>166</gpxtpx:hr>
          </gpxtpx:TrackPointExtension>
        </extensions>
      </trkpt>
      <trkpt lat="24.913256472370886" lon="118.54278647443127">
        <ele>20.6688232421875</ele>
        <time>2026-01-27T12:22:57Z</time>
        <extensions>
          <gpxtpx:TrackPointExtension>
            <gpxtpx:hr>167</gpxtpx:hr>
          </gpxtpx:TrackPointExtension>
        </extensions>
      </trkpt>
      <trkpt lat="24.91354530150194" lon="118.54272530248441">
        <ele>22.064697265625</ele>
        <time>2026-01-27T12:23:06Z</time>
        <extensions>
          <gpxtpx:TrackPointExtension>
            <gpxtpx:hr>167</gpxtpx:hr>
          </gpxtpx:TrackPointExtension>
        </extensions>
      </trkpt>
      <trkpt lat="24.91388005331966" lon="118.54263104490992">
        <ele>21.30621337890625</ele>
        <time>2026-01-27T12:23:18Z</time>
        <extensions>
          <gpxtpx:TrackPointExtension>
            <gpxtpx:hr>167</gpxtpx:hr>
          </gpxtpx:TrackPointExtension>
        </extensions>
      </trkpt>
      <trkpt lat="24.914199817648782" lon="118.54254180052163">
        <ele>23.97308349609375</ele>
        <time>2026-01-27T12:23:30Z</time>
        <extensions>
          <gpxtpx:TrackPointExtension>
            <gpxtpx:hr>166</gpxtpx:hr>
          </gpxtpx:TrackPointExtension>
        </extensions>
      </trkpt>
      <trkpt lat="24.914535540736487" lon="118.54243450968752">
        <ele>21.872802734375</ele>
        <time>2026-01-27T12:23:42Z</time>
        <extensions>
          <gpxtpx:TrackPointExtension>
            <gpxtpx:hr>167</gpxtpx:hr>
          </gpxtpx:TrackPointExtension>
        </extensions>
      </trkpt>
      <trkpt lat="24.914803350472393" lon="118.54236331332298">
        <ele>24.02874755859375</ele>
        <time>2026-01-27T12:23:51Z</time>
        <extensions>
          <gpxtpx:TrackPointExtension>
            <gpxtpx:hr>169</gpxtpx:hr>
          </gpxtpx:TrackPointExtension>
        </extensions>
      </trkpt>
      <trkpt lat="24.91507813963894" lon="118.54228309370902">
        <ele>26.79010009765625</ele>
        <time>2026-01-27T12:24:00Z</time>
        <extensions>
          <gpxtpx:TrackPointExtension>
            <gpxtpx:hr>167</gpxtpx:hr>
          </gpxtpx:TrackPointExtension>
        </extensions>
      </trkpt>
      <trkpt lat="24.91535989088314" lon="118.54218583067329">
        <ele>24.4993896484375</ele>
        <time>2026-01-27T12:24:09Z</time>
        <extensions>
          <gpxtpx:TrackPointExtension>
            <gpxtpx:hr>170</gpxtpx:hr>
          </gpxtpx:TrackPointExtension>
        </extensions>
      </trkpt>
      <trkpt lat="24.915620657707883" lon="118.54209458382346">
        <ele>25.0579833984375</ele>
        <time>2026-01-27T12:24:18Z</time>
        <extensions>
          <gpxtpx:TrackPointExtension>
            <gpxtpx:hr>170</gpxtpx:hr>
          </gpxtpx:TrackPointExtension>
        </extensions>
      </trkpt>
      <trkpt lat="24.915901447434244" lon="118.54201536547747">
        <ele>26.43463134765625</ele>
        <time>2026-01-27T12:24:27Z</time>
        <extensions>
          <gpxtpx:TrackPointExtension>
            <gpxtpx:hr>172</gpxtpx:hr>
          </gpxtpx:TrackPointExtension>
        </extensions>
      </trkpt>
      <trkpt lat="24.916146183410863" lon="118.54190908131774">
        <ele>24.29949951171875</ele>
        <time>2026-01-27T12:24:36Z</time>
        <extensions>
          <gpxtpx:TrackPointExtension>
            <gpxtpx:hr>170</gpxtpx:hr>
          </gpxtpx:TrackPointExtension>
        </extensions>
      </trkpt>
      <trkpt lat="24.91623612959848" lon="118.5418900271298">
        <ele>24.7568359375</ele>
        <time>2026-01-27T12:24:39Z</time>
        <extensions>
          <gpxtpx:TrackPointExtension>
            <gpxtpx:hr>170</gpxtpx:hr>
          </gpxtpx:TrackPointExtension>
        </extensions>
      </trkpt>
      <trkpt lat="24.916298966628588" lon="118.54181884353929">
        <ele>23.39996337890625</ele>
        <time>2026-01-27T12:24:42Z</time>
        <extensions>
          <gpxtpx:TrackPointExtension>
            <gpxtpx:hr>168</gpxtpx:hr>
          </gpxtpx:TrackPointExtension>
        </extensions>
      </trkpt>
      <trkpt lat="24.916352536978444" lon="118.54162434913296">
        <ele>25.74560546875</ele>
        <time>2026-01-27T12:24:48Z</time>
        <extensions>
          <gpxtpx:TrackPointExtension>
            <gpxtpx:hr>169</gpxtpx:hr>
          </gpxtpx:TrackPointExtension>
        </extensions>
      </trkpt>
      <trkpt lat="24.916351065648406" lon="118.54140780121753">
        <ele>31.70343017578125</ele>
        <time>2026-01-27T12:24:54Z</time>
        <extensions>
          <gpxtpx:TrackPointExtension>
            <gpxtpx:hr>166</gpxtpx:hr>
          </gpxtpx:TrackPointExtension>
        </extensions>
      </trkpt>
      <trkpt lat="24.916325345790344" lon="118.5410769623192">
        <ele>36.97882080078125</ele>
        <time>2026-01-27T12:25:03Z</time>
        <extensions>
          <gpxtpx:TrackPointExtension>
            <gpxtpx:hr>168</gpxtpx:hr>
          </gpxtpx:TrackPointExtension>
        </extensions>
      </trkpt>
      <trkpt lat="24.916334844676665" lon="118.54084938096163">
        <ele>42.37652587890625</ele>
        <time>2026-01-27T12:25:09Z</time>
        <extensions>
          <gpxtpx:TrackPointExtension>
            <gpxtpx:hr>171</gpxtpx:hr>
          </gpxtpx:TrackPointExtension>
        </extensions>
      </trkpt>
      <trkpt lat="24.91642018508001" lon="118.54055562260184">
        <ele>38.6422119140625</ele>
        <time>2026-01-27T12:25:18Z</time>
        <extensions>
          <gpxtpx:TrackPointExtension>
            <gpxtpx:hr>170</gpxtpx:hr>
          </gpxtpx:TrackPointExtension>
        </extensions>
      </trkpt>
      <trkpt lat="24.916527561798286" lon="118.54028090857011">
        <ele>38.18670654296875</ele>
        <time>2026-01-27T12:25:27Z</time>
        <extensions>
          <gpxtpx:TrackPointExtension>
            <gpxtpx:hr>167</gpxtpx:hr>
          </gpxtpx:TrackPointExtension>
        </extensions>
      </trkpt>
      <trkpt lat="24.91660890615073" lon="118.53999115461858">
        <ele>38.75628662109375</ele>
        <time>2026-01-27T12:25:36Z</time>
        <extensions>
          <gpxtpx:TrackPointExtension>
            <gpxtpx:hr>170</gpxtpx:hr>
          </gpxtpx:TrackPointExtension>
        </extensions>
      </trkpt>
      <trkpt lat="24.91675009569895" lon="118.53963722655728">
        <ele>27.18896484375</ele>
        <time>2026-01-27T12:25:48Z</time>
        <extensions>
          <gpxtpx:TrackPointExtension>
            <gpxtpx:hr>171</gpxtpx:hr>
          </gpxtpx:TrackPointExtension>
        </extensions>
      </trkpt>
      <trkpt lat="24.91693938046697" lon="118.53933041365671">
        <ele>17.75250244140625</ele>
        <time>2026-01-27T12:26:00Z</time>
        <extensions>
          <gpxtpx:TrackPointExtension>
            <gpxtpx:hr>168</gpxtpx:hr>
          </gpxtpx:TrackPointExtension>
        </extensions>
      </trkpt>
      <trkpt lat="24.917084532335746" lon="118.53896344248227">
        <ele>19.326416015625</ele>
        <time>2026-01-27T12:26:12Z</time>
        <extensions>
          <gpxtpx:TrackPointExtension>
            <gpxtpx:hr>168</gpxtpx:hr>
          </gpxtpx:TrackPointExtension>
        </extensions>
      </trkpt>
      <trkpt lat="24.9172157706708" lon="118.53863557052487">
        <ele>24.64892578125</ele>
        <time>2026-01-27T12:26:21Z</time>
        <extensions>
          <gpxtpx:TrackPointExtension>
            <gpxtpx:hr>169</gpxtpx:hr>
          </gpxtpx:TrackPointExtension>
        </extensions>
      </trkpt>
      <trkpt lat="24.917339084457804" lon="118.53834178551477">
        <ele>21.3006591796875</ele>
        <time>2026-01-27T12:26:30Z</time>
        <extensions>
          <gpxtpx:TrackPointExtension>
            <gpxtpx:hr>168</gpxtpx:hr>
          </gpxtpx:TrackPointExtension>
        </extensions>
      </trkpt>
      <trkpt lat="24.917441435167085" lon="118.53806404149653">
        <ele>18.49432373046875</ele>
        <time>2026-01-27T12:26:39Z</time>
        <extensions>
          <gpxtpx:TrackPointExtension>
            <gpxtpx:hr>170</gpxtpx:hr>
          </gpxtpx:TrackPointExtension>
        </extensions>
      </trkpt>
      <trkpt lat="24.91757474680055" lon="118.53777225509081">
        <ele>22.190673828125</ele>
        <time>2026-01-27T12:26:48Z</time>
        <extensions>
          <gpxtpx:TrackPointExtension>
            <gpxtpx:hr>168</gpxtpx:hr>
          </gpxtpx:TrackPointExtension>
        </extensions>
      </trkpt>
      <trkpt lat="24.917708064994404" lon="118.53748447638458">
        <ele>19.1954345703125</ele>
        <time>2026-01-27T12:26:57Z</time>
        <extensions>
          <gpxtpx:TrackPointExtension>
            <gpxtpx:hr>171</gpxtpx:hr>
          </gpxtpx:TrackPointExtension>
        </extensions>
      </trkpt>
      <trkpt lat="24.91783338634518" lon="118.53719870068227">
        <ele>19.23150634765625</ele>
        <time>2026-01-27T12:27:06Z</time>
        <extensions>
          <gpxtpx:TrackPointExtension>
            <gpxtpx:hr>169</gpxtpx:hr>
          </gpxtpx:TrackPointExtension>
        </extensions>
      </trkpt>
      <trkpt lat="24.917949725056765" lon="118.53692094436562">
        <ele>17.81829833984375</ele>
        <time>2026-01-27T12:27:15Z</time>
        <extensions>
          <gpxtpx:TrackPointExtension>
            <gpxtpx:hr>169</gpxtpx:hr>
          </gpxtpx:TrackPointExtension>
        </extensions>
      </trkpt>
      <trkpt lat="24.918097057018546" lon="118.53664318317207">
        <ele>19.8529052734375</ele>
        <time>2026-01-27T12:27:24Z</time>
        <extensions>
          <gpxtpx:TrackPointExtension>
            <gpxtpx:hr>167</gpxtpx:hr>
          </gpxtpx:TrackPointExtension>
        </extensions>
      </trkpt>
      <trkpt lat="24.918213365080394" lon="118.53635439145685">
        <ele>22.018798828125</ele>
        <time>2026-01-27T12:27:33Z</time>
        <extensions>
          <gpxtpx:TrackPointExtension>
            <gpxtpx:hr>171</gpxtpx:hr>
          </gpxtpx:TrackPointExtension>
        </extensions>
      </trkpt>
      <trkpt lat="24.91834572729285" lon="118.53609066410533">
        <ele>23.35089111328125</ele>
        <time>2026-01-27T12:27:42Z</time>
        <extensions>
          <gpxtpx:TrackPointExtension>
            <gpxtpx:hr>167</gpxtpx:hr>
          </gpxtpx:TrackPointExtension>
        </extensions>
      </trkpt>
      <trkpt lat="24.918465060793935" lon="118.5358149023187">
        <ele>21.7440185546875</ele>
        <time>2026-01-27T12:27:51Z</time>
        <extensions>
          <gpxtpx:TrackPointExtension>
            <gpxtpx:hr>170</gpxtpx:hr>
          </gpxtpx:TrackPointExtension>
        </extensions>
      </trkpt>
      <trkpt lat="24.918592210255916" lon="118.53546292795089">
        <ele>21.66949462890625</ele>
        <time>2026-01-27T12:28:03Z</time>
        <extensions>
          <gpxtpx:TrackPointExtension>
            <gpxtpx:hr>171</gpxtpx:hr>
          </gpxtpx:TrackPointExtension>
        </extensions>
      </trkpt>
      <trkpt lat="24.918676753229857" lon="118.5352754059377">
        <ele>24.9029541015625</ele>
        <time>2026-01-27T12:28:09Z</time>
        <extensions>
          <gpxtpx:TrackPointExtension>
            <gpxtpx:hr>170</gpxtpx:hr>
          </gpxtpx:TrackPointExtension>
        </extensions>
      </trkpt>
      <trkpt lat="24.918701535122324" lon="118.53518515538323">
        <ele>26.09918212890625</ele>
        <time>2026-01-27T12:28:12Z</time>
        <extensions>
          <gpxtpx:TrackPointExtension>
            <gpxtpx:hr>169</gpxtpx:hr>
          </gpxtpx:TrackPointExtension>
        </extensions>
      </trkpt>
      <trkpt lat="24.91872102344864" lon="118.53497156403267">
        <ele>30.79852294921875</ele>
        <time>2026-01-27T12:28:18Z</time>
        <extensions>
          <gpxtpx:TrackPointExtension>
            <gpxtpx:hr>168</gpxtpx:hr>
          </gpxtpx:TrackPointExtension>
        </extensions>
      </trkpt>
      <trkpt lat="24.91879289130937" lon="118.53492041752376">
        <ele>29.997802734375</ele>
        <time>2026-01-27T12:28:21Z</time>
        <extensions>
          <gpxtpx:TrackPointExtension>
            <gpxtpx:hr>168</gpxtpx:hr>
          </gpxtpx:TrackPointExtension>
        </extensions>
      </trkpt>
      <trkpt lat="24.918873870377382" lon="118.5349164007729">
        <ele>28.6339111328125</ele>
        <time>2026-01-27T12:28:24Z</time>
        <extensions>
          <gpxtpx:TrackPointExtension>
            <gpxtpx:hr>166</gpxtpx:hr>
          </gpxtpx:TrackPointExtension>
        </extensions>
      </trkpt>
      <trkpt lat="24.918894874614637" lon="118.53491940763367">
        <ele>23.8995361328125</ele>
        <time>2026-01-27T12:29:51Z</time>
        <extensions>
          <gpxtpx:TrackPointExtension>
            <gpxtpx:hr>114</gpxtpx:hr>
          </gpxtpx:TrackPointExtension>
        </extensions>
      </trkpt>
      <trkpt lat="24.919169029994507" lon="118.53500061319698">
        <ele>21.73175048828125</ele>
        <time>2026-01-27T12:30:00Z</time>
        <extensions>
          <gpxtpx:TrackPointExtension>
            <gpxtpx:hr>118</gpxtpx:hr>
          </gpxtpx:TrackPointExtension>
        </extensions>
      </trkpt>
      <trkpt lat="24.91927110415003" lon="118.53503770863763">
        <ele>21.6513671875</ele>
        <time>2026-01-27T12:30:03Z</time>
        <extensions>
          <gpxtpx:TrackPointExtension>
            <gpxtpx:hr>121</gpxtpx:hr>
          </gpxtpx:TrackPointExtension>
        </extensions>
      </trkpt>
      <trkpt lat="24.919573047444292" lon="118.53503167094462">
        <ele>19.76123046875</ele>
        <time>2026-01-27T12:30:12Z</time>
        <extensions>
          <gpxtpx:TrackPointExtension>
            <gpxtpx:hr>135</gpxtpx:hr>
          </gpxtpx:TrackPointExtension>
        </extensions>
      </trkpt>
      <trkpt lat="24.91985113508982" lon="118.53508479838695">
        <ele>20.7435302734375</ele>
        <time>2026-01-27T12:30:21Z</time>
        <extensions>
          <gpxtpx:TrackPointExtension>
            <gpxtpx:hr>140</gpxtpx:hr>
          </gpxtpx:TrackPointExtension>
        </extensions>
      </trkpt>
      <trkpt lat="24.92012233340559" lon="118.53518405350204">
        <ele>20.6536865234375</ele>
        <time>2026-01-27T12:30:30Z</time>
        <extensions>
          <gpxtpx:TrackPointExtension>
            <gpxtpx:hr>146</gpxtpx:hr>
          </gpxtpx:TrackPointExtension>
        </extensions>
      </trkpt>
      <trkpt lat="24.92038842247365" lon="118.53523718150713">
        <ele>20.69873046875</ele>
        <time>2026-01-27T12:30:39Z</time>
        <extensions>
          <gpxtpx:TrackPointExtension>
            <gpxtpx:hr>148</gpxtpx:hr>
          </gpxtpx:TrackPointExtension>
        </extensions>
      </trkpt>
      <trkpt lat="24.920674451447116" lon="118.53526624171032">
        <ele>22.19464111328125</ele>
        <time>2026-01-27T12:30:48Z</time>
        <extensions>
          <gpxtpx:TrackPointExtension>
            <gpxtpx:hr>153</gpxtpx:hr>
          </gpxtpx:TrackPointExtension>
        </extensions>
      </trkpt>
      <trkpt lat="24.920945580149365" lon="118.53533641616005">
        <ele>22.81732177734375</ele>
        <time>2026-01-27T12:30:57Z</time>
        <extensions>
          <gpxtpx:TrackPointExtension>
            <gpxtpx:hr>157</gpxtpx:hr>
          </gpxtpx:TrackPointExtension>
        </extensions>
      </trkpt>
      <trkpt lat="24.921218713171328" lon="118.53540859581983">
        <ele>22.7435302734375</ele>
        <time>2026-01-27T12:31:06Z</time>
        <extensions>
          <gpxtpx:TrackPointExtension>
            <gpxtpx:hr>159</gpxtpx:hr>
          </gpxtpx:TrackPointExtension>
        </extensions>
      </trkpt>
      <trkpt lat="24.92149184364998" lon="118.53547977254603">
        <ele>24.6474609375</ele>
        <time>2026-01-27T12:31:15Z</time>
        <extensions>
          <gpxtpx:TrackPointExtension>
            <gpxtpx:hr>159</gpxtpx:hr>
          </gpxtpx:TrackPointExtension>
        </extensions>
      </trkpt>
      <trkpt lat="24.92177101823767" lon="118.53557000099373">
        <ele>21.7252197265625</ele>
        <time>2026-01-27T12:31:24Z</time>
        <extensions>
          <gpxtpx:TrackPointExtension>
            <gpxtpx:hr>161</gpxtpx:hr>
          </gpxtpx:TrackPointExtension>
        </extensions>
      </trkpt>
      <trkpt lat="24.92204721907462" lon="118.53567125961885">
        <ele>20.6365966796875</ele>
        <time>2026-01-27T12:31:33Z</time>
        <extensions>
          <gpxtpx:TrackPointExtension>
            <gpxtpx:hr>162</gpxtpx:hr>
          </gpxtpx:TrackPointExtension>
        </extensions>
      </trkpt>
      <trkpt lat="24.922354408127585" lon="118.53576950749226">
        <ele>21.54364013671875</ele>
        <time>2026-01-27T12:31:45Z</time>
        <extensions>
          <gpxtpx:TrackPointExtension>
            <gpxtpx:hr>162</gpxtpx:hr>
          </gpxtpx:TrackPointExtension>
        </extensions>
      </trkpt>
      <trkpt lat="24.922699627003166" lon="118.53588279352107">
        <ele>24.80230712890625</ele>
        <time>2026-01-27T12:31:58Z</time>
        <extensions>
          <gpxtpx:TrackPointExtension>
            <gpxtpx:hr>159</gpxtpx:hr>
          </gpxtpx:TrackPointExtension>
        </extensions>
      </trkpt>
      <trkpt lat="24.922956827156963" lon="118.53598304964486">
        <ele>25.29852294921875</ele>
        <time>2026-01-27T12:32:07Z</time>
        <extensions>
          <gpxtpx:TrackPointExtension>
            <gpxtpx:hr>160</gpxtpx:hr>
          </gpxtpx:TrackPointExtension>
        </extensions>
      </trkpt>
      <trkpt lat="24.923274096364608" lon="118.53611639148255">
        <ele>24.13580322265625</ele>
        <time>2026-01-27T12:32:19Z</time>
        <extensions>
          <gpxtpx:TrackPointExtension>
            <gpxtpx:hr>159</gpxtpx:hr>
          </gpxtpx:TrackPointExtension>
        </extensions>
      </trkpt>
      <trkpt lat="24.92360536069143" lon="118.53624872899954">
        <ele>24.35247802734375</ele>
        <time>2026-01-27T12:32:31Z</time>
        <extensions>
          <gpxtpx:TrackPointExtension>
            <gpxtpx:hr>160</gpxtpx:hr>
          </gpxtpx:TrackPointExtension>
        </extensions>
      </trkpt>
      <trkpt lat="24.92385860020653" lon="118.53636603047124">
        <ele>23.41278076171875</ele>
        <time>2026-01-27T12:32:40Z</time>
        <extensions>
          <gpxtpx:TrackPointExtension>
            <gpxtpx:hr>160</gpxtpx:hr>
          </gpxtpx:TrackPointExtension>
        </extensions>
      </trkpt>
      <trkpt lat="24.92410789849631" lon="118.53650839976625">
        <ele>24.1336669921875</ele>
        <time>2026-01-27T12:32:49Z</time>
        <extensions>
          <gpxtpx:TrackPointExtension>
            <gpxtpx:hr>164</gpxtpx:hr>
          </gpxtpx:TrackPointExtension>
        </extensions>
      </trkpt>
      <trkpt lat="24.924432206655997" lon="118.53665978756273">
        <ele>24.9454345703125</ele>
        <time>2026-01-27T12:33:01Z</time>
        <extensions>
          <gpxtpx:TrackPointExtension>
            <gpxtpx:hr>162</gpxtpx:hr>
          </gpxtpx:TrackPointExtension>
        </extensions>
      </trkpt>
      <trkpt lat="24.924756539786582" lon="118.53682220436441">
        <ele>24.5728759765625</ele>
        <time>2026-01-27T12:33:13Z</time>
        <extensions>
          <gpxtpx:TrackPointExtension>
            <gpxtpx:hr>167</gpxtpx:hr>
          </gpxtpx:TrackPointExtension>
        </extensions>
      </trkpt>
      <trkpt lat="24.924923730996912" lon="118.53691444184042">
        <ele>23.8690185546875</ele>
        <time>2026-01-27T12:33:19Z</time>
        <extensions>
          <gpxtpx:TrackPointExtension>
            <gpxtpx:hr>167</gpxtpx:hr>
          </gpxtpx:TrackPointExtension>
        </extensions>
      </trkpt>
      <trkpt lat="24.92511620241728" lon="118.53712900677111">
        <ele>23.46124267578125</ele>
        <time>2026-01-27T12:33:28Z</time>
        <extensions>
          <gpxtpx:TrackPointExtension>
            <gpxtpx:hr>166</gpxtpx:hr>
          </gpxtpx:TrackPointExtension>
        </extensions>
      </trkpt>
      <trkpt lat="24.92517836339127" lon="118.53720219935347">
        <ele>23.1873779296875</ele>
        <time>2026-01-27T12:33:31Z</time>
        <extensions>
          <gpxtpx:TrackPointExtension>
            <gpxtpx:hr>167</gpxtpx:hr>
          </gpxtpx:TrackPointExtension>
        </extensions>
      </trkpt>
      <trkpt lat="24.9252614562269" lon="118.53724731485214">
        <ele>22.8818359375</ele>
        <time>2026-01-27T12:33:34Z</time>
        <extensions>
          <gpxtpx:TrackPointExtension>
            <gpxtpx:hr>168</gpxtpx:hr>
          </gpxtpx:TrackPointExtension>
        </extensions>
      </trkpt>
      <trkpt lat="24.925543516306497" lon="118.53729041101862">
        <ele>22.83135986328125</ele>
        <time>2026-01-27T12:33:43Z</time>
        <extensions>
          <gpxtpx:TrackPointExtension>
            <gpxtpx:hr>169</gpxtpx:hr>
          </gpxtpx:TrackPointExtension>
        </extensions>
      </trkpt>
      <trkpt lat="24.925720547046534" lon="118.53731446329755">
        <ele>22.353515625</ele>
        <time>2026-01-27T12:33:49Z</time>
        <extensions>
          <gpxtpx:TrackPointExtension>
            <gpxtpx:hr>157</gpxtpx:hr>
          </gpxtpx:TrackPointExtension>
        </extensions>
      </trkpt>
      <trkpt lat="24.92596282817123" lon="118.53745081221575">
        <ele>22.0135498046875</ele>
        <time>2026-01-27T12:33:58Z</time>
        <extensions>
          <gpxtpx:TrackPointExtension>
            <gpxtpx:hr>161</gpxtpx:hr>
          </gpxtpx:TrackPointExtension>
        </extensions>
      </trkpt>
      <trkpt lat="24.92621316535424" lon="118.53761222696428">
        <ele>21.91729736328125</ele>
        <time>2026-01-27T12:34:07Z</time>
        <extensions>
          <gpxtpx:TrackPointExtension>
            <gpxtpx:hr>162</gpxtpx:hr>
          </gpxtpx:TrackPointExtension>
        </extensions>
      </trkpt>
      <trkpt lat="24.926446483354134" lon="118.53776461788809">
        <ele>21.4052734375</ele>
        <time>2026-01-27T12:34:16Z</time>
        <extensions>
          <gpxtpx:TrackPointExtension>
            <gpxtpx:hr>161</gpxtpx:hr>
          </gpxtpx:TrackPointExtension>
        </extensions>
      </trkpt>
      <trkpt lat="24.926694743262534" lon="118.53789294283402">
        <ele>19.8851318359375</ele>
        <time>2026-01-27T12:34:25Z</time>
        <extensions>
          <gpxtpx:TrackPointExtension>
            <gpxtpx:hr>165</gpxtpx:hr>
          </gpxtpx:TrackPointExtension>
        </extensions>
      </trkpt>
      <trkpt lat="24.926940083465777" lon="118.53805636071608">
        <ele>19.65606689453125</ele>
        <time>2026-01-27T12:34:34Z</time>
        <extensions>
          <gpxtpx:TrackPointExtension>
            <gpxtpx:hr>166</gpxtpx:hr>
          </gpxtpx:TrackPointExtension>
        </extensions>
      </trkpt>
      <trkpt lat="24.927172422355785" lon="118.53821877588656">
        <ele>20.21746826171875</ele>
        <time>2026-01-27T12:34:43Z</time>
        <extensions>
          <gpxtpx:TrackPointExtension>
            <gpxtpx:hr>165</gpxtpx:hr>
          </gpxtpx:TrackPointExtension>
        </extensions>
      </trkpt>
      <trkpt lat="24.927405771687294" lon="118.53838620330673">
        <ele>19.47406005859375</ele>
        <time>2026-01-27T12:34:52Z</time>
        <extensions>
          <gpxtpx:TrackPointExtension>
            <gpxtpx:hr>167</gpxtpx:hr>
          </gpxtpx:TrackPointExtension>
        </extensions>
      </trkpt>
      <trkpt lat="24.927697228198255" lon="118.53860476065056">
        <ele>18.32220458984375</ele>
        <time>2026-01-27T12:35:04Z</time>
        <extensions>
          <gpxtpx:TrackPointExtension>
            <gpxtpx:hr>166</gpxtpx:hr>
          </gpxtpx:TrackPointExtension>
        </extensions>
      </trkpt>
      <trkpt lat="24.927917604559443" lon="118.53878421831249">
        <ele>17.55206298828125</ele>
        <time>2026-01-27T12:35:13Z</time>
        <extensions>
          <gpxtpx:TrackPointExtension>
            <gpxtpx:hr>166</gpxtpx:hr>
          </gpxtpx:TrackPointExtension>
        </extensions>
      </trkpt>
      <trkpt lat="24.92813003088095" lon="118.53898573326984">
        <ele>17.4544677734375</ele>
        <time>2026-01-27T12:35:22Z</time>
        <extensions>
          <gpxtpx:TrackPointExtension>
            <gpxtpx:hr>167</gpxtpx:hr>
          </gpxtpx:TrackPointExtension>
        </extensions>
      </trkpt>
      <trkpt lat="24.928418540044664" lon="118.53922935164229">
        <ele>17.31396484375</ele>
        <time>2026-01-27T12:35:34Z</time>
        <extensions>
          <gpxtpx:TrackPointExtension>
            <gpxtpx:hr>165</gpxtpx:hr>
          </gpxtpx:TrackPointExtension>
        </extensions>
      </trkpt>
      <trkpt lat="24.928642925710726" lon="118.5394148206321">
        <ele>17.7757568359375</ele>
        <time>2026-01-27T12:35:43Z</time>
        <extensions>
          <gpxtpx:TrackPointExtension>
            <gpxtpx:hr>167</gpxtpx:hr>
          </gpxtpx:TrackPointExtension>
        </extensions>
      </trkpt>
      <trkpt lat="24.928858351954535" lon="118.53961833594445">
        <ele>17.31524658203125</ele>
        <time>2026-01-27T12:35:52Z</time>
        <extensions>
          <gpxtpx:TrackPointExtension>
            <gpxtpx:hr>166</gpxtpx:hr>
          </gpxtpx:TrackPointExtension>
        </extensions>
      </trkpt>
      <trkpt lat="24.92908978801201" lon="118.53982786421965">
        <ele>17.4530029296875</ele>
        <time>2026-01-27T12:36:01Z</time>
        <extensions>
          <gpxtpx:TrackPointExtension>
            <gpxtpx:hr>166</gpxtpx:hr>
          </gpxtpx:TrackPointExtension>
        </extensions>
      </trkpt>
      <trkpt lat="24.929310195154674" lon="118.54002435792465">
        <ele>16.81817626953125</ele>
        <time>2026-01-27T12:36:10Z</time>
        <extensions>
          <gpxtpx:TrackPointExtension>
            <gpxtpx:hr>169</gpxtpx:hr>
          </gpxtpx:TrackPointExtension>
        </extensions>
      </trkpt>
      <trkpt lat="24.92952857013324" lon="118.54020681412591">
        <ele>17.33087158203125</ele>
        <time>2026-01-27T12:36:19Z</time>
        <extensions>
          <gpxtpx:TrackPointExtension>
            <gpxtpx:hr>166</gpxtpx:hr>
          </gpxtpx:TrackPointExtension>
        </extensions>
      </trkpt>
      <trkpt lat="24.9297489548256" lon="118.54039428184667">
        <ele>16.1314697265625</ele>
        <time>2026-01-27T12:36:28Z</time>
        <extensions>
          <gpxtpx:TrackPointExtension>
            <gpxtpx:hr>166</gpxtpx:hr>
          </gpxtpx:TrackPointExtension>
        </extensions>
      </trkpt>
      <trkpt lat="24.92999030659191" lon="118.54056871334448">
        <ele>15.6365966796875</ele>
        <time>2026-01-27T12:36:37Z</time>
        <extensions>
          <gpxtpx:TrackPointExtension>
            <gpxtpx:hr>166</gpxtpx:hr>
          </gpxtpx:TrackPointExtension>
        </extensions>
      </trkpt>
      <trkpt lat="24.930061438215937" lon="118.54063287299891">
        <ele>16.08758544921875</ele>
        <time>2026-01-27T12:36:40Z</time>
        <extensions>
          <gpxtpx:TrackPointExtension>
            <gpxtpx:hr>166</gpxtpx:hr>
          </gpxtpx:TrackPointExtension>
        </extensions>
      </trkpt>
      <trkpt lat="24.93018077494556" lon="118.54079327553443">
        <ele>16.76947021484375</ele>
        <time>2026-01-27T12:36:46Z</time>
        <extensions>
          <gpxtpx:TrackPointExtension>
            <gpxtpx:hr>167</gpxtpx:hr>
          </gpxtpx:TrackPointExtension>
        </extensions>
      </trkpt>
      <trkpt lat="24.930397154328887" lon="118.54097973685536">
        <ele>17.74920654296875</ele>
        <time>2026-01-27T12:36:55Z</time>
        <extensions>
          <gpxtpx:TrackPointExtension>
            <gpxtpx:hr>170</gpxtpx:hr>
          </gpxtpx:TrackPointExtension>
        </extensions>
      </trkpt>
      <trkpt lat="24.93061953608317" lon="118.541168201548">
        <ele>17.70208740234375</ele>
        <time>2026-01-27T12:37:04Z</time>
        <extensions>
          <gpxtpx:TrackPointExtension>
            <gpxtpx:hr>168</gpxtpx:hr>
          </gpxtpx:TrackPointExtension>
        </extensions>
      </trkpt>
      <trkpt lat="24.93083894331786" lon="118.54136869562257">
        <ele>17.86651611328125</ele>
        <time>2026-01-27T12:37:13Z</time>
        <extensions>
          <gpxtpx:TrackPointExtension>
            <gpxtpx:hr>170</gpxtpx:hr>
          </gpxtpx:TrackPointExtension>
        </extensions>
      </trkpt>
      <trkpt lat="24.931051350182823" lon="118.54156918865897">
        <ele>17.707275390625</ele>
        <time>2026-01-27T12:37:22Z</time>
        <extensions>
          <gpxtpx:TrackPointExtension>
            <gpxtpx:hr>169</gpxtpx:hr>
          </gpxtpx:TrackPointExtension>
        </extensions>
      </trkpt>
      <trkpt lat="24.931258743346074" lon="118.54176366534716">
        <ele>16.322021484375</ele>
        <time>2026-01-27T12:37:31Z</time>
        <extensions>
          <gpxtpx:TrackPointExtension>
            <gpxtpx:hr>169</gpxtpx:hr>
          </gpxtpx:TrackPointExtension>
        </extensions>
      </trkpt>
      <trkpt lat="24.931477114155033" lon="118.54194911714062">
        <ele>16.0435791015625</ele>
        <time>2026-01-27T12:37:40Z</time>
        <extensions>
          <gpxtpx:TrackPointExtension>
            <gpxtpx:hr>171</gpxtpx:hr>
          </gpxtpx:TrackPointExtension>
        </extensions>
      </trkpt>
      <trkpt lat="24.93168848910284" lon="118.54213657313117">
        <ele>17.0859375</ele>
        <time>2026-01-27T12:37:49Z</time>
        <extensions>
          <gpxtpx:TrackPointExtension>
            <gpxtpx:hr>170</gpxtpx:hr>
          </gpxtpx:TrackPointExtension>
        </extensions>
      </trkpt>
      <trkpt lat="24.931897873905147" lon="118.54232904044162">
        <ele>16.9603271484375</ele>
        <time>2026-01-27T12:37:58Z</time>
        <extensions>
          <gpxtpx:TrackPointExtension>
            <gpxtpx:hr>168</gpxtpx:hr>
          </gpxtpx:TrackPointExtension>
        </extensions>
      </trkpt>
      <trkpt lat="24.932109265744867" lon="118.54252551617941">
        <ele>15.94390869140625</ele>
        <time>2026-01-27T12:38:07Z</time>
        <extensions>
          <gpxtpx:TrackPointExtension>
            <gpxtpx:hr>169</gpxtpx:hr>
          </gpxtpx:TrackPointExtension>
        </extensions>
      </trkpt>
      <trkpt lat="24.93231367865794" lon="118.54273201581849">
        <ele>16.89715576171875</ele>
        <time>2026-01-27T12:38:16Z</time>
        <extensions>
          <gpxtpx:TrackPointExtension>
            <gpxtpx:hr>171</gpxtpx:hr>
          </gpxtpx:TrackPointExtension>
        </extensions>
      </trkpt>
      <trkpt lat="24.932538050984405" lon="118.54292147020642">
        <ele>16.93121337890625</ele>
        <time>2026-01-27T12:38:25Z</time>
        <extensions>
          <gpxtpx:TrackPointExtension>
            <gpxtpx:hr>172</gpxtpx:hr>
          </gpxtpx:TrackPointExtension>
        </extensions>
      </trkpt>
      <trkpt lat="24.932743463053612" lon="118.5431289690764">
        <ele>16.66217041015625</ele>
        <time>2026-01-27T12:38:34Z</time>
        <extensions>
          <gpxtpx:TrackPointExtension>
            <gpxtpx:hr>167</gpxtpx:hr>
          </gpxtpx:TrackPointExtension>
        </extensions>
      </trkpt>
      <trkpt lat="24.932784646439327" lon="118.5432181863325">
        <ele>16.3251953125</ele>
        <time>2026-01-27T12:38:37Z</time>
        <extensions>
          <gpxtpx:TrackPointExtension>
            <gpxtpx:hr>170</gpxtpx:hr>
          </gpxtpx:TrackPointExtension>
        </extensions>
      </trkpt>
      <trkpt lat="24.932797856843532" lon="118.54331843237158">
        <ele>16.61346435546875</ele>
        <time>2026-01-27T12:38:40Z</time>
        <extensions>
          <gpxtpx:TrackPointExtension>
            <gpxtpx:hr>168</gpxtpx:hr>
          </gpxtpx:TrackPointExtension>
        </extensions>
      </trkpt>
      <trkpt lat="24.93278906577921" lon="118.54341667462181">
        <ele>17.93939208984375</ele>
        <time>2026-01-27T12:38:43Z</time>
        <extensions>
          <gpxtpx:TrackPointExtension>
            <gpxtpx:hr>169</gpxtpx:hr>
          </gpxtpx:TrackPointExtension>
        </extensions>
      </trkpt>
      <trkpt lat="24.932746279193466" lon="118.54351491886067">
        <ele>19.2984619140625</ele>
        <time>2026-01-27T12:38:46Z</time>
        <extensions>
          <gpxtpx:TrackPointExtension>
            <gpxtpx:hr>171</gpxtpx:hr>
          </gpxtpx:TrackPointExtension>
        </extensions>
      </trkpt>
      <trkpt lat="24.932566781514506" lon="118.54374148628676">
        <ele>19.4873046875</ele>
        <time>2026-01-27T12:38:55Z</time>
        <extensions>
          <gpxtpx:TrackPointExtension>
            <gpxtpx:hr>170</gpxtpx:hr>
          </gpxtpx:TrackPointExtension>
        </extensions>
      </trkpt>
      <trkpt lat="24.93237427548521" lon="118.5439640428269">
        <ele>22.07720947265625</ele>
        <time>2026-01-27T12:39:04Z</time>
        <extensions>
          <gpxtpx:TrackPointExtension>
            <gpxtpx:hr>168</gpxtpx:hr>
          </gpxtpx:TrackPointExtension>
        </extensions>
      </trkpt>
      <trkpt lat="24.93218178025483" lon="118.54419261200694">
        <ele>22.2564697265625</ele>
        <time>2026-01-27T12:39:13Z</time>
        <extensions>
          <gpxtpx:TrackPointExtension>
            <gpxtpx:hr>168</gpxtpx:hr>
          </gpxtpx:TrackPointExtension>
        </extensions>
      </trkpt>
      <trkpt lat="24.9319692339524" lon="118.54439611989783">
        <ele>21.7427978515625</ele>
        <time>2026-01-27T12:39:22Z</time>
        <extensions>
          <gpxtpx:TrackPointExtension>
            <gpxtpx:hr>168</gpxtpx:hr>
          </gpxtpx:TrackPointExtension>
        </extensions>
      </trkpt>
      <trkpt lat="24.931734660234753" lon="118.5445855938338">
        <ele>21.34954833984375</ele>
        <time>2026-01-27T12:39:31Z</time>
        <extensions>
          <gpxtpx:TrackPointExtension>
            <gpxtpx:hr>173</gpxtpx:hr>
          </gpxtpx:TrackPointExtension>
        </extensions>
      </trkpt>
      <trkpt lat="24.931506078183492" lon="118.54477205869037">
        <ele>22.27392578125</ele>
        <time>2026-01-27T12:39:40Z</time>
        <extensions>
          <gpxtpx:TrackPointExtension>
            <gpxtpx:hr>174</gpxtpx:hr>
          </gpxtpx:TrackPointExtension>
        </extensions>
      </trkpt>
      <trkpt lat="24.93126646756622" lon="118.54494448928473">
        <ele>22.2218017578125</ele>
        <time>2026-01-27T12:39:49Z</time>
        <extensions>
          <gpxtpx:TrackPointExtension>
            <gpxtpx:hr>168</gpxtpx:hr>
          </gpxtpx:TrackPointExtension>
        </extensions>
      </trkpt>
      <trkpt lat="24.93102583545351" lon="118.54510689479447">
        <ele>22.22137451171875</ele>
        <time>2026-01-27T12:39:58Z</time>
        <extensions>
          <gpxtpx:TrackPointExtension>
            <gpxtpx:hr>173</gpxtpx:hr>
          </gpxtpx:TrackPointExtension>
        </extensions>
      </trkpt>
      <trkpt lat="24.930764176637737" lon="118.54525526724359">
        <ele>22.13134765625</ele>
        <time>2026-01-27T12:40:07Z</time>
        <extensions>
          <gpxtpx:TrackPointExtension>
            <gpxtpx:hr>168</gpxtpx:hr>
          </gpxtpx:TrackPointExtension>
        </extensions>
      </trkpt>
      <trkpt lat="24.930607395691442" lon="118.54535150745724">
        <ele>21.14453125</ele>
        <time>2026-01-27T12:40:13Z</time>
        <extensions>
          <gpxtpx:TrackPointExtension>
            <gpxtpx:hr>172</gpxtpx:hr>
          </gpxtpx:TrackPointExtension>
        </extensions>
      </trkpt>
      <trkpt lat="24.930331678272932" lon="118.54547081036566">
        <ele>22.887451171875</ele>
        <time>2026-01-27T12:40:22Z</time>
        <extensions>
          <gpxtpx:TrackPointExtension>
            <gpxtpx:hr>171</gpxtpx:hr>
          </gpxtpx:TrackPointExtension>
        </extensions>
      </trkpt>
      <trkpt lat="24.93006402855149" lon="118.54562419293076">
        <ele>23.13818359375</ele>
        <time>2026-01-27T12:40:31Z</time>
        <extensions>
          <gpxtpx:TrackPointExtension>
            <gpxtpx:hr>171</gpxtpx:hr>
          </gpxtpx:TrackPointExtension>
        </extensions>
      </trkpt>
      <trkpt lat="24.929735384568197" lon="118.54577657641744">
        <ele>28.05718994140625</ele>
        <time>2026-01-27T12:40:43Z</time>
        <extensions>
          <gpxtpx:TrackPointExtension>
            <gpxtpx:hr>171</gpxtpx:hr>
          </gpxtpx:TrackPointExtension>
        </extensions>
      </trkpt>
      <trkpt lat="24.929478650445184" lon="118.54588986176229">
        <ele>30.9117431640625</ele>
        <time>2026-01-27T12:40:52Z</time>
        <extensions>
          <gpxtpx:TrackPointExtension>
            <gpxtpx:hr>168</gpxtpx:hr>
          </gpxtpx:TrackPointExtension>
        </extensions>
      </trkpt>
      <trkpt lat="24.929212870534748" lon="118.54598009291962">
        <ele>29.162109375</ele>
        <time>2026-01-27T12:41:01Z</time>
        <extensions>
          <gpxtpx:TrackPointExtension>
            <gpxtpx:hr>171</gpxtpx:hr>
          </gpxtpx:TrackPointExtension>
        </extensions>
      </trkpt>
      <trkpt lat="24.9288772275802" lon="118.5461334770429">
        <ele>27.87554931640625</ele>
        <time>2026-01-27T12:41:13Z</time>
        <extensions>
          <gpxtpx:TrackPointExtension>
            <gpxtpx:hr>167</gpxtpx:hr>
          </gpxtpx:TrackPointExtension>
        </extensions>
      </trkpt>
      <trkpt lat="24.92858239849646" lon="118.54619764818045">
        <ele>29.0599365234375</ele>
        <time>2026-01-27T12:41:22Z</time>
        <extensions>
          <gpxtpx:TrackPointExtension>
            <gpxtpx:hr>169</gpxtpx:hr>
          </gpxtpx:TrackPointExtension>
        </extensions>
      </trkpt>
      <trkpt lat="24.928297592031154" lon="118.54627384664455">
        <ele>26.2178955078125</ele>
        <time>2026-01-27T12:41:31Z</time>
        <extensions>
          <gpxtpx:TrackPointExtension>
            <gpxtpx:hr>170</gpxtpx:hr>
          </gpxtpx:TrackPointExtension>
        </extensions>
      </trkpt>
      <trkpt lat="24.927994773800158" lon="118.5463430297009">
        <ele>24.635498046875</ele>
        <time>2026-01-27T12:41:40Z</time>
        <extensions>
          <gpxtpx:TrackPointExtension>
            <gpxtpx:hr>170</gpxtpx:hr>
          </gpxtpx:TrackPointExtension>
        </extensions>
      </trkpt>
      <trkpt lat="24.927911807660163" lon="118.54635406127883">
        <ele>24.91058349609375</ele>
        <time>2026-01-27T12:41:43Z</time>
        <extensions>
          <gpxtpx:TrackPointExtension>
            <gpxtpx:hr>172</gpxtpx:hr>
          </gpxtpx:TrackPointExtension>
        </extensions>
      </trkpt>
      <trkpt lat="24.927614062855927" lon="118.5464603304172">
        <ele>25.87774658203125</ele>
        <time>2026-01-27T12:41:52Z</time>
        <extensions>
          <gpxtpx:TrackPointExtension>
            <gpxtpx:hr>174</gpxtpx:hr>
          </gpxtpx:TrackPointExtension>
        </extensions>
      </trkpt>
      <trkpt lat="24.92741613498802" lon="118.54648239568726">
        <ele>26.86962890625</ele>
        <time>2026-01-27T12:41:58Z</time>
        <extensions>
          <gpxtpx:TrackPointExtension>
            <gpxtpx:hr>173</gpxtpx:hr>
          </gpxtpx:TrackPointExtension>
        </extensions>
      </trkpt>
      <trkpt lat="24.927286386000972" lon="118.54659867594094">
        <ele>26.7357177734375</ele>
        <time>2026-01-27T12:42:04Z</time>
        <extensions>
          <gpxtpx:TrackPointExtension>
            <gpxtpx:hr>174</gpxtpx:hr>
          </gpxtpx:TrackPointExtension>
        </extensions>
      </trkpt>
      <trkpt lat="24.927095567126113" lon="118.54667586894713">
        <ele>27.81201171875</ele>
        <time>2026-01-27T12:42:10Z</time>
        <extensions>
          <gpxtpx:TrackPointExtension>
            <gpxtpx:hr>171</gpxtpx:hr>
          </gpxtpx:TrackPointExtension>
        </extensions>
      </trkpt>
      <trkpt lat="24.927019669848324" lon="118.54672198148283">
        <ele>27.42633056640625</ele>
        <time>2026-01-27T12:42:13Z</time>
        <extensions>
          <gpxtpx:TrackPointExtension>
            <gpxtpx:hr>172</gpxtpx:hr>
          </gpxtpx:TrackPointExtension>
        </extensions>
      </trkpt>
      <trkpt lat="24.927019669848324" lon="118.54672198148283">
        <ele>27.42633056640625</ele>
        <time>2026-01-27T12:42:15Z</time>
        <extensions>
          <gpxtpx:TrackPointExtension>
            <gpxtpx:hr>172</gpxtpx:hr>
          </gpxtpx:TrackPointExtension>
        </extensions>
      </trkpt>
      <trkpt lat="24.926937791314185" lon="118.54677711530489">
        <ele>22.18182373046875</ele>
        <time>2026-01-27T12:42:52Z</time>
        <extensions>
          <gpxtpx:TrackPointExtension>
            <gpxtpx:hr>154</gpxtpx:hr>
          </gpxtpx:TrackPointExtension>
        </extensions>
      </trkpt>
      <trkpt lat="24.92695489470856" lon="118.54683023746524">
        <ele>21.78839111328125</ele>
        <time>2026-01-27T12:42:55Z</time>
        <extensions>
          <gpxtpx:TrackPointExtension>
            <gpxtpx:hr>153</gpxtpx:hr>
          </gpxtpx:TrackPointExtension>
        </extensions>
      </trkpt>
      <trkpt lat="24.92714434580804" lon="118.54707078140257">
        <ele>21.11932373046875</ele>
        <time>2026-01-27T12:43:04Z</time>
        <extensions>
          <gpxtpx:TrackPointExtension>
            <gpxtpx:hr>155</gpxtpx:hr>
          </gpxtpx:TrackPointExtension>
        </extensions>
      </trkpt>
      <trkpt lat="24.927355979366627" lon="118.5474065403335">
        <ele>19.34088134765625</ele>
        <time>2026-01-27T12:43:16Z</time>
        <extensions>
          <gpxtpx:TrackPointExtension>
            <gpxtpx:hr>155</gpxtpx:hr>
          </gpxtpx:TrackPointExtension>
        </extensions>
      </trkpt>
      <trkpt lat="24.927525174388634" lon="118.54751778388282">
        <ele>18.25738525390625</ele>
        <time>2026-01-27T12:43:22Z</time>
        <extensions>
          <gpxtpx:TrackPointExtension>
            <gpxtpx:hr>155</gpxtpx:hr>
          </gpxtpx:TrackPointExtension>
        </extensions>
      </trkpt>
      <trkpt lat="24.92759730202074" lon="118.54758793961314">
        <ele>17.98126220703125</ele>
        <time>2026-01-27T12:43:25Z</time>
        <extensions>
          <gpxtpx:TrackPointExtension>
            <gpxtpx:hr>157</gpxtpx:hr>
          </gpxtpx:TrackPointExtension>
        </extensions>
      </trkpt>
      <trkpt lat="24.927759830472592" lon="118.54786957153524">
        <ele>19.270751953125</ele>
        <time>2026-01-27T12:43:34Z</time>
        <extensions>
          <gpxtpx:TrackPointExtension>
            <gpxtpx:hr>160</gpxtpx:hr>
          </gpxtpx:TrackPointExtension>
        </extensions>
      </trkpt>
      <trkpt lat="24.927912367125767" lon="118.54815621220753">
        <ele>19.5533447265625</ele>
        <time>2026-01-27T12:43:43Z</time>
        <extensions>
          <gpxtpx:TrackPointExtension>
            <gpxtpx:hr>166</gpxtpx:hr>
          </gpxtpx:TrackPointExtension>
        </extensions>
      </trkpt>
      <trkpt lat="24.928053867430865" lon="118.54842480954319">
        <ele>19.341064453125</ele>
        <time>2026-01-27T12:43:52Z</time>
        <extensions>
          <gpxtpx:TrackPointExtension>
            <gpxtpx:hr>165</gpxtpx:hr>
          </gpxtpx:TrackPointExtension>
        </extensions>
      </trkpt>
      <trkpt lat="24.928190394634125" lon="118.54870843792607">
        <ele>19.90191650390625</ele>
        <time>2026-01-27T12:44:01Z</time>
        <extensions>
          <gpxtpx:TrackPointExtension>
            <gpxtpx:hr>162</gpxtpx:hr>
          </gpxtpx:TrackPointExtension>
        </extensions>
      </trkpt>
      <trkpt lat="24.92831892952654" lon="118.54899707466129">
        <ele>22.07427978515625</ele>
        <time>2026-01-27T12:44:10Z</time>
        <extensions>
          <gpxtpx:TrackPointExtension>
            <gpxtpx:hr>166</gpxtpx:hr>
          </gpxtpx:TrackPointExtension>
        </extensions>
      </trkpt>
      <trkpt lat="24.928522523006038" lon="118.54932378712898">
        <ele>21.83221435546875</ele>
        <time>2026-01-27T12:44:22Z</time>
        <extensions>
          <gpxtpx:TrackPointExtension>
            <gpxtpx:hr>169</gpxtpx:hr>
          </gpxtpx:TrackPointExtension>
        </extensions>
      </trkpt>
      <trkpt lat="24.928680982640426" lon="118.54957833912074">
        <ele>20.76953125</ele>
        <time>2026-01-27T12:44:31Z</time>
        <extensions>
          <gpxtpx:TrackPointExtension>
            <gpxtpx:hr>172</gpxtpx:hr>
          </gpxtpx:TrackPointExtension>
        </extensions>
      </trkpt>
      <trkpt lat="24.928845459682776" lon="118.54984391214205">
        <ele>21.2076416015625</ele>
        <time>2026-01-27T12:44:40Z</time>
        <extensions>
          <gpxtpx:TrackPointExtension>
            <gpxtpx:hr>173</gpxtpx:hr>
          </gpxtpx:TrackPointExtension>
        </extensions>
      </trkpt>
      <trkpt lat="24.929014918357794" lon="118.55010146430256">
        <ele>20.578125</ele>
        <time>2026-01-27T12:44:49Z</time>
        <extensions>
          <gpxtpx:TrackPointExtension>
            <gpxtpx:hr>173</gpxtpx:hr>
          </gpxtpx:TrackPointExtension>
        </extensions>
      </trkpt>
      <trkpt lat="24.929194319051003" lon="118.55032994976419">
        <ele>20.4312744140625</ele>
        <time>2026-01-27T12:44:58Z</time>
        <extensions>
          <gpxtpx:TrackPointExtension>
            <gpxtpx:hr>173</gpxtpx:hr>
          </gpxtpx:TrackPointExtension>
        </extensions>
      </trkpt>
      <trkpt lat="24.929354770511104" lon="118.5505854928577">
        <ele>20.0323486328125</ele>
        <time>2026-01-27T12:45:07Z</time>
        <extensions>
          <gpxtpx:TrackPointExtension>
            <gpxtpx:hr>172</gpxtpx:hr>
          </gpxtpx:TrackPointExtension>
        </extensions>
      </trkpt>
      <trkpt lat="24.92945006435247" lon="118.55075184552969">
        <ele>18.59747314453125</ele>
        <time>2026-01-27T12:45:13Z</time>
        <extensions>
          <gpxtpx:TrackPointExtension>
            <gpxtpx:hr>174</gpxtpx:hr>
          </gpxtpx:TrackPointExtension>
        </extensions>
      </trkpt>
      <trkpt lat="24.929596555918828" lon="118.55103043438949">
        <ele>19.11041259765625</ele>
        <time>2026-01-27T12:45:22Z</time>
        <extensions>
          <gpxtpx:TrackPointExtension>
            <gpxtpx:hr>174</gpxtpx:hr>
          </gpxtpx:TrackPointExtension>
        </extensions>
      </trkpt>
      <trkpt lat="24.9296948721154" lon="118.55121081363764">
        <ele>19.52923583984375</ele>
        <time>2026-01-27T12:45:28Z</time>
        <extensions>
          <gpxtpx:TrackPointExtension>
            <gpxtpx:hr>176</gpxtpx:hr>
          </gpxtpx:TrackPointExtension>
        </extensions>
      </trkpt>
      <trkpt lat="24.929745244875328" lon="118.55141925451993">
        <ele>19.16845703125</ele>
        <time>2026-01-27T12:45:34Z</time>
        <extensions>
          <gpxtpx:TrackPointExtension>
            <gpxtpx:hr>175</gpxtpx:hr>
          </gpxtpx:TrackPointExtension>
        </extensions>
      </trkpt>
      <trkpt lat="24.929908683381516" lon="118.55167378326713">
        <ele>19.493408203125</ele>
        <time>2026-01-27T12:45:43Z</time>
        <extensions>
          <gpxtpx:TrackPointExtension>
            <gpxtpx:hr>175</gpxtpx:hr>
          </gpxtpx:TrackPointExtension>
        </extensions>
      </trkpt>
      <trkpt lat="24.930083020438104" lon="118.55187419445015">
        <ele>18.7567138671875</ele>
        <time>2026-01-27T12:45:52Z</time>
        <extensions>
          <gpxtpx:TrackPointExtension>
            <gpxtpx:hr>173</gpxtpx:hr>
          </gpxtpx:TrackPointExtension>
        </extensions>
      </trkpt>
      <trkpt lat="24.930238462754915" lon="118.5521327271154">
        <ele>15.6842041015625</ele>
        <time>2026-01-27T12:46:01Z</time>
        <extensions>
          <gpxtpx:TrackPointExtension>
            <gpxtpx:hr>176</gpxtpx:hr>
          </gpxtpx:TrackPointExtension>
        </extensions>
      </trkpt>
      <trkpt lat="24.930397919740322" lon="118.55240127747318">
        <ele>16.51080322265625</ele>
        <time>2026-01-27T12:46:10Z</time>
        <extensions>
          <gpxtpx:TrackPointExtension>
            <gpxtpx:hr>176</gpxtpx:hr>
          </gpxtpx:TrackPointExtension>
        </extensions>
      </trkpt>
      <trkpt lat="24.93059442362578" lon="118.55270088646913">
        <ele>16.26873779296875</ele>
        <time>2026-01-27T12:46:22Z</time>
        <extensions>
          <gpxtpx:TrackPointExtension>
            <gpxtpx:hr>178</gpxtpx:hr>
          </gpxtpx:TrackPointExtension>
        </extensions>
      </trkpt>
      <trkpt lat="24.930751897815295" lon="118.55298245709585">
        <ele>18.28271484375</ele>
        <time>2026-01-27T12:46:31Z</time>
        <extensions>
          <gpxtpx:TrackPointExtension>
            <gpxtpx:hr>179</gpxtpx:hr>
          </gpxtpx:TrackPointExtension>
        </extensions>
      </trkpt>
      <trkpt lat="24.93094246739268" lon="118.55332314285768">
        <ele>19.90277099609375</ele>
        <time>2026-01-27T12:46:43Z</time>
        <extensions>
          <gpxtpx:TrackPointExtension>
            <gpxtpx:hr>179</gpxtpx:hr>
          </gpxtpx:TrackPointExtension>
        </extensions>
      </trkpt>
      <trkpt lat="24.931096882993014" lon="118.55357464486434">
        <ele>20.04473876953125</ele>
        <time>2026-01-27T12:46:52Z</time>
        <extensions>
          <gpxtpx:TrackPointExtension>
            <gpxtpx:hr>177</gpxtpx:hr>
          </gpxtpx:TrackPointExtension>
        </extensions>
      </trkpt>
      <trkpt lat="24.931252308040953" lon="118.55383315817657">
        <ele>20.66888427734375</ele>
        <time>2026-01-27T12:47:01Z</time>
        <extensions>
          <gpxtpx:TrackPointExtension>
            <gpxtpx:hr>179</gpxtpx:hr>
          </gpxtpx:TrackPointExtension>
        </extensions>
      </trkpt>
      <trkpt lat="24.93129245940471" lon="118.55392433953884">
        <ele>21.1077880859375</ele>
        <time>2026-01-27T12:47:04Z</time>
        <extensions>
          <gpxtpx:TrackPointExtension>
            <gpxtpx:hr>179</gpxtpx:hr>
          </gpxtpx:TrackPointExtension>
        </extensions>
      </trkpt>
      <trkpt lat="24.93140164538323" lon="118.55404156817784">
        <ele>21.43670654296875</ele>
        <time>2026-01-27T12:47:10Z</time>
        <extensions>
          <gpxtpx:TrackPointExtension>
            <gpxtpx:hr>178</gpxtpx:hr>
          </gpxtpx:TrackPointExtension>
        </extensions>
      </trkpt>
      <trkpt lat="24.931537126541812" lon="118.55433414564087">
        <ele>22.0615234375</ele>
        <time>2026-01-27T12:47:19Z</time>
        <extensions>
          <gpxtpx:TrackPointExtension>
            <gpxtpx:hr>178</gpxtpx:hr>
          </gpxtpx:TrackPointExtension>
        </extensions>
      </trkpt>
      <trkpt lat="24.9315522983653" lon="118.55443634868932">
        <ele>22.6392822265625</ele>
        <time>2026-01-27T12:47:22Z</time>
        <extensions>
          <gpxtpx:TrackPointExtension>
            <gpxtpx:hr>180</gpxtpx:hr>
          </gpxtpx:TrackPointExtension>
        </extensions>
      </trkpt>
      <trkpt lat="24.931529476849395" lon="118.55453955590278">
        <ele>24.01397705078125</ele>
        <time>2026-01-27T12:47:25Z</time>
        <extensions>
          <gpxtpx:TrackPointExtension>
            <gpxtpx:hr>180</gpxtpx:hr>
          </gpxtpx:TrackPointExtension>
        </extensions>
      </trkpt>
      <trkpt lat="24.93153259526985" lon="118.55460969516179">
        <ele>25.46514892578125</ele>
        <time>2026-01-27T12:47:28Z</time>
        <extensions>
          <gpxtpx:TrackPointExtension>
            <gpxtpx:hr>179</gpxtpx:hr>
          </gpxtpx:TrackPointExtension>
        </extensions>
      </trkpt>
      <trkpt lat="24.93166970976926" lon="118.55468884278476">
        <ele>24.736328125</ele>
        <time>2026-01-27T12:47:34Z</time>
        <extensions>
          <gpxtpx:TrackPointExtension>
            <gpxtpx:hr>181</gpxtpx:hr>
          </gpxtpx:TrackPointExtension>
        </extensions>
      </trkpt>
      <trkpt lat="24.931841089096185" lon="118.55492830458313">
        <ele>26.3341064453125</ele>
        <time>2026-01-27T12:47:43Z</time>
        <extensions>
          <gpxtpx:TrackPointExtension>
            <gpxtpx:hr>178</gpxtpx:hr>
          </gpxtpx:TrackPointExtension>
        </extensions>
      </trkpt>
      <trkpt lat="24.93199848316901" lon="118.55517678246704">
        <ele>26.290283203125</ele>
        <time>2026-01-27T12:47:52Z</time>
        <extensions>
          <gpxtpx:TrackPointExtension>
            <gpxtpx:hr>180</gpxtpx:hr>
          </gpxtpx:TrackPointExtension>
        </extensions>
      </trkpt>
      <trkpt lat="24.932182012339812" lon="118.55551042169876">
        <ele>27.03466796875</ele>
        <time>2026-01-27T12:48:04Z</time>
        <extensions>
          <gpxtpx:TrackPointExtension>
            <gpxtpx:hr>182</gpxtpx:hr>
          </gpxtpx:TrackPointExtension>
        </extensions>
      </trkpt>
      <trkpt lat="24.93230944277957" lon="118.55578193972657">
        <ele>27.93548583984375</ele>
        <time>2026-01-27T12:48:13Z</time>
        <extensions>
          <gpxtpx:TrackPointExtension>
            <gpxtpx:hr>183</gpxtpx:hr>
          </gpxtpx:TrackPointExtension>
        </extensions>
      </trkpt>
      <trkpt lat="24.93244485272356" lon="118.55604343460321">
        <ele>28.493896484375</ele>
        <time>2026-01-27T12:48:22Z</time>
        <extensions>
          <gpxtpx:TrackPointExtension>
            <gpxtpx:hr>183</gpxtpx:hr>
          </gpxtpx:TrackPointExtension>
        </extensions>
      </trkpt>
      <trkpt lat="24.93260724304897" lon="118.55629690918838">
        <ele>28.0556640625</ele>
        <time>2026-01-27T12:48:31Z</time>
        <extensions>
          <gpxtpx:TrackPointExtension>
            <gpxtpx:hr>180</gpxtpx:hr>
          </gpxtpx:TrackPointExtension>
        </extensions>
      </trkpt>
      <trkpt lat="24.932695498703485" lon="118.55646221835168">
        <ele>26.85162353515625</ele>
        <time>2026-01-27T12:48:37Z</time>
        <extensions>
          <gpxtpx:TrackPointExtension>
            <gpxtpx:hr>176</gpxtpx:hr>
          </gpxtpx:TrackPointExtension>
        </extensions>
      </trkpt>
      <trkpt lat="24.932718634751705" lon="118.55654838058496">
        <ele>24.89093017578125</ele>
        <time>2026-01-27T12:48:40Z</time>
        <extensions>
          <gpxtpx:TrackPointExtension>
            <gpxtpx:hr>177</gpxtpx:hr>
          </gpxtpx:TrackPointExtension>
        </extensions>
      </trkpt>
      <trkpt lat="24.93271179089016" lon="118.55664456355038">
        <ele>24.739990234375</ele>
        <time>2026-01-27T12:48:43Z</time>
        <extensions>
          <gpxtpx:TrackPointExtension>
            <gpxtpx:hr>179</gpxtpx:hr>
          </gpxtpx:TrackPointExtension>
        </extensions>
      </trkpt>
      <trkpt lat="24.932677950475764" lon="118.55674074796737">
        <ele>24.16094970703125</ele>
        <time>2026-01-27T12:48:46Z</time>
        <extensions>
          <gpxtpx:TrackPointExtension>
            <gpxtpx:hr>178</gpxtpx:hr>
          </gpxtpx:TrackPointExtension>
        </extensions>
      </trkpt>
      <trkpt lat="24.932626078492067" lon="118.5568158935144">
        <ele>23.78118896484375</ele>
        <time>2026-01-27T12:48:49Z</time>
        <extensions>
          <gpxtpx:TrackPointExtension>
            <gpxtpx:hr>178</gpxtpx:hr>
          </gpxtpx:TrackPointExtension>
        </extensions>
      </trkpt>
      <trkpt lat="24.93237339014432" lon="118.55698823560817">
        <ele>23.771728515625</ele>
        <time>2026-01-27T12:48:58Z</time>
        <extensions>
          <gpxtpx:TrackPointExtension>
            <gpxtpx:hr>177</gpxtpx:hr>
          </gpxtpx:TrackPointExtension>
        </extensions>
      </trkpt>
      <trkpt lat="24.932143741913052" lon="118.55718862722718">
        <ele>25.8653564453125</ele>
        <time>2026-01-27T12:49:07Z</time>
        <extensions>
          <gpxtpx:TrackPointExtension>
            <gpxtpx:hr>178</gpxtpx:hr>
          </gpxtpx:TrackPointExtension>
        </extensions>
      </trkpt>
      <trkpt lat="24.931905001385974" lon="118.55733090941128">
        <ele>26.4913330078125</ele>
        <time>2026-01-27T12:49:16Z</time>
        <extensions>
          <gpxtpx:TrackPointExtension>
            <gpxtpx:hr>180</gpxtpx:hr>
          </gpxtpx:TrackPointExtension>
        </extensions>
      </trkpt>
      <trkpt lat="24.931664301381414" lon="118.55749923916436">
        <ele>27.86334228515625</ele>
        <time>2026-01-27T12:49:25Z</time>
        <extensions>
          <gpxtpx:TrackPointExtension>
            <gpxtpx:hr>179</gpxtpx:hr>
          </gpxtpx:TrackPointExtension>
        </extensions>
      </trkpt>
      <trkpt lat="24.931512516821847" lon="118.55762247806834">
        <ele>27.74932861328125</ele>
        <time>2026-01-27T12:49:31Z</time>
        <extensions>
          <gpxtpx:TrackPointExtension>
            <gpxtpx:hr>178</gpxtpx:hr>
          </gpxtpx:TrackPointExtension>
        </extensions>
      </trkpt>
      <trkpt lat="24.931522498088835" lon="118.55761145698072">
        <ele>24.98876953125</ele>
        <time>2026-01-27T12:49:58Z</time>
        <extensions>
          <gpxtpx:TrackPointExtension>
            <gpxtpx:hr>164</gpxtpx:hr>
          </gpxtpx:TrackPointExtension>
        </extensions>
      </trkpt>
      <trkpt lat="24.931242818900543" lon="118.55779080757497">
        <ele>22.46014404296875</ele>
        <time>2026-01-27T12:50:10Z</time>
        <extensions>
          <gpxtpx:TrackPointExtension>
            <gpxtpx:hr>160</gpxtpx:hr>
          </gpxtpx:TrackPointExtension>
        </extensions>
      </trkpt>
      <trkpt lat="24.93099311853964" lon="118.55796013622584">
        <ele>21.802978515625</ele>
        <time>2026-01-27T12:50:19Z</time>
        <extensions>
          <gpxtpx:TrackPointExtension>
            <gpxtpx:hr>162</gpxtpx:hr>
          </gpxtpx:TrackPointExtension>
        </extensions>
      </trkpt>
      <trkpt lat="24.930728412902525" lon="118.558125457272">
        <ele>22.83074951171875</ele>
        <time>2026-01-27T12:50:28Z</time>
        <extensions>
          <gpxtpx:TrackPointExtension>
            <gpxtpx:hr>163</gpxtpx:hr>
          </gpxtpx:TrackPointExtension>
        </extensions>
      </trkpt>
      <trkpt lat="24.930479659002707" lon="118.55826172306304">
        <ele>23.95306396484375</ele>
        <time>2026-01-27T12:50:37Z</time>
        <extensions>
          <gpxtpx:TrackPointExtension>
            <gpxtpx:hr>165</gpxtpx:hr>
          </gpxtpx:TrackPointExtension>
        </extensions>
      </trkpt>
      <trkpt lat="24.93022889381873" lon="118.55839097540718">
        <ele>22.98626708984375</ele>
        <time>2026-01-27T12:50:46Z</time>
        <extensions>
          <gpxtpx:TrackPointExtension>
            <gpxtpx:hr>168</gpxtpx:hr>
          </gpxtpx:TrackPointExtension>
        </extensions>
      </trkpt>
      <trkpt lat="24.929891154072987" lon="118.55852924931972">
        <ele>22.92230224609375</ele>
        <time>2026-01-27T12:50:58Z</time>
        <extensions>
          <gpxtpx:TrackPointExtension>
            <gpxtpx:hr>168</gpxtpx:hr>
          </gpxtpx:TrackPointExtension>
        </extensions>
      </trkpt>
      <trkpt lat="24.929613397389925" lon="118.55866250915604">
        <ele>23.716064453125</ele>
        <time>2026-01-27T12:51:07Z</time>
        <extensions>
          <gpxtpx:TrackPointExtension>
            <gpxtpx:hr>170</gpxtpx:hr>
          </gpxtpx:TrackPointExtension>
        </extensions>
      </trkpt>
      <trkpt lat="24.929328556981364" lon="118.55874066961705">
        <ele>24.0631103515625</ele>
        <time>2026-01-27T12:51:16Z</time>
        <extensions>
          <gpxtpx:TrackPointExtension>
            <gpxtpx:hr>172</gpxtpx:hr>
          </gpxtpx:TrackPointExtension>
        </extensions>
      </trkpt>
      <trkpt lat="24.92907076126593" lon="118.5588508854429">
        <ele>23.25335693359375</ele>
        <time>2026-01-27T12:51:25Z</time>
        <extensions>
          <gpxtpx:TrackPointExtension>
            <gpxtpx:hr>173</gpxtpx:hr>
          </gpxtpx:TrackPointExtension>
        </extensions>
      </trkpt>
      <trkpt lat="24.92880792168558" lon="118.55893204907233">
        <ele>21.47161865234375</ele>
        <time>2026-01-27T12:51:34Z</time>
        <extensions>
          <gpxtpx:TrackPointExtension>
            <gpxtpx:hr>174</gpxtpx:hr>
          </gpxtpx:TrackPointExtension>
        </extensions>
      </trkpt>
      <trkpt lat="24.928540056743817" lon="118.5589961823178">
        <ele>20.42919921875</ele>
        <time>2026-01-27T12:51:43Z</time>
        <extensions>
          <gpxtpx:TrackPointExtension>
            <gpxtpx:hr>175</gpxtpx:hr>
          </gpxtpx:TrackPointExtension>
        </extensions>
      </trkpt>
      <trkpt lat="24.928198220249953" lon="118.55907234194483">
        <ele>22.23980712890625</ele>
        <time>2026-01-27T12:51:55Z</time>
        <extensions>
          <gpxtpx:TrackPointExtension>
            <gpxtpx:hr>177</gpxtpx:hr>
          </gpxtpx:TrackPointExtension>
        </extensions>
      </trkpt>
      <trkpt lat="24.927920329118617" lon="118.55911844335367">
        <ele>20.69476318359375</ele>
        <time>2026-01-27T12:52:04Z</time>
        <extensions>
          <gpxtpx:TrackPointExtension>
            <gpxtpx:hr>177</gpxtpx:hr>
          </gpxtpx:TrackPointExtension>
        </extensions>
      </trkpt>
      <trkpt lat="24.927650450353585" lon="118.55917356014606">
        <ele>20.4080810546875</ele>
        <time>2026-01-27T12:52:13Z</time>
        <extensions>
          <gpxtpx:TrackPointExtension>
            <gpxtpx:hr>179</gpxtpx:hr>
          </gpxtpx:TrackPointExtension>
        </extensions>
      </trkpt>
      <trkpt lat="24.927373524177487" lon="118.55919662032409">
        <ele>20.614013671875</ele>
        <time>2026-01-27T12:52:22Z</time>
        <extensions>
          <gpxtpx:TrackPointExtension>
            <gpxtpx:hr>179</gpxtpx:hr>
          </gpxtpx:TrackPointExtension>
        </extensions>
      </trkpt>
      <trkpt lat="24.927090621434598" lon="118.5592347075819">
        <ele>23.02581787109375</ele>
        <time>2026-01-27T12:52:31Z</time>
        <extensions>
          <gpxtpx:TrackPointExtension>
            <gpxtpx:hr>178</gpxtpx:hr>
          </gpxtpx:TrackPointExtension>
        </extensions>
      </trkpt>
      <trkpt lat="24.926811699986544" lon="118.5592607731655">
        <ele>23.017333984375</ele>
        <time>2026-01-27T12:52:40Z</time>
        <extensions>
          <gpxtpx:TrackPointExtension>
            <gpxtpx:hr>176</gpxtpx:hr>
          </gpxtpx:TrackPointExtension>
        </extensions>
      </trkpt>
      <trkpt lat="24.926529733750243" lon="118.55925678561026">
        <ele>24.926513671875</ele>
        <time>2026-01-27T12:52:49Z</time>
        <extensions>
          <gpxtpx:TrackPointExtension>
            <gpxtpx:hr>178</gpxtpx:hr>
          </gpxtpx:TrackPointExtension>
        </extensions>
      </trkpt>
      <trkpt lat="24.926251783511905" lon="118.55926381733244">
        <ele>24.88055419921875</ele>
        <time>2026-01-27T12:52:58Z</time>
        <extensions>
          <gpxtpx:TrackPointExtension>
            <gpxtpx:hr>178</gpxtpx:hr>
          </gpxtpx:TrackPointExtension>
        </extensions>
      </trkpt>
      <trkpt lat="24.926075812854563" lon="118.55926683486966">
        <ele>27.07733154296875</ele>
        <time>2026-01-27T12:53:04Z</time>
        <extensions>
          <gpxtpx:TrackPointExtension>
            <gpxtpx:hr>181</gpxtpx:hr>
          </gpxtpx:TrackPointExtension>
        </extensions>
      </trkpt>
      <trkpt lat="24.92598779814956" lon="118.55924880897146">
        <ele>28.2288818359375</ele>
        <time>2026-01-27T12:53:07Z</time>
        <extensions>
          <gpxtpx:TrackPointExtension>
            <gpxtpx:hr>180</gpxtpx:hr>
          </gpxtpx:TrackPointExtension>
        </extensions>
      </trkpt>
      <trkpt lat="24.925842658640544" lon="118.55914263027161">
        <ele>29.6556396484375</ele>
        <time>2026-01-27T12:53:13Z</time>
        <extensions>
          <gpxtpx:TrackPointExtension>
            <gpxtpx:hr>180</gpxtpx:hr>
          </gpxtpx:TrackPointExtension>
        </extensions>
      </trkpt>
      <trkpt lat="24.92556269660949" lon="118.55914164790534">
        <ele>29.7088623046875</ele>
        <time>2026-01-27T12:53:22Z</time>
        <extensions>
          <gpxtpx:TrackPointExtension>
            <gpxtpx:hr>178</gpxtpx:hr>
          </gpxtpx:TrackPointExtension>
        </extensions>
      </trkpt>
      <trkpt lat="24.925471735124635" lon="118.55915868452387">
        <ele>28.98736572265625</ele>
        <time>2026-01-27T12:53:25Z</time>
        <extensions>
          <gpxtpx:TrackPointExtension>
            <gpxtpx:hr>179</gpxtpx:hr>
          </gpxtpx:TrackPointExtension>
        </extensions>
      </trkpt>
      <trkpt lat="24.92539683625704" lon="118.55921879658646">
        <ele>29.29302978515625</ele>
        <time>2026-01-27T12:53:28Z</time>
        <extensions>
          <gpxtpx:TrackPointExtension>
            <gpxtpx:hr>178</gpxtpx:hr>
          </gpxtpx:TrackPointExtension>
        </extensions>
      </trkpt>
      <trkpt lat="24.925308893885365" lon="118.55924885605646">
        <ele>28.07598876953125</ele>
        <time>2026-01-27T12:53:31Z</time>
        <extensions>
          <gpxtpx:TrackPointExtension>
            <gpxtpx:hr>179</gpxtpx:hr>
          </gpxtpx:TrackPointExtension>
        </extensions>
      </trkpt>
      <trkpt lat="24.925032926759044" lon="118.55924486808199">
        <ele>28.32928466796875</ele>
        <time>2026-01-27T12:53:40Z</time>
        <extensions>
          <gpxtpx:TrackPointExtension>
            <gpxtpx:hr>177</gpxtpx:hr>
          </gpxtpx:TrackPointExtension>
        </extensions>
      </trkpt>
      <trkpt lat="24.92476196796185" lon="118.5592468904306">
        <ele>29.7984619140625</ele>
        <time>2026-01-27T12:53:49Z</time>
        <extensions>
          <gpxtpx:TrackPointExtension>
            <gpxtpx:hr>179</gpxtpx:hr>
          </gpxtpx:TrackPointExtension>
        </extensions>
      </trkpt>
      <trkpt lat="24.924479010847353" lon="118.55924891361093">
        <ele>30.1446533203125</ele>
        <time>2026-01-27T12:53:58Z</time>
        <extensions>
          <gpxtpx:TrackPointExtension>
            <gpxtpx:hr>176</gpxtpx:hr>
          </gpxtpx:TrackPointExtension>
        </extensions>
      </trkpt>
      <trkpt lat="24.924201030414288" lon="118.55923590976718">
        <ele>26.96038818359375</ele>
        <time>2026-01-27T12:54:07Z</time>
        <extensions>
          <gpxtpx:TrackPointExtension>
            <gpxtpx:hr>176</gpxtpx:hr>
          </gpxtpx:TrackPointExtension>
        </extensions>
      </trkpt>
      <trkpt lat="24.923911050147822" lon="118.55922190496808">
        <ele>28.35711669921875</ele>
        <time>2026-01-27T12:54:16Z</time>
        <extensions>
          <gpxtpx:TrackPointExtension>
            <gpxtpx:hr>174</gpxtpx:hr>
          </gpxtpx:TrackPointExtension>
        </extensions>
      </trkpt>
      <trkpt lat="24.92363012589122" lon="118.55924596714632">
        <ele>29.882080078125</ele>
        <time>2026-01-27T12:54:25Z</time>
        <extensions>
          <gpxtpx:TrackPointExtension>
            <gpxtpx:hr>174</gpxtpx:hr>
          </gpxtpx:TrackPointExtension>
        </extensions>
      </trkpt>
      <trkpt lat="24.92335114406449" lon="118.55923196159071">
        <ele>25.368896484375</ele>
        <time>2026-01-27T12:54:34Z</time>
        <extensions>
          <gpxtpx:TrackPointExtension>
            <gpxtpx:hr>178</gpxtpx:hr>
          </gpxtpx:TrackPointExtension>
        </extensions>
      </trkpt>
      <trkpt lat="24.923060132230127" lon="118.55919691947513">
        <ele>27.72003173828125</ele>
        <time>2026-01-27T12:54:43Z</time>
        <extensions>
          <gpxtpx:TrackPointExtension>
            <gpxtpx:hr>178</gpxtpx:hr>
          </gpxtpx:TrackPointExtension>
        </extensions>
      </trkpt>
      <trkpt lat="24.9227701715259" lon="118.55919593780266">
        <ele>28.41680908203125</ele>
        <time>2026-01-27T12:54:52Z</time>
        <extensions>
          <gpxtpx:TrackPointExtension>
            <gpxtpx:hr>176</gpxtpx:hr>
          </gpxtpx:TrackPointExtension>
        </extensions>
      </trkpt>
      <trkpt lat="24.922489229160835" lon="118.55920797865117">
        <ele>31.02557373046875</ele>
        <time>2026-01-27T12:55:01Z</time>
        <extensions>
          <gpxtpx:TrackPointExtension>
            <gpxtpx:hr>177</gpxtpx:hr>
          </gpxtpx:TrackPointExtension>
        </extensions>
      </trkpt>
      <trkpt lat="24.922227243376877" lon="118.55919297011073">
        <ele>31.0133056640625</ele>
        <time>2026-01-27T12:55:10Z</time>
        <extensions>
          <gpxtpx:TrackPointExtension>
            <gpxtpx:hr>172</gpxtpx:hr>
          </gpxtpx:TrackPointExtension>
        </extensions>
      </trkpt>
      <trkpt lat="24.92205915823338" lon="118.55912085342081">
        <ele>31.72821044921875</ele>
        <time>2026-01-27T12:55:16Z</time>
        <extensions>
          <gpxtpx:TrackPointExtension>
            <gpxtpx:hr>175</gpxtpx:hr>
          </gpxtpx:TrackPointExtension>
        </extensions>
      </trkpt>
      <trkpt lat="24.921881221051233" lon="118.5591459103522">
        <ele>31.25244140625</ele>
        <time>2026-01-27T12:55:22Z</time>
        <extensions>
          <gpxtpx:TrackPointExtension>
            <gpxtpx:hr>176</gpxtpx:hr>
          </gpxtpx:TrackPointExtension>
        </extensions>
      </trkpt>
      <trkpt lat="24.9215992304623" lon="118.55912589423596">
        <ele>30.569580078125</ele>
        <time>2026-01-27T12:55:31Z</time>
        <extensions>
          <gpxtpx:TrackPointExtension>
            <gpxtpx:hr>176</gpxtpx:hr>
          </gpxtpx:TrackPointExtension>
        </extensions>
      </trkpt>
      <trkpt lat="24.92137924323572" lon="118.55911388807948">
        <ele>27.600341796875</ele>
        <time>2026-01-27T12:55:37Z</time>
        <extensions>
          <gpxtpx:TrackPointExtension>
            <gpxtpx:hr>177</gpxtpx:hr>
          </gpxtpx:TrackPointExtension>
        </extensions>
      </trkpt>
      <trkpt lat="24.92130332646565" lon="118.55916197895012">
        <ele>26.4029541015625</ele>
        <time>2026-01-27T12:55:40Z</time>
        <extensions>
          <gpxtpx:TrackPointExtension>
            <gpxtpx:hr>176</gpxtpx:hr>
          </gpxtpx:TrackPointExtension>
        </extensions>
      </trkpt>
      <trkpt lat="24.92095739320223" lon="118.55917402432328">
        <ele>26.56591796875</ele>
        <time>2026-01-27T12:55:52Z</time>
        <extensions>
          <gpxtpx:TrackPointExtension>
            <gpxtpx:hr>177</gpxtpx:hr>
          </gpxtpx:TrackPointExtension>
        </extensions>
      </trkpt>
      <trkpt lat="24.92067942168127" lon="118.55916703112521">
        <ele>27.9932861328125</ele>
        <time>2026-01-27T12:56:01Z</time>
        <extensions>
          <gpxtpx:TrackPointExtension>
            <gpxtpx:hr>176</gpxtpx:hr>
          </gpxtpx:TrackPointExtension>
        </extensions>
      </trkpt>
      <trkpt lat="24.920389465427274" lon="118.55916905479567">
        <ele>32.25653076171875</ele>
        <time>2026-01-27T12:56:10Z</time>
        <extensions>
          <gpxtpx:TrackPointExtension>
            <gpxtpx:hr>176</gpxtpx:hr>
          </gpxtpx:TrackPointExtension>
        </extensions>
      </trkpt>
      <trkpt lat="24.92002550444806" lon="118.55916106577597">
        <ele>32.38922119140625</ele>
        <time>2026-01-27T12:56:22Z</time>
        <extensions>
          <gpxtpx:TrackPointExtension>
            <gpxtpx:hr>175</gpxtpx:hr>
          </gpxtpx:TrackPointExtension>
        </extensions>
      </trkpt>
      <trkpt lat="24.919730505053955" lon="118.55913403809069">
        <ele>27.006103515625</ele>
        <time>2026-01-27T12:56:31Z</time>
        <extensions>
          <gpxtpx:TrackPointExtension>
            <gpxtpx:hr>177</gpxtpx:hr>
          </gpxtpx:TrackPointExtension>
        </extensions>
      </trkpt>
      <trkpt lat="24.91938151622031" lon="118.55910901768468">
        <ele>19.26080322265625</ele>
        <time>2026-01-27T12:56:43Z</time>
        <extensions>
          <gpxtpx:TrackPointExtension>
            <gpxtpx:hr>178</gpxtpx:hr>
          </gpxtpx:TrackPointExtension>
        </extensions>
      </trkpt>
      <trkpt lat="24.91903351963632" lon="118.55907898825026">
        <ele>17.30609130859375</ele>
        <time>2026-01-27T12:56:55Z</time>
        <extensions>
          <gpxtpx:TrackPointExtension>
            <gpxtpx:hr>181</gpxtpx:hr>
          </gpxtpx:TrackPointExtension>
        </extensions>
      </trkpt>
      <trkpt lat="24.91875460113477" lon="118.55910705758525">
        <ele>21.930908203125</ele>
        <time>2026-01-27T12:57:04Z</time>
        <extensions>
          <gpxtpx:TrackPointExtension>
            <gpxtpx:hr>181</gpxtpx:hr>
          </gpxtpx:TrackPointExtension>
        </extensions>
      </trkpt>
      <trkpt lat="24.918474646441005" lon="118.55911108413606">
        <ele>24.97100830078125</ele>
        <time>2026-01-27T12:57:13Z</time>
        <extensions>
          <gpxtpx:TrackPointExtension>
            <gpxtpx:hr>180</gpxtpx:hr>
          </gpxtpx:TrackPointExtension>
        </extensions>
      </trkpt>
      <trkpt lat="24.918199694060725" lon="118.55911711390799">
        <ele>27.88409423828125</ele>
        <time>2026-01-27T12:57:22Z</time>
        <extensions>
          <gpxtpx:TrackPointExtension>
            <gpxtpx:hr>183</gpxtpx:hr>
          </gpxtpx:TrackPointExtension>
        </extensions>
      </trkpt>
      <trkpt lat="24.917912741838567" lon="118.55912214272585">
        <ele>27.287109375</ele>
        <time>2026-01-27T12:57:31Z</time>
        <extensions>
          <gpxtpx:TrackPointExtension>
            <gpxtpx:hr>180</gpxtpx:hr>
          </gpxtpx:TrackPointExtension>
        </extensions>
      </trkpt>
      <trkpt lat="24.917642772102322" lon="118.55911715252324">
        <ele>27.64599609375</ele>
        <time>2026-01-27T12:57:40Z</time>
        <extensions>
          <gpxtpx:TrackPointExtension>
            <gpxtpx:hr>178</gpxtpx:hr>
          </gpxtpx:TrackPointExtension>
        </extensions>
      </trkpt>
      <trkpt lat="24.91729286042722" lon="118.55914322316296">
        <ele>29.07574462890625</ele>
        <time>2026-01-27T12:57:52Z</time>
        <extensions>
          <gpxtpx:TrackPointExtension>
            <gpxtpx:hr>180</gpxtpx:hr>
          </gpxtpx:TrackPointExtension>
        </extensions>
      </trkpt>
      <trkpt lat="24.9169430015383" lon="118.55920435610668">
        <ele>31.32415771484375</ele>
        <time>2026-01-27T12:58:04Z</time>
        <extensions>
          <gpxtpx:TrackPointExtension>
            <gpxtpx:hr>180</gpxtpx:hr>
          </gpxtpx:TrackPointExtension>
        </extensions>
      </trkpt>
      <trkpt lat="24.91667513702708" lon="118.55926949030024">
        <ele>32.05413818359375</ele>
        <time>2026-01-27T12:58:13Z</time>
        <extensions>
          <gpxtpx:TrackPointExtension>
            <gpxtpx:hr>181</gpxtpx:hr>
          </gpxtpx:TrackPointExtension>
        </extensions>
      </trkpt>
      <trkpt lat="24.91640931863189" lon="118.55936567913244">
        <ele>31.19110107421875</ele>
        <time>2026-01-27T12:58:22Z</time>
        <extensions>
          <gpxtpx:TrackPointExtension>
            <gpxtpx:hr>181</gpxtpx:hr>
          </gpxtpx:TrackPointExtension>
        </extensions>
      </trkpt>
      <trkpt lat="24.91614951847327" lon="118.55947489009897">
        <ele>31.4979248046875</ele>
        <time>2026-01-27T12:58:31Z</time>
        <extensions>
          <gpxtpx:TrackPointExtension>
            <gpxtpx:hr>180</gpxtpx:hr>
          </gpxtpx:TrackPointExtension>
        </extensions>
      </trkpt>
      <trkpt lat="24.91581172871641" lon="118.5595841059148">
        <ele>29.2144775390625</ele>
        <time>2026-01-27T12:58:43Z</time>
        <extensions>
          <gpxtpx:TrackPointExtension>
            <gpxtpx:hr>181</gpxtpx:hr>
          </gpxtpx:TrackPointExtension>
        </extensions>
      </trkpt>
      <trkpt lat="24.915503047383996" lon="118.55976945258509">
        <ele>28.87115478515625</ele>
        <time>2026-01-27T12:58:55Z</time>
        <extensions>
          <gpxtpx:TrackPointExtension>
            <gpxtpx:hr>182</gpxtpx:hr>
          </gpxtpx:TrackPointExtension>
        </extensions>
      </trkpt>
      <trkpt lat="24.915262281180425" lon="118.55990470562121">
        <ele>25.09686279296875</ele>
        <time>2026-01-27T12:59:04Z</time>
        <extensions>
          <gpxtpx:TrackPointExtension>
            <gpxtpx:hr>181</gpxtpx:hr>
          </gpxtpx:TrackPointExtension>
        </extensions>
      </trkpt>
      <trkpt lat="24.915016551735324" lon="118.56006500165917">
        <ele>26.52838134765625</ele>
        <time>2026-01-27T12:59:13Z</time>
        <extensions>
          <gpxtpx:TrackPointExtension>
            <gpxtpx:hr>181</gpxtpx:hr>
          </gpxtpx:TrackPointExtension>
        </extensions>
      </trkpt>
      <trkpt lat="24.914750881144315" lon="118.56026436540493">
        <ele>27.06134033203125</ele>
        <time>2026-01-27T12:59:22Z</time>
        <extensions>
          <gpxtpx:TrackPointExtension>
            <gpxtpx:hr>181</gpxtpx:hr>
          </gpxtpx:TrackPointExtension>
        </extensions>
      </trkpt>
      <trkpt lat="24.91459307280037" lon="118.56038057678066">
        <ele>28.90386962890625</ele>
        <time>2026-01-27T12:59:28Z</time>
        <extensions>
          <gpxtpx:TrackPointExtension>
            <gpxtpx:hr>181</gpxtpx:hr>
          </gpxtpx:TrackPointExtension>
        </extensions>
      </trkpt>
      <trkpt lat="24.914513999110873" lon="118.560322482122">
        <ele>28.91650390625</ele>
        <time>2026-01-27T12:59:31Z</time>
        <extensions>
          <gpxtpx:TrackPointExtension>
            <gpxtpx:hr>181</gpxtpx:hr>
          </gpxtpx:TrackPointExtension>
        </extensions>
      </trkpt>
      <trkpt lat="24.9143606374739" lon="118.56006104016437">
        <ele>26.4595947265625</ele>
        <time>2026-01-27T12:59:40Z</time>
        <extensions>
          <gpxtpx:TrackPointExtension>
            <gpxtpx:hr>181</gpxtpx:hr>
          </gpxtpx:TrackPointExtension>
        </extensions>
      </trkpt>
      <trkpt lat="24.914143215091624" lon="118.55975452053622">
        <ele>28.4825439453125</ele>
        <time>2026-01-27T12:59:52Z</time>
        <extensions>
          <gpxtpx:TrackPointExtension>
            <gpxtpx:hr>178</gpxtpx:hr>
          </gpxtpx:TrackPointExtension>
        </extensions>
      </trkpt>
      <trkpt lat="24.913926776650655" lon="118.55943998229426">
        <ele>29.87310791015625</ele>
        <time>2026-01-27T13:00:04Z</time>
        <extensions>
          <gpxtpx:TrackPointExtension>
            <gpxtpx:hr>172</gpxtpx:hr>
          </gpxtpx:TrackPointExtension>
        </extensions>
      </trkpt>
      <trkpt lat="24.9137353729136" lon="118.55915348763459">
        <ele>32.6590576171875</ele>
        <time>2026-01-27T13:00:13Z</time>
        <extensions>
          <gpxtpx:TrackPointExtension>
            <gpxtpx:hr>175</gpxtpx:hr>
          </gpxtpx:TrackPointExtension>
        </extensions>
      </trkpt>
      <trkpt lat="24.913575964341018" lon="118.55886899052818">
        <ele>32.58209228515625</ele>
        <time>2026-01-27T13:00:22Z</time>
        <extensions>
          <gpxtpx:TrackPointExtension>
            <gpxtpx:hr>175</gpxtpx:hr>
          </gpxtpx:TrackPointExtension>
        </extensions>
      </trkpt>
      <trkpt lat="24.91348169351977" lon="118.55868266221833">
        <ele>32.8638916015625</ele>
        <time>2026-01-27T13:00:28Z</time>
        <extensions>
          <gpxtpx:TrackPointExtension>
            <gpxtpx:hr>174</gpxtpx:hr>
          </gpxtpx:TrackPointExtension>
        </extensions>
      </trkpt>
      <trkpt lat="24.91343936322517" lon="118.55846326883508">
        <ele>32.75421142578125</ele>
        <time>2026-01-27T13:00:34Z</time>
        <extensions>
          <gpxtpx:TrackPointExtension>
            <gpxtpx:hr>175</gpxtpx:hr>
          </gpxtpx:TrackPointExtension>
        </extensions>
      </trkpt>
      <trkpt lat="24.913405244675978" lon="118.55838312587089">
        <ele>33.8646240234375</ele>
        <time>2026-01-27T13:00:37Z</time>
        <extensions>
          <gpxtpx:TrackPointExtension>
            <gpxtpx:hr>177</gpxtpx:hr>
          </gpxtpx:TrackPointExtension>
        </extensions>
      </trkpt>
      <trkpt lat="24.913318154895904" lon="118.55831701178852">
        <ele>33.2362060546875</ele>
        <time>2026-01-27T13:00:40Z</time>
        <extensions>
          <gpxtpx:TrackPointExtension>
            <gpxtpx:hr>174</gpxtpx:hr>
          </gpxtpx:TrackPointExtension>
        </extensions>
      </trkpt>
      <trkpt lat="24.91322110657024" lon="118.55827694561862">
        <ele>32.50457763671875</ele>
        <time>2026-01-27T13:00:43Z</time>
        <extensions>
          <gpxtpx:TrackPointExtension>
            <gpxtpx:hr>176</gpxtpx:hr>
          </gpxtpx:TrackPointExtension>
        </extensions>
      </trkpt>
      <trkpt lat="24.913154981011626" lon="118.55818979139224">
        <ele>32.13372802734375</ele>
        <time>2026-01-27T13:00:46Z</time>
        <extensions>
          <gpxtpx:TrackPointExtension>
            <gpxtpx:hr>175</gpxtpx:hr>
          </gpxtpx:TrackPointExtension>
        </extensions>
      </trkpt>
      <trkpt lat="24.913080660071603" lon="118.55797640625046">
        <ele>33.07232666015625</ele>
        <time>2026-01-27T13:00:52Z</time>
        <extensions>
          <gpxtpx:TrackPointExtension>
            <gpxtpx:hr>176</gpxtpx:hr>
          </gpxtpx:TrackPointExtension>
        </extensions>
      </trkpt>
      <trkpt lat="24.91294725601686" lon="118.55770591774247">
        <ele>32.60614013671875</ele>
        <time>2026-01-27T13:01:01Z</time>
        <extensions>
          <gpxtpx:TrackPointExtension>
            <gpxtpx:hr>174</gpxtpx:hr>
          </gpxtpx:TrackPointExtension>
        </extensions>
      </trkpt>
      <trkpt lat="24.912838831230392" lon="118.557426407373">
        <ele>29.462646484375</ele>
        <time>2026-01-27T13:01:10Z</time>
        <extensions>
          <gpxtpx:TrackPointExtension>
            <gpxtpx:hr>172</gpxtpx:hr>
          </gpxtpx:TrackPointExtension>
        </extensions>
      </trkpt>
      <trkpt lat="24.912683414573163" lon="118.55714990230138">
        <ele>30.34393310546875</ele>
        <time>2026-01-27T13:01:19Z</time>
        <extensions>
          <gpxtpx:TrackPointExtension>
            <gpxtpx:hr>175</gpxtpx:hr>
          </gpxtpx:TrackPointExtension>
        </extensions>
      </trkpt>
      <trkpt lat="24.912565995909755" lon="118.55687739864392">
        <ele>29.0191650390625</ele>
        <time>2026-01-27T13:01:28Z</time>
        <extensions>
          <gpxtpx:TrackPointExtension>
            <gpxtpx:hr>175</gpxtpx:hr>
          </gpxtpx:TrackPointExtension>
        </extensions>
      </trkpt>
      <trkpt lat="24.912462548022148" lon="118.55658986211328">
        <ele>28.38555908203125</ele>
        <time>2026-01-27T13:01:37Z</time>
        <extensions>
          <gpxtpx:TrackPointExtension>
            <gpxtpx:hr>177</gpxtpx:hr>
          </gpxtpx:TrackPointExtension>
        </extensions>
      </trkpt>
      <trkpt lat="24.91240224364544" lon="118.5563964985476">
        <ele>25.91375732421875</ele>
        <time>2026-01-27T13:01:43Z</time>
        <extensions>
          <gpxtpx:TrackPointExtension>
            <gpxtpx:hr>178</gpxtpx:hr>
          </gpxtpx:TrackPointExtension>
        </extensions>
      </trkpt>
      <trkpt lat="24.912279807504348" lon="118.55611797433912">
        <ele>27.985595703125</ele>
        <time>2026-01-27T13:01:52Z</time>
        <extensions>
          <gpxtpx:TrackPointExtension>
            <gpxtpx:hr>178</gpxtpx:hr>
          </gpxtpx:TrackPointExtension>
        </extensions>
      </trkpt>
      <trkpt lat="24.91216229666514" lon="118.55579636301127">
        <ele>27.44842529296875</ele>
        <time>2026-01-27T13:02:01Z</time>
        <extensions>
          <gpxtpx:TrackPointExtension>
            <gpxtpx:hr>178</gpxtpx:hr>
          </gpxtpx:TrackPointExtension>
        </extensions>
      </trkpt>
      <trkpt lat="24.912104950857113" lon="118.55558195140017">
        <ele>27.71234130859375</ele>
        <time>2026-01-27T13:02:07Z</time>
        <extensions>
          <gpxtpx:TrackPointExtension>
            <gpxtpx:hr>180</gpxtpx:hr>
          </gpxtpx:TrackPointExtension>
        </extensions>
      </trkpt>
      <trkpt lat="24.91197050220679" lon="118.55530041186903">
        <ele>28.249267578125</ele>
        <time>2026-01-27T13:02:16Z</time>
        <extensions>
          <gpxtpx:TrackPointExtension>
            <gpxtpx:hr>176</gpxtpx:hr>
          </gpxtpx:TrackPointExtension>
        </extensions>
      </trkpt>
      <trkpt lat="24.911853053038808" lon="118.55502187350228">
        <ele>30.60333251953125</ele>
        <time>2026-01-27T13:02:25Z</time>
        <extensions>
          <gpxtpx:TrackPointExtension>
            <gpxtpx:hr>179</gpxtpx:hr>
          </gpxtpx:TrackPointExtension>
        </extensions>
      </trkpt>
      <trkpt lat="24.911784497475377" lon="118.5546862150541">
        <ele>32.9425048828125</ele>
        <time>2026-01-27T13:02:34Z</time>
        <extensions>
          <gpxtpx:TrackPointExtension>
            <gpxtpx:hr>180</gpxtpx:hr>
          </gpxtpx:TrackPointExtension>
        </extensions>
      </trkpt>
      <trkpt lat="24.911721187180937" lon="118.5544978450469">
        <ele>33.31829833984375</ele>
        <time>2026-01-27T13:02:40Z</time>
        <extensions>
          <gpxtpx:TrackPointExtension>
            <gpxtpx:hr>181</gpxtpx:hr>
          </gpxtpx:TrackPointExtension>
        </extensions>
      </trkpt>
      <trkpt lat="24.911600941470713" lon="118.55434354551807">
        <ele>34.02606201171875</ele>
        <time>2026-01-27T13:02:46Z</time>
        <extensions>
          <gpxtpx:TrackPointExtension>
            <gpxtpx:hr>181</gpxtpx:hr>
          </gpxtpx:TrackPointExtension>
        </extensions>
      </trkpt>
      <trkpt lat="24.911494478391717" lon="118.5540639924283">
        <ele>37.12744140625</ele>
        <time>2026-01-27T13:02:55Z</time>
        <extensions>
          <gpxtpx:TrackPointExtension>
            <gpxtpx:hr>178</gpxtpx:hr>
          </gpxtpx:TrackPointExtension>
        </extensions>
      </trkpt>
      <trkpt lat="24.911362866813292" lon="118.55369826306381">
        <ele>34.1883544921875</ele>
        <time>2026-01-27T13:03:07Z</time>
        <extensions>
          <gpxtpx:TrackPointExtension>
            <gpxtpx:hr>177</gpxtpx:hr>
          </gpxtpx:TrackPointExtension>
        </extensions>
      </trkpt>
      <trkpt lat="24.911254365457744" lon="118.55340066529548">
        <ele>31.5240478515625</ele>
        <time>2026-01-27T13:03:16Z</time>
        <extensions>
          <gpxtpx:TrackPointExtension>
            <gpxtpx:hr>180</gpxtpx:hr>
          </gpxtpx:TrackPointExtension>
        </extensions>
      </trkpt>
      <trkpt lat="24.911139887779772" lon="118.5531180948838">
        <ele>31.830322265625</ele>
        <time>2026-01-27T13:03:25Z</time>
        <extensions>
          <gpxtpx:TrackPointExtension>
            <gpxtpx:hr>179</gpxtpx:hr>
          </gpxtpx:TrackPointExtension>
        </extensions>
      </trkpt>
      <trkpt lat="24.91113172367985" lon="118.5530239018809">
        <ele>32.16400146484375</ele>
        <time>2026-01-27T13:03:28Z</time>
        <extensions>
          <gpxtpx:TrackPointExtension>
            <gpxtpx:hr>179</gpxtpx:hr>
          </gpxtpx:TrackPointExtension>
        </extensions>
      </trkpt>
      <trkpt lat="24.91113172367985" lon="118.5530239018809">
        <ele>32.16400146484375</ele>
        <time>2026-01-27T13:03:31Z</time>
        <extensions>
          <gpxtpx:TrackPointExtension>
            <gpxtpx:hr>179</gpxtpx:hr>
          </gpxtpx:TrackPointExtension>
        </extensions>
      </trkpt>
      <trkpt lat="24.911119653179373" lon="118.55298281816684">
        <ele>30.95867919921875</ele>
        <time>2026-01-27T13:03:55Z</time>
        <extensions>
          <gpxtpx:TrackPointExtension>
            <gpxtpx:hr>165</gpxtpx:hr>
          </gpxtpx:TrackPointExtension>
        </extensions>
      </trkpt>
      <trkpt lat="24.911012168108822" lon="118.55269923998547">
        <ele>30.72906494140625</ele>
        <time>2026-01-27T13:04:07Z</time>
        <extensions>
          <gpxtpx:TrackPointExtension>
            <gpxtpx:hr>163</gpxtpx:hr>
          </gpxtpx:TrackPointExtension>
        </extensions>
      </trkpt>
      <trkpt lat="24.910976992008127" lon="118.55259703048046">
        <ele>29.02801513671875</ele>
        <time>2026-01-27T13:04:10Z</time>
        <extensions>
          <gpxtpx:TrackPointExtension>
            <gpxtpx:hr>162</gpxtpx:hr>
          </gpxtpx:TrackPointExtension>
        </extensions>
      </trkpt>
      <trkpt lat="24.91086172687342" lon="118.55243870926654">
        <ele>27.5552978515625</ele>
        <time>2026-01-27T13:04:16Z</time>
        <extensions>
          <gpxtpx:TrackPointExtension>
            <gpxtpx:hr>166</gpxtpx:hr>
          </gpxtpx:TrackPointExtension>
        </extensions>
      </trkpt>
      <trkpt lat="24.91071718169907" lon="118.55212205757532">
        <ele>30.11572265625</ele>
        <time>2026-01-27T13:04:25Z</time>
        <extensions>
          <gpxtpx:TrackPointExtension>
            <gpxtpx:hr>167</gpxtpx:hr>
          </gpxtpx:TrackPointExtension>
        </extensions>
      </trkpt>
      <trkpt lat="24.910578646237482" lon="118.55181341800322">
        <ele>29.62615966796875</ele>
        <time>2026-01-27T13:04:34Z</time>
        <extensions>
          <gpxtpx:TrackPointExtension>
            <gpxtpx:hr>170</gpxtpx:hr>
          </gpxtpx:TrackPointExtension>
        </extensions>
      </trkpt>
      <trkpt lat="24.910437145678767" lon="118.55152581916573">
        <ele>27.3739013671875</ele>
        <time>2026-01-27T13:04:43Z</time>
        <extensions>
          <gpxtpx:TrackPointExtension>
            <gpxtpx:hr>169</gpxtpx:hr>
          </gpxtpx:TrackPointExtension>
        </extensions>
      </trkpt>
      <trkpt lat="24.910307579864792" lon="118.55120514528024">
        <ele>27.358154296875</ele>
        <time>2026-01-27T13:04:52Z</time>
        <extensions>
          <gpxtpx:TrackPointExtension>
            <gpxtpx:hr>169</gpxtpx:hr>
          </gpxtpx:TrackPointExtension>
        </extensions>
      </trkpt>
      <trkpt lat="24.910193026423652" lon="118.55089448744921">
        <ele>28.1387939453125</ele>
        <time>2026-01-27T13:05:01Z</time>
        <extensions>
          <gpxtpx:TrackPointExtension>
            <gpxtpx:hr>171</gpxtpx:hr>
          </gpxtpx:TrackPointExtension>
        </extensions>
      </trkpt>
      <trkpt lat="24.910146822533058" lon="118.55078024477297">
        <ele>29.37335205078125</ele>
        <time>2026-01-27T13:05:04Z</time>
        <extensions>
          <gpxtpx:TrackPointExtension>
            <gpxtpx:hr>171</gpxtpx:hr>
          </gpxtpx:TrackPointExtension>
        </extensions>
      </trkpt>
      <trkpt lat="24.910089400961493" lon="118.5505477466282">
        <ele>35.83349609375</ele>
        <time>2026-01-27T13:05:10Z</time>
        <extensions>
          <gpxtpx:TrackPointExtension>
            <gpxtpx:hr>172</gpxtpx:hr>
          </gpxtpx:TrackPointExtension>
        </extensions>
      </trkpt>
      <trkpt lat="24.909953861276797" lon="118.55024710328986">
        <ele>38.620361328125</ele>
        <time>2026-01-27T13:05:19Z</time>
        <extensions>
          <gpxtpx:TrackPointExtension>
            <gpxtpx:hr>175</gpxtpx:hr>
          </gpxtpx:TrackPointExtension>
        </extensions>
      </trkpt>
      <trkpt lat="24.909808377752903" lon="118.54997752480256">
        <ele>39.4970703125</ele>
        <time>2026-01-27T13:05:28Z</time>
        <extensions>
          <gpxtpx:TrackPointExtension>
            <gpxtpx:hr>176</gpxtpx:hr>
          </gpxtpx:TrackPointExtension>
        </extensions>
      </trkpt>
      <trkpt lat="24.909682828254912" lon="118.54967587123596">
        <ele>38.26068115234375</ele>
        <time>2026-01-27T13:05:37Z</time>
        <extensions>
          <gpxtpx:TrackPointExtension>
            <gpxtpx:hr>173</gpxtpx:hr>
          </gpxtpx:TrackPointExtension>
        </extensions>
      </trkpt>
      <trkpt lat="24.90959049660657" lon="118.54949347531824">
        <ele>37.527587890625</ele>
        <time>2026-01-27T13:05:43Z</time>
        <extensions>
          <gpxtpx:TrackPointExtension>
            <gpxtpx:hr>172</gpxtpx:hr>
          </gpxtpx:TrackPointExtension>
        </extensions>
      </trkpt>
      <trkpt lat="24.90949194164212" lon="118.54919381812742">
        <ele>37.54229736328125</ele>
        <time>2026-01-27T13:05:52Z</time>
        <extensions>
          <gpxtpx:TrackPointExtension>
            <gpxtpx:hr>176</gpxtpx:hr>
          </gpxtpx:TrackPointExtension>
        </extensions>
      </trkpt>
      <trkpt lat="24.90935528299361" lon="118.54883903652753">
        <ele>34.143310546875</ele>
        <time>2026-01-27T13:06:04Z</time>
        <extensions>
          <gpxtpx:TrackPointExtension>
            <gpxtpx:hr>173</gpxtpx:hr>
          </gpxtpx:TrackPointExtension>
        </extensions>
      </trkpt>
      <trkpt lat="24.909206623221106" lon="118.54848525271764">
        <ele>33.3074951171875</ele>
        <time>2026-01-27T13:06:16Z</time>
        <extensions>
          <gpxtpx:TrackPointExtension>
            <gpxtpx:hr>178</gpxtpx:hr>
          </gpxtpx:TrackPointExtension>
        </extensions>
      </trkpt>
      <trkpt lat="24.90908490633295" lon="118.54810640497475">
        <ele>33.79119873046875</ele>
        <time>2026-01-27T13:06:28Z</time>
        <extensions>
          <gpxtpx:TrackPointExtension>
            <gpxtpx:hr>177</gpxtpx:hr>
          </gpxtpx:TrackPointExtension>
        </extensions>
      </trkpt>
      <trkpt lat="24.90911070187687" lon="118.54800316883916">
        <ele>32.88751220703125</ele>
        <time>2026-01-27T13:06:31Z</time>
        <extensions>
          <gpxtpx:TrackPointExtension>
            <gpxtpx:hr>176</gpxtpx:hr>
          </gpxtpx:TrackPointExtension>
        </extensions>
      </trkpt>
      <trkpt lat="24.909186542873684" lon="118.54792699037077">
        <ele>33.00042724609375</ele>
        <time>2026-01-27T13:06:34Z</time>
        <extensions>
          <gpxtpx:TrackPointExtension>
            <gpxtpx:hr>177</gpxtpx:hr>
          </gpxtpx:TrackPointExtension>
        </extensions>
      </trkpt>
      <trkpt lat="24.90945421791015" lon="118.54777963608186">
        <ele>31.3673095703125</ele>
        <time>2026-01-27T13:06:43Z</time>
        <extensions>
          <gpxtpx:TrackPointExtension>
            <gpxtpx:hr>176</gpxtpx:hr>
          </gpxtpx:TrackPointExtension>
        </extensions>
      </trkpt>
      <trkpt lat="24.90970588059449" lon="118.5476252659508">
        <ele>30.671875</ele>
        <time>2026-01-27T13:06:52Z</time>
        <extensions>
          <gpxtpx:TrackPointExtension>
            <gpxtpx:hr>176</gpxtpx:hr>
          </gpxtpx:TrackPointExtension>
        </extensions>
      </trkpt>
      <trkpt lat="24.909949584896502" lon="118.54749194366323">
        <ele>27.61968994140625</ele>
        <time>2026-01-27T13:07:01Z</time>
        <extensions>
          <gpxtpx:TrackPointExtension>
            <gpxtpx:hr>177</gpxtpx:hr>
          </gpxtpx:TrackPointExtension>
        </extensions>
      </trkpt>
      <trkpt lat="24.910119377821122" lon="118.54739871790888">
        <ele>26.3826904296875</ele>
        <time>2026-01-27T13:07:07Z</time>
        <extensions>
          <gpxtpx:TrackPointExtension>
            <gpxtpx:hr>179</gpxtpx:hr>
          </gpxtpx:TrackPointExtension>
        </extensions>
      </trkpt>
      <trkpt lat="24.91031493317853" lon="118.54718721756142">
        <ele>25.401123046875</ele>
        <time>2026-01-27T13:07:16Z</time>
        <extensions>
          <gpxtpx:TrackPointExtension>
            <gpxtpx:hr>180</gpxtpx:hr>
          </gpxtpx:TrackPointExtension>
        </extensions>
      </trkpt>
      <trkpt lat="24.9105375269006" lon="118.54699776451749">
        <ele>25.0008544921875</ele>
        <time>2026-01-27T13:07:25Z</time>
        <extensions>
          <gpxtpx:TrackPointExtension>
            <gpxtpx:hr>181</gpxtpx:hr>
          </gpxtpx:TrackPointExtension>
        </extensions>
      </trkpt>
      <trkpt lat="24.910673292955746" lon="118.54688950437522">
        <ele>24.19281005859375</ele>
        <time>2026-01-27T13:07:31Z</time>
        <extensions>
          <gpxtpx:TrackPointExtension>
            <gpxtpx:hr>181</gpxtpx:hr>
          </gpxtpx:TrackPointExtension>
        </extensions>
      </trkpt>
      <trkpt lat="24.910972899884996" lon="118.54671307395942">
        <ele>20.66607666015625</ele>
        <time>2026-01-27T13:07:43Z</time>
        <extensions>
          <gpxtpx:TrackPointExtension>
            <gpxtpx:hr>180</gpxtpx:hr>
          </gpxtpx:TrackPointExtension>
        </extensions>
      </trkpt>
      <trkpt lat="24.91128249023075" lon="118.54652962520319">
        <ele>20.62493896484375</ele>
        <time>2026-01-27T13:07:55Z</time>
        <extensions>
          <gpxtpx:TrackPointExtension>
            <gpxtpx:hr>182</gpxtpx:hr>
          </gpxtpx:TrackPointExtension>
        </extensions>
      </trkpt>
      <trkpt lat="24.911578115499587" lon="118.54636321591309">
        <ele>19.46514892578125</ele>
        <time>2026-01-27T13:08:04Z</time>
        <extensions>
          <gpxtpx:TrackPointExtension>
            <gpxtpx:hr>182</gpxtpx:hr>
          </gpxtpx:TrackPointExtension>
        </extensions>
      </trkpt>
      <trkpt lat="24.911765875821228" lon="118.54625695403693">
        <ele>21.66265869140625</ele>
        <time>2026-01-27T13:08:10Z</time>
        <extensions>
          <gpxtpx:TrackPointExtension>
            <gpxtpx:hr>184</gpxtpx:hr>
          </gpxtpx:TrackPointExtension>
        </extensions>
      </trkpt>
      <trkpt lat="24.911810653622844" lon="118.54614969928666">
        <ele>22.8021240234375</ele>
        <time>2026-01-27T13:08:13Z</time>
        <extensions>
          <gpxtpx:TrackPointExtension>
            <gpxtpx:hr>184</gpxtpx:hr>
          </gpxtpx:TrackPointExtension>
        </extensions>
      </trkpt>
      <trkpt lat="24.911829428556338" lon="118.5460394388006">
        <ele>23.71270751953125</ele>
        <time>2026-01-27T13:08:16Z</time>
        <extensions>
          <gpxtpx:TrackPointExtension>
            <gpxtpx:hr>182</gpxtpx:hr>
          </gpxtpx:TrackPointExtension>
        </extensions>
      </trkpt>
      <trkpt lat="24.911817217506563" lon="118.5459341917887">
        <ele>23.77294921875</ele>
        <time>2026-01-27T13:08:19Z</time>
        <extensions>
          <gpxtpx:TrackPointExtension>
            <gpxtpx:hr>182</gpxtpx:hr>
          </gpxtpx:TrackPointExtension>
        </extensions>
      </trkpt>
      <trkpt lat="24.9116896374457" lon="118.54563950425865">
        <ele>23.67108154296875</ele>
        <time>2026-01-27T13:08:28Z</time>
        <extensions>
          <gpxtpx:TrackPointExtension>
            <gpxtpx:hr>180</gpxtpx:hr>
          </gpxtpx:TrackPointExtension>
        </extensions>
      </trkpt>
      <trkpt lat="24.911650438848536" lon="118.54553926931221">
        <ele>24.8475341796875</ele>
        <time>2026-01-27T13:08:31Z</time>
        <extensions>
          <gpxtpx:TrackPointExtension>
            <gpxtpx:hr>181</gpxtpx:hr>
          </gpxtpx:TrackPointExtension>
        </extensions>
      </trkpt>
      <trkpt lat="24.911640282893906" lon="118.54546208673437">
        <ele>22.76031494140625</ele>
        <time>2026-01-27T13:08:34Z</time>
        <extensions>
          <gpxtpx:TrackPointExtension>
            <gpxtpx:hr>180</gpxtpx:hr>
          </gpxtpx:TrackPointExtension>
        </extensions>
      </trkpt>
      <trkpt lat="24.91158913038597" lon="118.54538390438205">
        <ele>22.72265625</ele>
        <time>2026-01-27T13:08:37Z</time>
        <extensions>
          <gpxtpx:TrackPointExtension>
            <gpxtpx:hr>180</gpxtpx:hr>
          </gpxtpx:TrackPointExtension>
        </extensions>
      </trkpt>
      <trkpt lat="24.91147038465476" lon="118.54501202501089">
        <ele>24.72991943359375</ele>
        <time>2026-01-27T13:08:49Z</time>
        <extensions>
          <gpxtpx:TrackPointExtension>
            <gpxtpx:hr>181</gpxtpx:hr>
          </gpxtpx:TrackPointExtension>
        </extensions>
      </trkpt>
      <trkpt lat="24.911334721370682" lon="118.5446812402507">
        <ele>25.90576171875</ele>
        <time>2026-01-27T13:08:58Z</time>
        <extensions>
          <gpxtpx:TrackPointExtension>
            <gpxtpx:hr>183</gpxtpx:hr>
          </gpxtpx:TrackPointExtension>
        </extensions>
      </trkpt>
      <trkpt lat="24.91120813838401" lon="118.54439154994527">
        <ele>22.9669189453125</ele>
        <time>2026-01-27T13:09:07Z</time>
        <extensions>
          <gpxtpx:TrackPointExtension>
            <gpxtpx:hr>182</gpxtpx:hr>
          </gpxtpx:TrackPointExtension>
        </extensions>
      </trkpt>
      <trkpt lat="24.911051477032064" lon="118.5440637657871">
        <ele>21.70263671875</ele>
        <time>2026-01-27T13:09:16Z</time>
        <extensions>
          <gpxtpx:TrackPointExtension>
            <gpxtpx:hr>184</gpxtpx:hr>
          </gpxtpx:TrackPointExtension>
        </extensions>
      </trkpt>
      <trkpt lat="24.910948061216626" lon="118.54385827238318">
        <ele>23.28582763671875</ele>
        <time>2026-01-27T13:09:22Z</time>
        <extensions>
          <gpxtpx:TrackPointExtension>
            <gpxtpx:hr>184</gpxtpx:hr>
          </gpxtpx:TrackPointExtension>
        </extensions>
      </trkpt>
    </trkseg>
  </trk>
</gpx>