<?xml version="1.0" encoding="UTF-8"?>
<gpx xmlns="http://www.topografix.com/GPX/1/1" xmlns:gpxtpx="http://www.garmin.com/xmlschemas/TrackPointExtension/v1" xmlns:xsi="http://www.w3.org/2001/XMLSchema-instance" xsi:schemaLocation="http://www.topografix.com/GPX/1/1 http://www.topografix.com/GPX/1/1/gpx.xsd" version="1.1" creator="gpx.py -- https://github.com/tkrajina/gpxpy">
  <trk>
    <name>gpx from keep</name>
    <type>Run</type>
    <trkseg>
      <trkpt lat="24.911355729710436" lon="118.5373886611296">
        <ele>20.654296875</ele>
        <time>2025-12-30T12:11:28Z</time>
      </trkpt>
      <trkpt lat="24.911237165281843" lon="118.53757015557409">
        <ele>19.44390869140625</ele>
        <time>2025-12-30T12:11:34Z</time>
      </trkpt>
      <trkpt lat="24.911178593769318" lon="118.53775264734051">
        <ele>21.4669189453125</ele>
        <time>2025-12-30T12:11:40Z</time>
      </trkpt>
      <trkpt lat="24.91099042762004" lon="118.53810459762299">
        <ele>16.91650390625</ele>
        <time>2025-12-30T12:11:52Z</time>
      </trkpt>
      <trkpt lat="24.910872131263677" lon="118.53840540333647">
        <ele>17.82891845703125</ele>
        <time>2025-12-30T12:12:01Z</time>
      </trkpt>
      <trkpt lat="24.910849433583365" lon="118.5385367521219">
        <ele>21.83697509765625</ele>
        <time>2025-12-30T12:12:04Z</time>
      </trkpt>
      <trkpt lat="24.91087970975921" lon="118.53866007544453">
        <ele>17.13824462890625</ele>
        <time>2025-12-30T12:13:19Z</time>
      </trkpt>
      <trkpt lat="24.911157823586233" lon="118.53872723310516">
        <ele>17.765380859375</ele>
        <time>2025-12-30T12:13:28Z</time>
      </trkpt>
      <trkpt lat="24.911240903014473" lon="118.53876733293232">
        <ele>17.78912353515625</ele>
        <time>2025-12-30T12:13:31Z</time>
      </trkpt>
      <trkpt lat="24.911237105811153" lon="118.53885656798018">
        <ele>17.5877685546875</ele>
        <time>2025-12-30T12:13:34Z</time>
      </trkpt>
      <trkpt lat="24.91118754592071" lon="118.5390480743134">
        <ele>16.7496337890625</ele>
        <time>2025-12-30T12:13:40Z</time>
      </trkpt>
      <trkpt lat="24.911154052611323" lon="118.5392706594616">
        <ele>17.6114501953125</ele>
        <time>2025-12-30T12:13:46Z</time>
      </trkpt>
      <trkpt lat="24.911077743581057" lon="118.53957345469503">
        <ele>17.0853271484375</ele>
        <time>2025-12-30T12:13:55Z</time>
      </trkpt>
      <trkpt lat="24.910977363269364" lon="118.53984416504152">
        <ele>21.27728271484375</ele>
        <time>2025-12-30T12:14:04Z</time>
      </trkpt>
      <trkpt lat="24.910949032949574" lon="118.54014294015744">
        <ele>23.549560546875</ele>
        <time>2025-12-30T12:14:13Z</time>
      </trkpt>
      <trkpt lat="24.910933262337082" lon="118.54024520512569">
        <ele>24.557861328125</ele>
        <time>2025-12-30T12:14:16Z</time>
      </trkpt>
      <trkpt lat="24.910889477496575" lon="118.54033945100352">
        <ele>25.22021484375</ele>
        <time>2025-12-30T12:14:19Z</time>
      </trkpt>
      <trkpt lat="24.91081031961997" lon="118.54071542193991">
        <ele>28.95751953125</ele>
        <time>2025-12-30T12:14:31Z</time>
      </trkpt>
      <trkpt lat="24.91081071462062" lon="118.54089488087033">
        <ele>29.58514404296875</ele>
        <time>2025-12-30T12:14:37Z</time>
      </trkpt>
      <trkpt lat="24.91079193746518" lon="118.54099513805028">
        <ele>29.9256591796875</ele>
        <time>2025-12-30T12:14:40Z</time>
      </trkpt>
      <trkpt lat="24.910698556546343" lon="118.54127184878836">
        <ele>28.952392578125</ele>
        <time>2025-12-30T12:14:49Z</time>
      </trkpt>
      <trkpt lat="24.910654137869233" lon="118.54153552024493">
        <ele>27.1259765625</ele>
        <time>2025-12-30T12:14:58Z</time>
      </trkpt>
      <trkpt lat="24.91060255038171" lon="118.54172199492152">
        <ele>26.8377685546875</ele>
        <time>2025-12-30T12:15:04Z</time>
      </trkpt>
      <trkpt lat="24.910580877250894" lon="118.54187137284711">
        <ele>25.21942138671875</ele>
        <time>2025-12-30T12:15:10Z</time>
      </trkpt>
      <trkpt lat="24.910503280429424" lon="118.54205283435664">
        <ele>23.89093017578125</ele>
        <time>2025-12-30T12:15:16Z</time>
      </trkpt>
      <trkpt lat="24.91042396735429" lon="118.54236662563129">
        <ele>22.27862548828125</ele>
        <time>2025-12-30T12:15:25Z</time>
      </trkpt>
      <trkpt lat="24.910358621096712" lon="118.54266737973293">
        <ele>23.64288330078125</ele>
        <time>2025-12-30T12:15:34Z</time>
      </trkpt>
      <trkpt lat="24.91028120938783" lon="118.54293805672121">
        <ele>21.47216796875</ele>
        <time>2025-12-30T12:15:43Z</time>
      </trkpt>
      <trkpt lat="24.910289395933873" lon="118.54302627442846">
        <ele>20.90179443359375</ele>
        <time>2025-12-30T12:15:46Z</time>
      </trkpt>
      <trkpt lat="24.910330575494775" lon="118.54311348706163">
        <ele>21.87506103515625</ele>
        <time>2025-12-30T12:15:49Z</time>
      </trkpt>
      <trkpt lat="24.910308918574202" lon="118.54327388411227">
        <ele>21.51422119140625</ele>
        <time>2025-12-30T12:15:55Z</time>
      </trkpt>
      <trkpt lat="24.91031406847707" lon="118.54334505895436">
        <ele>22.722900390625</ele>
        <time>2025-12-30T12:15:58Z</time>
      </trkpt>
      <trkpt lat="24.910387090121862" lon="118.5433600908628">
        <ele>22.34942626953125</ele>
        <time>2025-12-30T12:16:01Z</time>
      </trkpt>
      <trkpt lat="24.91070298682412" lon="118.54333199983161">
        <ele>18.65087890625</ele>
        <time>2025-12-30T12:16:13Z</time>
      </trkpt>
      <trkpt lat="24.91099090434856" lon="118.54331193045712">
        <ele>19.4359130859375</ele>
        <time>2025-12-30T12:16:22Z</time>
      </trkpt>
      <trkpt lat="24.911343787337007" lon="118.54327982692375">
        <ele>20.18365478515625</ele>
        <time>2025-12-30T12:16:34Z</time>
      </trkpt>
      <trkpt lat="24.911617643045865" lon="118.54322968438065">
        <ele>15.02947998046875</ele>
        <time>2025-12-30T12:16:43Z</time>
      </trkpt>
      <trkpt lat="24.911964439591284" lon="118.54315647978021">
        <ele>14.923095703125</ele>
        <time>2025-12-30T12:16:55Z</time>
      </trkpt>
      <trkpt lat="24.91228023173597" lon="118.54307926722048">
        <ele>15.07989501953125</ele>
        <time>2025-12-30T12:17:07Z</time>
      </trkpt>
      <trkpt lat="24.912621964597896" lon="118.5429759881372">
        <ele>14.0921630859375</ele>
        <time>2025-12-30T12:17:19Z</time>
      </trkpt>
      <trkpt lat="24.912938692014073" lon="118.542868700438">
        <ele>13.38531494140625</ele>
        <time>2025-12-30T12:17:31Z</time>
      </trkpt>
      <trkpt lat="24.913279452048148" lon="118.54277845292607">
        <ele>15.752197265625</ele>
        <time>2025-12-30T12:17:43Z</time>
      </trkpt>
      <trkpt lat="24.913546305645088" lon="118.54272730739542">
        <ele>17.51605224609375</ele>
        <time>2025-12-30T12:17:52Z</time>
      </trkpt>
      <trkpt lat="24.913877062316487" lon="118.54263505509438">
        <ele>17.84149169921875</ele>
        <time>2025-12-30T12:18:04Z</time>
      </trkpt>
      <trkpt lat="24.91416480535194" lon="118.54253378297625">
        <ele>23.024658203125</ele>
        <time>2025-12-30T12:18:16Z</time>
      </trkpt>
      <trkpt lat="24.914734321335533" lon="118.54234527303964">
        <ele>20.95751953125</ele>
        <time>2025-12-30T12:18:37Z</time>
      </trkpt>
      <trkpt lat="24.91482830605144" lon="118.54234426399272">
        <ele>20.16400146484375</ele>
        <time>2025-12-30T12:18:40Z</time>
      </trkpt>
      <trkpt lat="24.915148069460653" lon="118.54225501861224">
        <ele>19.9918212890625</ele>
        <time>2025-12-30T12:18:52Z</time>
      </trkpt>
      <trkpt lat="24.915466806793628" lon="118.54215374284627">
        <ele>18.270263671875</ele>
        <time>2025-12-30T12:19:04Z</time>
      </trkpt>
      <trkpt lat="24.915784509266462" lon="118.54203642648683">
        <ele>17.4552001953125</ele>
        <time>2025-12-30T12:19:16Z</time>
      </trkpt>
      <trkpt lat="24.916128231477607" lon="118.54193013552243">
        <ele>18.8316650390625</ele>
        <time>2025-12-30T12:19:28Z</time>
      </trkpt>
      <trkpt lat="24.916291061131226" lon="118.54186195265211">
        <ele>16.61431884765625</ele>
        <time>2025-12-30T12:19:34Z</time>
      </trkpt>
      <trkpt lat="24.91636294029515" lon="118.54181081888007">
        <ele>15.53826904296875</ele>
        <time>2025-12-30T12:19:37Z</time>
      </trkpt>
      <trkpt lat="24.916433567042898" lon="118.54164339161136">
        <ele>15.8807373046875</ele>
        <time>2025-12-30T12:19:43Z</time>
      </trkpt>
      <trkpt lat="24.916352791803956" lon="118.54128248314275">
        <ele>17.11248779296875</ele>
        <time>2025-12-30T12:19:55Z</time>
      </trkpt>
      <trkpt lat="24.91636191365318" lon="118.54088246361641">
        <ele>20.26068115234375</ele>
        <time>2025-12-30T12:20:07Z</time>
      </trkpt>
      <trkpt lat="24.916376516483215" lon="118.54070300354074">
        <ele>24.12127685546875</ele>
        <time>2025-12-30T12:20:13Z</time>
      </trkpt>
      <trkpt lat="24.916503862896317" lon="118.54041525611422">
        <ele>20.456787109375</ele>
        <time>2025-12-30T12:20:22Z</time>
      </trkpt>
      <trkpt lat="24.916614041649556" lon="118.54005231246376">
        <ele>19.70599365234375</ele>
        <time>2025-12-30T12:20:34Z</time>
      </trkpt>
      <trkpt lat="24.91672140707201" lon="118.53977458547206">
        <ele>19.30908203125</ele>
        <time>2025-12-30T12:20:43Z</time>
      </trkpt>
      <trkpt lat="24.916869629161056" lon="118.53943669593367">
        <ele>21.22882080078125</ele>
        <time>2025-12-30T12:20:55Z</time>
      </trkpt>
      <trkpt lat="24.917016981122632" lon="118.53915795721822">
        <ele>19.35919189453125</ele>
        <time>2025-12-30T12:21:04Z</time>
      </trkpt>
      <trkpt lat="24.917147180763966" lon="118.53881204017918">
        <ele>20.68206787109375</ele>
        <time>2025-12-30T12:21:16Z</time>
      </trkpt>
      <trkpt lat="24.91723359720683" lon="118.53856037083885">
        <ele>19.8922119140625</ele>
        <time>2025-12-30T12:21:25Z</time>
      </trkpt>
      <trkpt lat="24.91729700110166" lon="118.53830268486657">
        <ele>18.9859619140625</ele>
        <time>2025-12-30T12:21:34Z</time>
      </trkpt>
      <trkpt lat="24.9173805516034" lon="118.53811117096647">
        <ele>22.39276123046875</ele>
        <time>2025-12-30T12:21:40Z</time>
      </trkpt>
      <trkpt lat="24.917514934949065" lon="118.53785046785758">
        <ele>19.814697265625</ele>
        <time>2025-12-30T12:21:49Z</time>
      </trkpt>
      <trkpt lat="24.917658102087056" lon="118.53749751478261">
        <ele>21.18182373046875</ele>
        <time>2025-12-30T12:22:01Z</time>
      </trkpt>
      <trkpt lat="24.917791457282355" lon="118.53722677908455">
        <ele>22.3460693359375</ele>
        <time>2025-12-30T12:22:10Z</time>
      </trkpt>
      <trkpt lat="24.917965643492106" lon="118.53688685123088">
        <ele>21.59552001953125</ele>
        <time>2025-12-30T12:22:22Z</time>
      </trkpt>
      <trkpt lat="24.91811496785229" lon="118.53660608141485">
        <ele>21.3326416015625</ele>
        <time>2025-12-30T12:22:31Z</time>
      </trkpt>
      <trkpt lat="24.9182551405006" lon="118.53626113488347">
        <ele>20.969482421875</ele>
        <time>2025-12-30T12:22:43Z</time>
      </trkpt>
      <trkpt lat="24.9183955433306" lon="118.53601545540167">
        <ele>20.62530517578125</ele>
        <time>2025-12-30T12:22:52Z</time>
      </trkpt>
      <trkpt lat="24.91849987593055" lon="118.53573869119764">
        <ele>17.52227783203125</ele>
        <time>2025-12-30T12:23:01Z</time>
      </trkpt>
      <trkpt lat="24.918608564284337" lon="118.53561333993737">
        <ele>16.5518798828125</ele>
        <time>2025-12-30T12:23:07Z</time>
      </trkpt>
      <trkpt lat="24.91871974958491" lon="118.53527640570161">
        <ele>16.09442138671875</ele>
        <time>2025-12-30T12:23:19Z</time>
      </trkpt>
      <trkpt lat="24.918745545654094" lon="118.53519217167621">
        <ele>17.2347412109375</ele>
        <time>2025-12-30T12:23:22Z</time>
      </trkpt>
      <trkpt lat="24.918752095640105" lon="118.535003650601">
        <ele>17.08233642578125</ele>
        <time>2025-12-30T12:23:28Z</time>
      </trkpt>
      <trkpt lat="24.91879597226101" lon="118.5349545116488">
        <ele>17.9456787109375</ele>
        <time>2025-12-30T12:23:31Z</time>
      </trkpt>
      <trkpt lat="24.91886990684383" lon="118.53493144267692">
        <ele>18.36004638671875</ele>
        <time>2025-12-30T12:23:34Z</time>
      </trkpt>
      <trkpt lat="24.91886990684383" lon="118.53493144267692">
        <ele>18.36004638671875</ele>
        <time>2025-12-30T12:23:36Z</time>
      </trkpt>
      <trkpt lat="24.918896022834794" lon="118.53498157955796">
        <ele>19.1724853515625</ele>
        <time>2025-12-30T12:24:04Z</time>
      </trkpt>
      <trkpt lat="24.919232088106213" lon="118.53502868641637">
        <ele>19.48529052734375</ele>
        <time>2025-12-30T12:24:16Z</time>
      </trkpt>
      <trkpt lat="24.919334097703803" lon="118.53503870701432">
        <ele>19.7838134765625</ele>
        <time>2025-12-30T12:24:19Z</time>
      </trkpt>
      <trkpt lat="24.919511005935917" lon="118.53501061706349">
        <ele>19.59710693359375</ele>
        <time>2025-12-30T12:24:25Z</time>
      </trkpt>
      <trkpt lat="24.919838067624326" lon="118.5350557189625">
        <ele>21.7303466796875</ele>
        <time>2025-12-30T12:24:37Z</time>
      </trkpt>
      <trkpt lat="24.920140213935156" lon="118.53513491666311">
        <ele>23.83392333984375</ele>
        <time>2025-12-30T12:24:46Z</time>
      </trkpt>
      <trkpt lat="24.92048631331978" lon="118.53519706406955">
        <ele>25.23187255859375</ele>
        <time>2025-12-30T12:24:58Z</time>
      </trkpt>
      <trkpt lat="24.92082742519351" lon="118.53526422551145">
        <ele>23.8570556640625</ele>
        <time>2025-12-30T12:25:10Z</time>
      </trkpt>
      <trkpt lat="24.921146563820567" lon="118.53534141594456">
        <ele>25.35296630859375</ele>
        <time>2025-12-30T12:25:22Z</time>
      </trkpt>
      <trkpt lat="24.921408695991904" lon="118.53541259360107">
        <ele>24.7830810546875</ele>
        <time>2025-12-30T12:25:31Z</time>
      </trkpt>
      <trkpt lat="24.921736894767253" lon="118.53551585465398">
        <ele>24.69061279296875</ele>
        <time>2025-12-30T12:25:43Z</time>
      </trkpt>
      <trkpt lat="24.92207011385657" lon="118.5356281397542">
        <ele>25.34686279296875</ele>
        <time>2025-12-30T12:25:55Z</time>
      </trkpt>
      <trkpt lat="24.922389346363133" lon="118.53574543913435">
        <ele>26.32110595703125</ele>
        <time>2025-12-30T12:26:07Z</time>
      </trkpt>
      <trkpt lat="24.922710556869344" lon="118.5358537132152">
        <ele>25.46649169921875</ele>
        <time>2025-12-30T12:26:19Z</time>
      </trkpt>
      <trkpt lat="24.92302279897801" lon="118.53597502313079">
        <ele>25.50811767578125</ele>
        <time>2025-12-30T12:26:31Z</time>
      </trkpt>
      <trkpt lat="24.92333705920736" lon="118.53610435427692">
        <ele>24.85107421875</ele>
        <time>2025-12-30T12:26:43Z</time>
      </trkpt>
      <trkpt lat="24.923634328366848" lon="118.53623669422034">
        <ele>25.31475830078125</ele>
        <time>2025-12-30T12:26:55Z</time>
      </trkpt>
      <trkpt lat="24.923949636732" lon="118.53638708135169">
        <ele>24.53155517578125</ele>
        <time>2025-12-30T12:27:07Z</time>
      </trkpt>
      <trkpt lat="24.924236021134664" lon="118.53656855400504">
        <ele>24.9654541015625</ele>
        <time>2025-12-30T12:27:19Z</time>
      </trkpt>
      <trkpt lat="24.92455030702722" lon="118.53670991504856">
        <ele>25.66778564453125</ele>
        <time>2025-12-30T12:27:31Z</time>
      </trkpt>
      <trkpt lat="24.92484760402233" lon="118.53685528741194">
        <ele>27.1646728515625</ele>
        <time>2025-12-30T12:27:43Z</time>
      </trkpt>
      <trkpt lat="24.925000778454535" lon="118.53693950411558">
        <ele>27.69671630859375</ele>
        <time>2025-12-30T12:27:49Z</time>
      </trkpt>
      <trkpt lat="24.92513504150176" lon="118.53706082185758">
        <ele>28.1417236328125</ele>
        <time>2025-12-30T12:27:55Z</time>
      </trkpt>
      <trkpt lat="24.925199469609087" lon="118.53724932456366">
        <ele>26.68438720703125</ele>
        <time>2025-12-30T12:28:04Z</time>
      </trkpt>
      <trkpt lat="24.92536358344914" lon="118.53730847203497">
        <ele>25.9407958984375</ele>
        <time>2025-12-30T12:28:10Z</time>
      </trkpt>
      <trkpt lat="24.92570951611243" lon="118.53730042637217">
        <ele>25.59991455078125</ele>
        <time>2025-12-30T12:28:22Z</time>
      </trkpt>
      <trkpt lat="24.925789553558698" lon="118.53732147733032">
        <ele>25.74267578125</ele>
        <time>2025-12-30T12:28:25Z</time>
      </trkpt>
      <trkpt lat="24.926084935976316" lon="118.53750494876745">
        <ele>24.93804931640625</ele>
        <time>2025-12-30T12:28:37Z</time>
      </trkpt>
      <trkpt lat="24.926383369983466" lon="118.53771148040128">
        <ele>22.8680419921875</ele>
        <time>2025-12-30T12:28:49Z</time>
      </trkpt>
      <trkpt lat="24.926692702106962" lon="118.53787489488226">
        <ele>23.31854248046875</ele>
        <time>2025-12-30T12:29:01Z</time>
      </trkpt>
      <trkpt lat="24.92697809417922" lon="118.538063376725">
        <ele>22.8753662109375</ele>
        <time>2025-12-30T12:29:13Z</time>
      </trkpt>
      <trkpt lat="24.927256499841285" lon="118.53825787373125">
        <ele>21.81817626953125</ele>
        <time>2025-12-30T12:29:25Z</time>
      </trkpt>
      <trkpt lat="24.92754392585352" lon="118.53846239525853">
        <ele>20.11151123046875</ele>
        <time>2025-12-30T12:29:37Z</time>
      </trkpt>
      <trkpt lat="24.92782134737347" lon="118.53866491068415">
        <ele>17.2183837890625</ele>
        <time>2025-12-30T12:29:49Z</time>
      </trkpt>
      <trkpt lat="24.9280758389137" lon="118.53889750529262">
        <ele>15.44775390625</ele>
        <time>2025-12-30T12:30:01Z</time>
      </trkpt>
      <trkpt lat="24.928344344815756" lon="118.53913811796572">
        <ele>15.51324462890625</ele>
        <time>2025-12-30T12:30:13Z</time>
      </trkpt>
      <trkpt lat="24.928617789513062" lon="118.53935266010853">
        <ele>17.89794921875</ele>
        <time>2025-12-30T12:30:25Z</time>
      </trkpt>
      <trkpt lat="24.928880274710075" lon="118.5395852483098">
        <ele>19.94775390625</ele>
        <time>2025-12-30T12:30:37Z</time>
      </trkpt>
      <trkpt lat="24.92913774987849" lon="118.53981382446072">
        <ele>20.44659423828125</ele>
        <time>2025-12-30T12:30:49Z</time>
      </trkpt>
      <trkpt lat="24.929406215072994" lon="118.54003939013349">
        <ele>16.86309814453125</ele>
        <time>2025-12-30T12:31:01Z</time>
      </trkpt>
      <trkpt lat="24.929656683351467" lon="118.54026595775517">
        <ele>16.4669189453125</ele>
        <time>2025-12-30T12:31:13Z</time>
      </trkpt>
      <trkpt lat="24.929928129217622" lon="118.54048450139122">
        <ele>15.285888671875</ele>
        <time>2025-12-30T12:31:25Z</time>
      </trkpt>
      <trkpt lat="24.930123462631958" lon="118.54064790723564">
        <ele>16.0850830078125</ele>
        <time>2025-12-30T12:31:34Z</time>
      </trkpt>
      <trkpt lat="24.93037003264786" lon="118.54092259289177">
        <ele>16.7237548828125</ele>
        <time>2025-12-30T12:31:46Z</time>
      </trkpt>
      <trkpt lat="24.93063153219147" lon="118.54116719816166">
        <ele>17.111572265625</ele>
        <time>2025-12-30T12:31:58Z</time>
      </trkpt>
      <trkpt lat="24.930874988532878" lon="118.54139175159013">
        <ele>18.00830078125</ele>
        <time>2025-12-30T12:32:10Z</time>
      </trkpt>
      <trkpt lat="24.931133467194442" lon="118.5416283324572">
        <ele>16.84149169921875</ele>
        <time>2025-12-30T12:32:22Z</time>
      </trkpt>
      <trkpt lat="24.93139490227816" lon="118.54184586302173">
        <ele>17.0118408203125</ele>
        <time>2025-12-30T12:32:34Z</time>
      </trkpt>
      <trkpt lat="24.931663367213826" lon="118.54207842902863">
        <ele>18.43914794921875</ele>
        <time>2025-12-30T12:32:46Z</time>
      </trkpt>
      <trkpt lat="24.931923859449903" lon="118.5423240261006">
        <ele>19.6400146484375</ele>
        <time>2025-12-30T12:32:58Z</time>
      </trkpt>
      <trkpt lat="24.932193348340384" lon="118.54256962022197">
        <ele>19.7637939453125</ele>
        <time>2025-12-30T12:33:10Z</time>
      </trkpt>
      <trkpt lat="24.93245983985217" lon="118.54281721719391">
        <ele>19.68157958984375</ele>
        <time>2025-12-30T12:33:22Z</time>
      </trkpt>
      <trkpt lat="24.932732287925315" lon="118.54304576429064">
        <ele>19.38604736328125</ele>
        <time>2025-12-30T12:33:34Z</time>
      </trkpt>
      <trkpt lat="24.932788424767747" lon="118.54311392881544">
        <ele>19.28631591796875</ele>
        <time>2025-12-30T12:33:38Z</time>
      </trkpt>
      <trkpt lat="24.932822604941656" lon="118.54320114166725">
        <ele>19.10577392578125</ele>
        <time>2025-12-30T12:33:41Z</time>
      </trkpt>
      <trkpt lat="24.93283079702015" lon="118.54329236590642">
        <ele>18.5689697265625</ele>
        <time>2025-12-30T12:33:44Z</time>
      </trkpt>
      <trkpt lat="24.932809982323548" lon="118.5433785795139">
        <ele>17.4071044921875</ele>
        <time>2025-12-30T12:33:47Z</time>
      </trkpt>
      <trkpt lat="24.93261864562557" lon="118.54368033309319">
        <ele>18.63922119140625</ele>
        <time>2025-12-30T12:33:59Z</time>
      </trkpt>
      <trkpt lat="24.932383261621816" lon="118.54395802754762">
        <ele>18.5589599609375</ele>
        <time>2025-12-30T12:34:11Z</time>
      </trkpt>
      <trkpt lat="24.932139834261843" lon="118.54421567087743">
        <ele>18.08984375</ele>
        <time>2025-12-30T12:34:23Z</time>
      </trkpt>
      <trkpt lat="24.931883371031326" lon="118.54445627130185">
        <ele>19.30291748046875</ele>
        <time>2025-12-30T12:34:35Z</time>
      </trkpt>
      <trkpt lat="24.931608895862333" lon="118.54469085619576">
        <ele>20.12109375</ele>
        <time>2025-12-30T12:34:47Z</time>
      </trkpt>
      <trkpt lat="24.931326395095994" lon="118.54491341060046">
        <ele>21.759765625</ele>
        <time>2025-12-30T12:34:59Z</time>
      </trkpt>
      <trkpt lat="24.93104687773945" lon="118.54512894604343">
        <ele>21.20831298828125</ele>
        <time>2025-12-30T12:35:11Z</time>
      </trkpt>
      <trkpt lat="24.93074426357726" lon="118.54529636660672">
        <ele>22.69012451171875</ele>
        <time>2025-12-30T12:35:23Z</time>
      </trkpt>
      <trkpt lat="24.93042364072599" lon="118.54545877538189">
        <ele>21.0982666015625</ele>
        <time>2025-12-30T12:35:35Z</time>
      </trkpt>
      <trkpt lat="24.930081042458227" lon="118.54563221075038">
        <ele>19.19378662109375</ele>
        <time>2025-12-30T12:35:47Z</time>
      </trkpt>
      <trkpt lat="24.92975541020565" lon="118.54579060819181">
        <ele>16.8792724609375</ele>
        <time>2025-12-30T12:35:59Z</time>
      </trkpt>
      <trkpt lat="24.92944269814201" lon="118.54591091391534">
        <ele>16.4871826171875</ele>
        <time>2025-12-30T12:36:11Z</time>
      </trkpt>
      <trkpt lat="24.92911898102905" lon="118.54602821273826">
        <ele>18.89013671875</ele>
        <time>2025-12-30T12:36:23Z</time>
      </trkpt>
      <trkpt lat="24.928884214467324" lon="118.54612746242694">
        <ele>17.106689453125</ele>
        <time>2025-12-30T12:36:32Z</time>
      </trkpt>
      <trkpt lat="24.92855339653831" lon="118.54619464314113">
        <ele>13.8916015625</ele>
        <time>2025-12-30T12:36:44Z</time>
      </trkpt>
      <trkpt lat="24.92821663772823" lon="118.54629089220512">
        <ele>10.68963623046875</ele>
        <time>2025-12-30T12:36:56Z</time>
      </trkpt>
      <trkpt lat="24.92795079209016" lon="118.54634904683734">
        <ele>13.24053955078125</ele>
        <time>2025-12-30T12:37:05Z</time>
      </trkpt>
      <trkpt lat="24.927620027856634" lon="118.54644329019132">
        <ele>10.758331298828125</ele>
        <time>2025-12-30T12:37:17Z</time>
      </trkpt>
      <trkpt lat="24.927432100599383" lon="118.54646635712241">
        <ele>11.49725341796875</ele>
        <time>2025-12-30T12:37:23Z</time>
      </trkpt>
      <trkpt lat="24.927362194801816" lon="118.54650846028001">
        <ele>11.76763916015625</ele>
        <time>2025-12-30T12:37:26Z</time>
      </trkpt>
      <trkpt lat="24.927322306761585" lon="118.54656158698997">
        <ele>12.60107421875</ele>
        <time>2025-12-30T12:37:29Z</time>
      </trkpt>
      <trkpt lat="24.927322306761585" lon="118.54656158698997">
        <ele>12.60107421875</ele>
        <time>2025-12-30T12:37:31Z</time>
      </trkpt>
      <trkpt lat="24.927396408536296" lon="118.54661771266085">
        <ele>18.21124267578125</ele>
        <time>2025-12-30T12:37:47Z</time>
      </trkpt>
      <trkpt lat="24.927572968967514" lon="118.54691138276976">
        <ele>17.5194091796875</ele>
        <time>2025-12-30T12:37:59Z</time>
      </trkpt>
      <trkpt lat="24.92769435553313" lon="118.54711484502992">
        <ele>13.77508544921875</ele>
        <time>2025-12-30T12:38:08Z</time>
      </trkpt>
      <trkpt lat="24.92776439922289" lon="118.54714190263579">
        <ele>13.18206787109375</ele>
        <time>2025-12-30T12:38:17Z</time>
      </trkpt>
      <trkpt lat="24.927841495415958" lon="118.54719602213788">
        <ele>13.44879150390625</ele>
        <time>2025-12-30T12:38:20Z</time>
      </trkpt>
      <trkpt lat="24.92797111732791" lon="118.54752075976484">
        <ele>13.77984619140625</ele>
        <time>2025-12-30T12:38:32Z</time>
      </trkpt>
      <trkpt lat="24.92816771805495" lon="118.54784147922686">
        <ele>16.10076904296875</ele>
        <time>2025-12-30T12:38:44Z</time>
      </trkpt>
      <trkpt lat="24.928344191231062" lon="118.54809704810793">
        <ele>15.8192138671875</ele>
        <time>2025-12-30T12:38:53Z</time>
      </trkpt>
      <trkpt lat="24.928498663145735" lon="118.5483516135298">
        <ele>16.078857421875</ele>
        <time>2025-12-30T12:39:02Z</time>
      </trkpt>
      <trkpt lat="24.9286702305129" lon="118.54865829211349">
        <ele>18.69415283203125</ele>
        <time>2025-12-30T12:39:14Z</time>
      </trkpt>
      <trkpt lat="24.928841826920806" lon="118.54898200476862">
        <ele>21.53729248046875</ele>
        <time>2025-12-30T12:39:26Z</time>
      </trkpt>
      <trkpt lat="24.928891969124866" lon="118.54906017559776">
        <ele>22.16107177734375</ele>
        <time>2025-12-30T12:39:29Z</time>
      </trkpt>
      <trkpt lat="24.92902318553265" lon="118.54918344083285">
        <ele>23.27630615234375</ele>
        <time>2025-12-30T12:39:35Z</time>
      </trkpt>
      <trkpt lat="24.929062340124677" lon="118.54926762510738">
        <ele>22.42633056640625</ele>
        <time>2025-12-30T12:39:38Z</time>
      </trkpt>
      <trkpt lat="24.92910165971162" lon="118.54943900211775">
        <ele>23.44439697265625</ele>
        <time>2025-12-30T12:39:44Z</time>
      </trkpt>
      <trkpt lat="24.929282211370897" lon="118.54974466379338">
        <ele>23.653564453125</ele>
        <time>2025-12-30T12:39:56Z</time>
      </trkpt>
      <trkpt lat="24.929488767056707" lon="118.55005633282991">
        <ele>24.286865234375</ele>
        <time>2025-12-30T12:40:08Z</time>
      </trkpt>
      <trkpt lat="24.92968831444337" lon="118.55036499167173">
        <ele>23.62200927734375</ele>
        <time>2025-12-30T12:40:20Z</time>
      </trkpt>
      <trkpt lat="24.929752428247763" lon="118.55043113083725">
        <ele>24.16644287109375</ele>
        <time>2025-12-30T12:40:23Z</time>
      </trkpt>
      <trkpt lat="24.929932005452276" lon="118.5507568228428">
        <ele>23.52093505859375</ele>
        <time>2025-12-30T12:40:35Z</time>
      </trkpt>
      <trkpt lat="24.930123510799188" lon="118.55104643214833">
        <ele>22.7623291015625</ele>
        <time>2025-12-30T12:40:47Z</time>
      </trkpt>
      <trkpt lat="24.93018260707238" lon="118.55110355041357">
        <ele>22.17706298828125</ele>
        <time>2025-12-30T12:40:50Z</time>
      </trkpt>
      <trkpt lat="24.930168702549544" lon="118.55115466075063">
        <ele>21.77001953125</ele>
        <time>2025-12-30T12:40:53Z</time>
      </trkpt>
      <trkpt lat="24.930168702549544" lon="118.55115466075063">
        <ele>21.77001953125</ele>
        <time>2025-12-30T12:40:55Z</time>
      </trkpt>
      <trkpt lat="24.93007965098047" lon="118.55111959189219">
        <ele>19.07891845703125</ele>
        <time>2025-12-30T12:41:17Z</time>
      </trkpt>
      <trkpt lat="24.929790882332107" lon="118.55122383479555">
        <ele>19.50262451171875</ele>
        <time>2025-12-30T12:41:26Z</time>
      </trkpt>
      <trkpt lat="24.929704956674996" lon="118.55125791351485">
        <ele>20.4764404296875</ele>
        <time>2025-12-30T12:41:29Z</time>
      </trkpt>
      <trkpt lat="24.929642077035748" lon="118.55131904827786">
        <ele>21.30316162109375</ele>
        <time>2025-12-30T12:41:32Z</time>
      </trkpt>
      <trkpt lat="24.929636167308622" lon="118.55136815331387">
        <ele>21.74932861328125</ele>
        <time>2025-12-30T12:41:35Z</time>
      </trkpt>
      <trkpt lat="24.92966821566592" lon="118.55139721295905">
        <ele>22.04486083984375</ele>
        <time>2025-12-30T12:41:56Z</time>
      </trkpt>
      <trkpt lat="24.92993166563083" lon="118.55166576470224">
        <ele>21.746826171875</ele>
        <time>2025-12-30T12:42:08Z</time>
      </trkpt>
      <trkpt lat="24.930101073810444" lon="118.55190525865004">
        <ele>22.51483154296875</ele>
        <time>2025-12-30T12:42:17Z</time>
      </trkpt>
      <trkpt lat="24.930270451051992" lon="118.55212871648966">
        <ele>21.6878662109375</ele>
        <time>2025-12-30T12:42:26Z</time>
      </trkpt>
      <trkpt lat="24.930442950827526" lon="118.55242231820465">
        <ele>19.356689453125</ele>
        <time>2025-12-30T12:42:38Z</time>
      </trkpt>
      <trkpt lat="24.930607372153492" lon="118.552672827429">
        <ele>23.08697509765625</ele>
        <time>2025-12-30T12:42:47Z</time>
      </trkpt>
      <trkpt lat="24.93075879814722" lon="118.55292634099611">
        <ele>25.5926513671875</ele>
        <time>2025-12-30T12:42:56Z</time>
      </trkpt>
      <trkpt lat="24.930905222321673" lon="118.55317985207888">
        <ele>26.78668212890625</ele>
        <time>2025-12-30T12:43:05Z</time>
      </trkpt>
      <trkpt lat="24.931111746957406" lon="118.55349748683801">
        <ele>30.34136962890625</ele>
        <time>2025-12-30T12:43:17Z</time>
      </trkpt>
      <trkpt lat="24.931289299350574" lon="118.55383115155625">
        <ele>31.202392578125</ele>
        <time>2025-12-30T12:43:29Z</time>
      </trkpt>
      <trkpt lat="24.93132244654041" lon="118.55391932734783">
        <ele>32.28985595703125</ele>
        <time>2025-12-30T12:43:32Z</time>
      </trkpt>
      <trkpt lat="24.931365536932798" lon="118.55397543750752">
        <ele>30.81878662109375</ele>
        <time>2025-12-30T12:43:35Z</time>
      </trkpt>
      <trkpt lat="24.931437580097136" lon="118.55400649508204">
        <ele>31.59136962890625</ele>
        <time>2025-12-30T12:43:38Z</time>
      </trkpt>
      <trkpt lat="24.931485678177896" lon="118.55406761475284">
        <ele>31.86737060546875</ele>
        <time>2025-12-30T12:43:41Z</time>
      </trkpt>
      <trkpt lat="24.93153695389074" lon="118.55423294309193">
        <ele>31.588623046875</ele>
        <time>2025-12-30T12:43:47Z</time>
      </trkpt>
      <trkpt lat="24.93153211188124" lon="118.55432512795767">
        <ele>31.76873779296875</ele>
        <time>2025-12-30T12:43:50Z</time>
      </trkpt>
      <trkpt lat="24.93153211188124" lon="118.55432512795767">
        <ele>31.76873779296875</ele>
        <time>2025-12-30T12:43:53Z</time>
      </trkpt>
      <trkpt lat="24.931566161697113" lon="118.55435718968847">
        <ele>31.87823486328125</ele>
        <time>2025-12-30T12:44:05Z</time>
      </trkpt>
      <trkpt lat="24.931667542227615" lon="118.55458964596404">
        <ele>29.5587158203125</ele>
        <time>2025-12-30T12:44:14Z</time>
      </trkpt>
      <trkpt lat="24.93190899355424" lon="118.55487719900252">
        <ele>29.6343994140625</ele>
        <time>2025-12-30T12:44:26Z</time>
      </trkpt>
      <trkpt lat="24.932082548221416" lon="118.55522286699181">
        <ele>34.7821044921875</ele>
        <time>2025-12-30T12:44:38Z</time>
      </trkpt>
      <trkpt lat="24.93227002477878" lon="118.5555254448386">
        <ele>34.1873779296875</ele>
        <time>2025-12-30T12:44:50Z</time>
      </trkpt>
      <trkpt lat="24.932421512624853" lon="118.55583403266293">
        <ele>36.2806396484375</ele>
        <time>2025-12-30T12:45:02Z</time>
      </trkpt>
      <trkpt lat="24.9324656363881" lon="118.55591318237572">
        <ele>39.2020263671875</ele>
        <time>2025-12-30T12:45:05Z</time>
      </trkpt>
      <trkpt lat="24.932530892960383" lon="118.55607549024421">
        <ele>39.10498046875</ele>
        <time>2025-12-30T12:45:11Z</time>
      </trkpt>
      <trkpt lat="24.93269732305123" lon="118.55635401199449">
        <ele>34.88128662109375</ele>
        <time>2025-12-30T12:45:23Z</time>
      </trkpt>
      <trkpt lat="24.932771557630765" lon="118.5565052950343">
        <ele>34.1524658203125</ele>
        <time>2025-12-30T12:45:29Z</time>
      </trkpt>
      <trkpt lat="24.93278069227794" lon="118.55658945426785">
        <ele>34.03753662109375</ele>
        <time>2025-12-30T12:45:32Z</time>
      </trkpt>
      <trkpt lat="24.932764823725353" lon="118.55666960732377">
        <ele>33.31903076171875</ele>
        <time>2025-12-30T12:45:35Z</time>
      </trkpt>
      <trkpt lat="24.932730947800486" lon="118.55674374997183">
        <ele>33.182373046875</ele>
        <time>2025-12-30T12:45:38Z</time>
      </trkpt>
      <trkpt lat="24.932604163519667" lon="118.55686699141181">
        <ele>33.8660888671875</ele>
        <time>2025-12-30T12:45:44Z</time>
      </trkpt>
      <trkpt lat="24.932326510304435" lon="118.5570593724392">
        <ele>34.30059814453125</ele>
        <time>2025-12-30T12:45:56Z</time>
      </trkpt>
      <trkpt lat="24.932056851260544" lon="118.55724974747373">
        <ele>34.15313720703125</ele>
        <time>2025-12-30T12:46:08Z</time>
      </trkpt>
      <trkpt lat="24.931894980592286" lon="118.55731688396045">
        <ele>26.76739501953125</ele>
        <time>2025-12-30T12:46:14Z</time>
      </trkpt>
      <trkpt lat="24.93160935494476" lon="118.55752829688382">
        <ele>27.8255615234375</ele>
        <time>2025-12-30T12:46:26Z</time>
      </trkpt>
      <trkpt lat="24.93133073588259" lon="118.55774571835452">
        <ele>29.65460205078125</ele>
        <time>2025-12-30T12:46:38Z</time>
      </trkpt>
      <trkpt lat="24.931058109343" lon="118.55796013171644">
        <ele>30.6273193359375</ele>
        <time>2025-12-30T12:46:50Z</time>
      </trkpt>
      <trkpt lat="24.930752418827012" lon="118.55813146658917">
        <ele>31.63604736328125</ele>
        <time>2025-12-30T12:47:02Z</time>
      </trkpt>
      <trkpt lat="24.930528664452744" lon="118.55826973425586">
        <ele>32.54913330078125</ele>
        <time>2025-12-30T12:47:11Z</time>
      </trkpt>
      <trkpt lat="24.93025989406172" lon="118.55839397871112">
        <ele>35.29998779296875</ele>
        <time>2025-12-30T12:47:23Z</time>
      </trkpt>
      <trkpt lat="24.929930139337724" lon="118.55852323574305">
        <ele>31.345458984375</ele>
        <time>2025-12-30T12:47:35Z</time>
      </trkpt>
      <trkpt lat="24.929740298224985" lon="118.55860940458611">
        <ele>28.70782470703125</ele>
        <time>2025-12-30T12:47:41Z</time>
      </trkpt>
      <trkpt lat="24.929477442639097" lon="118.55867954927729">
        <ele>26.865478515625</ele>
        <time>2025-12-30T12:47:50Z</time>
      </trkpt>
      <trkpt lat="24.929307537025885" lon="118.55872564403931">
        <ele>27.42376708984375</ele>
        <time>2025-12-30T12:47:56Z</time>
      </trkpt>
      <trkpt lat="24.92908276413997" lon="118.55885389000082">
        <ele>29.0516357421875</ele>
        <time>2025-12-30T12:48:05Z</time>
      </trkpt>
      <trkpt lat="24.92875996189737" lon="118.55895409183674">
        <ele>30.860107421875</ele>
        <time>2025-12-30T12:48:17Z</time>
      </trkpt>
      <trkpt lat="24.928512112264308" lon="118.55903024509404">
        <ele>31.67401123046875</ele>
        <time>2025-12-30T12:48:26Z</time>
      </trkpt>
      <trkpt lat="24.928171260391196" lon="118.55909638667954">
        <ele>29.12109375</ele>
        <time>2025-12-30T12:48:38Z</time>
      </trkpt>
      <trkpt lat="24.9278334094126" lon="118.5591635296349">
        <ele>31.208984375</ele>
        <time>2025-12-30T12:48:50Z</time>
      </trkpt>
      <trkpt lat="24.92748750053867" lon="118.55919160351422">
        <ele>28.40655517578125</ele>
        <time>2025-12-30T12:49:02Z</time>
      </trkpt>
      <trkpt lat="24.927143600385868" lon="118.55922568789443">
        <ele>28.31036376953125</ele>
        <time>2025-12-30T12:49:14Z</time>
      </trkpt>
      <trkpt lat="24.92679067884342" lon="118.55924474617292">
        <ele>27.51202392578125</ele>
        <time>2025-12-30T12:49:26Z</time>
      </trkpt>
      <trkpt lat="24.926443757933566" lon="118.5592648057955">
        <ele>23.442138671875</ele>
        <time>2025-12-30T12:49:38Z</time>
      </trkpt>
      <trkpt lat="24.92627079890314" lon="118.5592758373419">
        <ele>23.07830810546875</ele>
        <time>2025-12-30T12:49:44Z</time>
      </trkpt>
      <trkpt lat="24.92609778263572" lon="118.55924880134344">
        <ele>21.962646484375</ele>
        <time>2025-12-30T12:49:50Z</time>
      </trkpt>
      <trkpt lat="24.92587165001716" lon="118.5591396229108">
        <ele>20.36962890625</ele>
        <time>2025-12-30T12:49:59Z</time>
      </trkpt>
      <trkpt lat="24.925785634932968" lon="118.5591215967672">
        <ele>20.85638427734375</ele>
        <time>2025-12-30T12:50:02Z</time>
      </trkpt>
      <trkpt lat="24.925532672117132" lon="118.55912261609598">
        <ele>21.870849609375</ele>
        <time>2025-12-30T12:50:11Z</time>
      </trkpt>
      <trkpt lat="24.925395831873608" lon="118.5592157913167">
        <ele>22.6014404296875</ele>
        <time>2025-12-30T12:50:17Z</time>
      </trkpt>
      <trkpt lat="24.925307878956037" lon="118.55923883834123">
        <ele>22.7457275390625</ele>
        <time>2025-12-30T12:50:20Z</time>
      </trkpt>
      <trkpt lat="24.924963897287373" lon="118.55921882661235">
        <ele>22.030029296875</ele>
        <time>2025-12-30T12:50:32Z</time>
      </trkpt>
      <trkpt lat="24.924630930635423" lon="118.55920983368509">
        <ele>19.5445556640625</ele>
        <time>2025-12-30T12:50:44Z</time>
      </trkpt>
      <trkpt lat="24.92428396141381" lon="118.55919783638308">
        <ele>21.4429931640625</ele>
        <time>2025-12-30T12:50:56Z</time>
      </trkpt>
      <trkpt lat="24.92401101645898" lon="118.55920887489698">
        <ele>23.70648193359375</ele>
        <time>2025-12-30T12:51:05Z</time>
      </trkpt>
      <trkpt lat="24.92365907808942" lon="118.55921691354395">
        <ele>24.08184814453125</ele>
        <time>2025-12-30T12:51:17Z</time>
      </trkpt>
      <trkpt lat="24.92333110766963" lon="118.55920591670794">
        <ele>25.54498291015625</ele>
        <time>2025-12-30T12:51:29Z</time>
      </trkpt>
      <trkpt lat="24.922992099530852" lon="118.55916887431442">
        <ele>23.4019775390625</ele>
        <time>2025-12-30T12:51:41Z</time>
      </trkpt>
      <trkpt lat="24.922644153023136" lon="118.55917190378983">
        <ele>24.09698486328125</ele>
        <time>2025-12-30T12:51:53Z</time>
      </trkpt>
      <trkpt lat="24.922316223314102" lon="118.55918795503516">
        <ele>23.83111572265625</ele>
        <time>2025-12-30T12:52:05Z</time>
      </trkpt>
      <trkpt lat="24.922230215783355" lon="118.55917493784078">
        <ele>23.54937744140625</ele>
        <time>2025-12-30T12:52:08Z</time>
      </trkpt>
      <trkpt lat="24.9220761180259" lon="118.55909580762346">
        <ele>22.735107421875</ele>
        <time>2025-12-30T12:52:14Z</time>
      </trkpt>
      <trkpt lat="24.922014035876323" lon="118.55903570471867">
        <ele>22.21954345703125</ele>
        <time>2025-12-30T12:52:17Z</time>
      </trkpt>
      <trkpt lat="24.921931815015174" lon="118.55888243627457">
        <ele>21.865234375</ele>
        <time>2025-12-30T12:52:23Z</time>
      </trkpt>
      <trkpt lat="24.92189792016173" lon="118.55894855701814">
        <ele>22.4539794921875</ele>
        <time>2025-12-30T12:52:29Z</time>
      </trkpt>
      <trkpt lat="24.921913056139335" lon="118.55903971887398">
        <ele>23.258544921875</ele>
        <time>2025-12-30T12:52:32Z</time>
      </trkpt>
      <trkpt lat="24.921907179604815" lon="118.55912086396008">
        <ele>23.0889892578125</ele>
        <time>2025-12-30T12:52:35Z</time>
      </trkpt>
      <trkpt lat="24.921667222416048" lon="118.55912689130498">
        <ele>23.090087890625</ele>
        <time>2025-12-30T12:52:44Z</time>
      </trkpt>
      <trkpt lat="24.921500188406075" lon="118.55908883506324">
        <ele>22.82098388671875</ele>
        <time>2025-12-30T12:52:50Z</time>
      </trkpt>
      <trkpt lat="24.92142223719273" lon="118.55911388509804">
        <ele>23.93841552734375</ele>
        <time>2025-12-30T12:52:53Z</time>
      </trkpt>
      <trkpt lat="24.921352319579864" lon="118.5591619755527">
        <ele>25.216552734375</ele>
        <time>2025-12-30T12:52:56Z</time>
      </trkpt>
      <trkpt lat="24.921272362532157" lon="118.55918301851612">
        <ele>26.00323486328125</ele>
        <time>2025-12-30T12:52:59Z</time>
      </trkpt>
      <trkpt lat="24.920928373111593" lon="118.55915799782127">
        <ele>21.190185546875</ele>
        <time>2025-12-30T12:53:11Z</time>
      </trkpt>
      <trkpt lat="24.92057640744482" lon="118.55914800440026">
        <ele>20.737548828125</ele>
        <time>2025-12-30T12:53:23Z</time>
      </trkpt>
      <trkpt lat="24.920302453475053" lon="118.55915303231131">
        <ele>21.31951904296875</ele>
        <time>2025-12-30T12:53:32Z</time>
      </trkpt>
      <trkpt lat="24.919953491892397" lon="118.55914604402865">
        <ele>22.75628662109375</ele>
        <time>2025-12-30T12:53:44Z</time>
      </trkpt>
      <trkpt lat="24.91960754498407" lon="118.55914907336599">
        <ele>21.994140625</ele>
        <time>2025-12-30T12:53:56Z</time>
      </trkpt>
      <trkpt lat="24.919261570858293" lon="118.55913407060687">
        <ele>24.112060546875</ele>
        <time>2025-12-30T12:54:08Z</time>
      </trkpt>
      <trkpt lat="24.918910633691524" lon="118.55914311099137">
        <ele>24.683837890625</ele>
        <time>2025-12-30T12:54:20Z</time>
      </trkpt>
      <trkpt lat="24.918577656197705" lon="118.55912710554253">
        <ele>23.25799560546875</ele>
        <time>2025-12-30T12:54:32Z</time>
      </trkpt>
      <trkpt lat="24.91824470287527" lon="118.55912712862884">
        <ele>26.21759033203125</ele>
        <time>2025-12-30T12:54:44Z</time>
      </trkpt>
      <trkpt lat="24.918159711763803" lon="118.55912513095396">
        <ele>27.26629638671875</ele>
        <time>2025-12-30T12:54:47Z</time>
      </trkpt>
      <trkpt lat="24.918081663694707" lon="118.55908606675308">
        <ele>26.88092041015625</ele>
        <time>2025-12-30T12:54:50Z</time>
      </trkpt>
      <trkpt lat="24.91775174775864" lon="118.55911113426005">
        <ele>28.49566650390625</ele>
        <time>2025-12-30T12:55:02Z</time>
      </trkpt>
      <trkpt lat="24.917405809833255" lon="118.5591201743062">
        <ele>27.18133544921875</ele>
        <time>2025-12-30T12:55:14Z</time>
      </trkpt>
      <trkpt lat="24.917060947288583" lon="118.55917930340648">
        <ele>27.047119140625</ele>
        <time>2025-12-30T12:55:26Z</time>
      </trkpt>
      <trkpt lat="24.916736099868533" lon="118.55925045229687">
        <ele>28.45587158203125</ele>
        <time>2025-12-30T12:55:38Z</time>
      </trkpt>
      <trkpt lat="24.916421322960527" lon="118.55936968539092">
        <ele>30.38092041015625</ele>
        <time>2025-12-30T12:55:50Z</time>
      </trkpt>
      <trkpt lat="24.916110532912285" lon="118.55948090340695">
        <ele>32.71697998046875</ele>
        <time>2025-12-30T12:56:02Z</time>
      </trkpt>
      <trkpt lat="24.915876698722606" lon="118.55957007673022">
        <ele>32.4091796875</ele>
        <time>2025-12-30T12:56:11Z</time>
      </trkpt>
      <trkpt lat="24.915582017029806" lon="118.55975642430629">
        <ele>33.642822265625</ele>
        <time>2025-12-30T12:56:23Z</time>
      </trkpt>
      <trkpt lat="24.91530326657261" lon="118.55989869229403">
        <ele>33.43231201171875</ele>
        <time>2025-12-30T12:56:35Z</time>
      </trkpt>
      <trkpt lat="24.91506954874777" lon="118.56006800320539">
        <ele>34.93402099609375</ele>
        <time>2025-12-30T12:56:44Z</time>
      </trkpt>
      <trkpt lat="24.91486274527652" lon="118.56018221557994">
        <ele>31.69036865234375</ele>
        <time>2025-12-30T12:56:53Z</time>
      </trkpt>
      <trkpt lat="24.914642017769566" lon="118.5603475164317">
        <ele>30.5032958984375</ele>
        <time>2025-12-30T12:57:02Z</time>
      </trkpt>
      <trkpt lat="24.91457299379477" lon="118.56032448148866">
        <ele>28.42059326171875</ele>
        <time>2025-12-30T12:57:05Z</time>
      </trkpt>
      <trkpt lat="24.914398655729144" lon="118.56007706536619">
        <ele>28.87664794921875</ele>
        <time>2025-12-30T12:57:14Z</time>
      </trkpt>
      <trkpt lat="24.914229335151834" lon="118.55984367053715">
        <ele>25.85894775390625</ele>
        <time>2025-12-30T12:57:23Z</time>
      </trkpt>
      <trkpt lat="24.914027934649916" lon="118.55955517843985">
        <ele>23.0523681640625</ele>
        <time>2025-12-30T12:57:35Z</time>
      </trkpt>
      <trkpt lat="24.913838500374162" lon="118.55924764784878">
        <ele>19.50408935546875</ele>
        <time>2025-12-30T12:57:47Z</time>
      </trkpt>
      <trkpt lat="24.913637072951968" lon="118.55894612443863">
        <ele>15.18023681640625</ele>
        <time>2025-12-30T12:57:59Z</time>
      </trkpt>
      <trkpt lat="24.91351886560485" lon="118.55879886865878">
        <ele>14.6497802734375</ele>
        <time>2025-12-30T12:58:05Z</time>
      </trkpt>
      <trkpt lat="24.913406440139024" lon="118.55851035636033">
        <ele>14.3402099609375</ele>
        <time>2025-12-30T12:58:14Z</time>
      </trkpt>
      <trkpt lat="24.913355314871037" lon="118.55842420385144">
        <ele>14.35906982421875</ele>
        <time>2025-12-30T12:58:17Z</time>
      </trkpt>
      <trkpt lat="24.913281268143407" lon="118.55838714174041">
        <ele>15.01348876953125</ele>
        <time>2025-12-30T12:58:20Z</time>
      </trkpt>
      <trkpt lat="24.913219177976682" lon="118.55832302957963">
        <ele>14.82196044921875</ele>
        <time>2025-12-30T12:58:23Z</time>
      </trkpt>
      <trkpt lat="24.913134899997026" lon="118.5581356940355">
        <ele>13.78759765625</ele>
        <time>2025-12-30T12:58:29Z</time>
      </trkpt>
      <trkpt lat="24.91311462256925" lon="118.55795536530186">
        <ele>14.26214599609375</ele>
        <time>2025-12-30T12:58:35Z</time>
      </trkpt>
      <trkpt lat="24.91306150968074" lon="118.55787822730024">
        <ele>13.80462646484375</ele>
        <time>2025-12-30T12:58:38Z</time>
      </trkpt>
      <trkpt lat="24.912997429409376" lon="118.55782112668368">
        <ele>13.806884765625</ele>
        <time>2025-12-30T12:58:41Z</time>
      </trkpt>
      <trkpt lat="24.912878005901597" lon="118.55754061670056">
        <ele>16.4991455078125</ele>
        <time>2025-12-30T12:58:50Z</time>
      </trkpt>
      <trkpt lat="24.91271548974039" lon="118.557199993788">
        <ele>19.697021484375</ele>
        <time>2025-12-30T12:59:02Z</time>
      </trkpt>
      <trkpt lat="24.912565963806955" lon="118.55685736087968">
        <ele>21.6573486328125</ele>
        <time>2025-12-30T12:59:14Z</time>
      </trkpt>
      <trkpt lat="24.912498685095937" lon="118.55667802671917">
        <ele>21.864990234375</ele>
        <time>2025-12-30T12:59:20Z</time>
      </trkpt>
      <trkpt lat="24.912455411450615" lon="118.55650470085646">
        <ele>19.96929931640625</ele>
        <time>2025-12-30T12:59:26Z</time>
      </trkpt>
      <trkpt lat="24.912335994057017" lon="118.55623719890023">
        <ele>22.8365478515625</ele>
        <time>2025-12-30T12:59:35Z</time>
      </trkpt>
      <trkpt lat="24.91219042782093" lon="118.55587851975284">
        <ele>23.4105224609375</ele>
        <time>2025-12-30T12:59:47Z</time>
      </trkpt>
      <trkpt lat="24.912119980250136" lon="118.55560098733977">
        <ele>23.6376953125</ele>
        <time>2025-12-30T12:59:56Z</time>
      </trkpt>
      <trkpt lat="24.912005565715404" lon="118.55534148974189">
        <ele>23.9429931640625</ele>
        <time>2025-12-30T13:00:05Z</time>
      </trkpt>
      <trkpt lat="24.911905309049207" lon="118.55517917894959">
        <ele>20.4859619140625</ele>
        <time>2025-12-30T13:00:11Z</time>
      </trkpt>
      <trkpt lat="24.911813895327583" lon="118.55492468470709">
        <ele>17.167236328125</ele>
        <time>2025-12-30T13:00:20Z</time>
      </trkpt>
      <trkpt lat="24.9117925759066" lon="118.55473330784517">
        <ele>17.33966064453125</ele>
        <time>2025-12-30T13:00:26Z</time>
      </trkpt>
      <trkpt lat="24.911733279000764" lon="118.55455295390425">
        <ele>16.6929931640625</ele>
        <time>2025-12-30T13:00:32Z</time>
      </trkpt>
      <trkpt lat="24.911595904600976" lon="118.55432150179891">
        <ele>15.33807373046875</ele>
        <time>2025-12-30T13:00:41Z</time>
      </trkpt>
      <trkpt lat="24.911456313379926" lon="118.55396479536006">
        <ele>16.65509033203125</ele>
        <time>2025-12-30T13:00:53Z</time>
      </trkpt>
      <trkpt lat="24.91132272495092" lon="118.55361309301725">
        <ele>16.0657958984375</ele>
        <time>2025-12-30T13:01:05Z</time>
      </trkpt>
      <trkpt lat="24.91118713190431" lon="118.55326138532627">
        <ele>15.10693359375</ele>
        <time>2025-12-30T13:01:17Z</time>
      </trkpt>
      <trkpt lat="24.911152987736564" lon="118.5531762132157">
        <ele>14.9833984375</ele>
        <time>2025-12-30T13:01:20Z</time>
      </trkpt>
      <trkpt lat="24.91113582510451" lon="118.55308202107902">
        <ele>15.1439208984375</ele>
        <time>2025-12-30T13:01:23Z</time>
      </trkpt>
      <trkpt lat="24.91114367977195" lon="118.55299985156631">
        <ele>14.78326416015625</ele>
        <time>2025-12-30T13:01:26Z</time>
      </trkpt>
      <trkpt lat="24.91112260696097" lon="118.552956764305">
        <ele>16.72088623046875</ele>
        <time>2025-12-30T13:02:14Z</time>
      </trkpt>
      <trkpt lat="24.911072395116495" lon="118.55283251147699">
        <ele>15.19677734375</ele>
        <time>2025-12-30T13:02:20Z</time>
      </trkpt>
      <trkpt lat="24.911072395116495" lon="118.55283251147699">
        <ele>15.19677734375</ele>
        <time>2025-12-30T13:02:23Z</time>
      </trkpt>
      <trkpt lat="24.91104829590508" lon="118.55277439302797">
        <ele>13.6116943359375</ele>
        <time>2025-12-30T13:02:41Z</time>
      </trkpt>
      <trkpt lat="24.910971939399342" lon="118.55256696840658">
        <ele>13.50323486328125</ele>
        <time>2025-12-30T13:02:47Z</time>
      </trkpt>
      <trkpt lat="24.910839721021276" lon="118.55243370035797">
        <ele>13.350830078125</ele>
        <time>2025-12-30T13:02:53Z</time>
      </trkpt>
      <trkpt lat="24.91068512151143" lon="118.55208598413626">
        <ele>12.47808837890625</ele>
        <time>2025-12-30T13:03:05Z</time>
      </trkpt>
      <trkpt lat="24.910554669448015" lon="118.5518244429247">
        <ele>11.188140869140625</ele>
        <time>2025-12-30T13:03:14Z</time>
      </trkpt>
      <trkpt lat="24.91044818595313" lon="118.55154886730949">
        <ele>12.37457275390625</ele>
        <time>2025-12-30T13:03:23Z</time>
      </trkpt>
      <trkpt lat="24.9103347041456" lon="118.551275293158">
        <ele>16.15533447265625</ele>
        <time>2025-12-30T13:03:32Z</time>
      </trkpt>
      <trkpt lat="24.910172090121254" lon="118.55092755997514">
        <ele>13.00872802734375</ele>
        <time>2025-12-30T13:03:45Z</time>
      </trkpt>
      <trkpt lat="24.91012573676119" lon="118.5507321425386">
        <ele>14.536376953125</ele>
        <time>2025-12-30T13:03:51Z</time>
      </trkpt>
      <trkpt lat="24.91002221521008" lon="118.55044252327208">
        <ele>15.8856201171875</ele>
        <time>2025-12-30T13:04:00Z</time>
      </trkpt>
      <trkpt lat="24.9098867360468" lon="118.55017495071512">
        <ele>19.0009765625</ele>
        <time>2025-12-30T13:04:09Z</time>
      </trkpt>
      <trkpt lat="24.909743117906803" lon="118.54983421517743">
        <ele>17.7720947265625</ele>
        <time>2025-12-30T13:04:21Z</time>
      </trkpt>
      <trkpt lat="24.909600506592273" lon="118.54949948790912">
        <ele>18.2359619140625</ele>
        <time>2025-12-30T13:04:33Z</time>
      </trkpt>
      <trkpt lat="24.909450861471903" lon="118.54914872071332">
        <ele>22.08001708984375</ele>
        <time>2025-12-30T13:04:45Z</time>
      </trkpt>
      <trkpt lat="24.909344338284022" lon="118.54886710005361">
        <ele>22.0531005859375</ele>
        <time>2025-12-30T13:04:54Z</time>
      </trkpt>
      <trkpt lat="24.909197678605185" lon="118.54851331652218">
        <ele>17.81585693359375</ele>
        <time>2025-12-30T13:05:06Z</time>
      </trkpt>
      <trkpt lat="24.909075008969005" lon="118.54815852380263">
        <ele>19.2576904296875</ele>
        <time>2025-12-30T13:05:18Z</time>
      </trkpt>
      <trkpt lat="24.909033677427082" lon="118.5479851331925">
        <ele>19.98858642578125</ele>
        <time>2025-12-30T13:05:24Z</time>
      </trkpt>
      <trkpt lat="24.908913455596085" lon="118.5478628633083">
        <ele>20.4376220703125</ele>
        <time>2025-12-30T13:05:30Z</time>
      </trkpt>
      <trkpt lat="24.90878382366457" lon="118.54753111429316">
        <ele>20.58636474609375</ele>
        <time>2025-12-30T13:05:42Z</time>
      </trkpt>
      <trkpt lat="24.908667302718015" lon="118.5472584960681">
        <ele>21.60479736328125</ele>
        <time>2025-12-30T13:05:51Z</time>
      </trkpt>
      <trkpt lat="24.908572584824093" lon="118.54688965038872">
        <ele>21.25506591796875</ele>
        <time>2025-12-30T13:06:03Z</time>
      </trkpt>
      <trkpt lat="24.90843193853839" lon="118.54655588413858">
        <ele>22.00390625</ele>
        <time>2025-12-30T13:06:15Z</time>
      </trkpt>
      <trkpt lat="24.90829626530468" lon="118.54621108712095">
        <ele>20.77813720703125</ele>
        <time>2025-12-30T13:06:27Z</time>
      </trkpt>
      <trkpt lat="24.908171596383124" lon="118.54587129632142">
        <ele>18.54052734375</ele>
        <time>2025-12-30T13:06:39Z</time>
      </trkpt>
      <trkpt lat="24.908052885691912" lon="118.54551345759621">
        <ele>18.5369873046875</ele>
        <time>2025-12-30T13:06:51Z</time>
      </trkpt>
      <trkpt lat="24.90800441944869" lon="118.54528191016502">
        <ele>14.35113525390625</ele>
        <time>2025-12-30T13:07:00Z</time>
      </trkpt>
      <trkpt lat="24.907887919514263" lon="118.54503031733078">
        <ele>14.9229736328125</ele>
        <time>2025-12-30T13:07:09Z</time>
      </trkpt>
      <trkpt lat="24.90787678085263" lon="118.54496215486489">
        <ele>13.81878662109375</ele>
        <time>2025-12-30T13:07:12Z</time>
      </trkpt>
      <trkpt lat="24.90770111829699" lon="118.54462936741359">
        <ele>13.99615478515625</ele>
        <time>2025-12-30T13:07:24Z</time>
      </trkpt>
      <trkpt lat="24.907607765498334" lon="118.54445294819362">
        <ele>14.44488525390625</ele>
        <time>2025-12-30T13:07:30Z</time>
      </trkpt>
      <trkpt lat="24.90755738476497" lon="118.54426650045167">
        <ele>14.17169189453125</ele>
        <time>2025-12-30T13:07:36Z</time>
      </trkpt>
      <trkpt lat="24.907551189214182" lon="118.54417227230874">
        <ele>14.07659912109375</ele>
        <time>2025-12-30T13:07:39Z</time>
      </trkpt>
      <trkpt lat="24.907590796260507" lon="118.54398681867406">
        <ele>14.494873046875</ele>
        <time>2025-12-30T13:07:45Z</time>
      </trkpt>
      <trkpt lat="24.90763962786669" lon="118.54390962721318">
        <ele>14.6710205078125</ele>
        <time>2025-12-30T13:07:48Z</time>
      </trkpt>
      <trkpt lat="24.907779354091915" lon="118.54378832148919">
        <ele>18.208251953125</ele>
        <time>2025-12-30T13:07:54Z</time>
      </trkpt>
      <trkpt lat="24.90811920800736" lon="118.54374118271535">
        <ele>18.83087158203125</ele>
        <time>2025-12-30T13:08:06Z</time>
      </trkpt>
      <trkpt lat="24.908465237913536" lon="118.54377824929013">
        <ele>21.0196533203125</ele>
        <time>2025-12-30T13:08:18Z</time>
      </trkpt>
      <trkpt lat="24.908799181043733" lon="118.54377321381453">
        <ele>23.3760986328125</ele>
        <time>2025-12-30T13:08:30Z</time>
      </trkpt>
      <trkpt lat="24.90914104513334" lon="118.54373108712662">
        <ele>19.76708984375</ele>
        <time>2025-12-30T13:08:42Z</time>
      </trkpt>
      <trkpt lat="24.909460000835065" lon="118.54373106493894">
        <ele>17.79364013671875</ele>
        <time>2025-12-30T13:08:54Z</time>
      </trkpt>
      <trkpt lat="24.909786930130448" lon="118.5437190127813">
        <ele>18.467041015625</ele>
        <time>2025-12-30T13:09:06Z</time>
      </trkpt>
      <trkpt lat="24.910085901219784" lon="118.54372500669152">
        <ele>21.85986328125</ele>
        <time>2025-12-30T13:09:18Z</time>
      </trkpt>
      <trkpt lat="24.910419835828367" lon="118.54371596139804">
        <ele>25.0650634765625</ele>
        <time>2025-12-30T13:09:30Z</time>
      </trkpt>
      <trkpt lat="24.910693774547696" lon="118.54370491537068">
        <ele>20.84759521484375</ele>
        <time>2025-12-30T13:09:39Z</time>
      </trkpt>
      <trkpt lat="24.911025703074184" lon="118.54369286285146">
        <ele>19.51153564453125</ele>
        <time>2025-12-30T13:09:51Z</time>
      </trkpt>
      <trkpt lat="24.911193633319986" lon="118.54367079720322">
        <ele>17.5687255859375</ele>
        <time>2025-12-30T13:09:57Z</time>
      </trkpt>
      <trkpt lat="24.911272556946695" lon="118.54363971563767">
        <ele>16.088134765625</ele>
        <time>2025-12-30T13:10:00Z</time>
      </trkpt>
      <trkpt lat="24.911589392520575" lon="118.54358255361619">
        <ele>13.88427734375</ele>
        <time>2025-12-30T13:10:12Z</time>
      </trkpt>
      <trkpt lat="24.911850259011032" lon="118.54353642240778">
        <ele>13.492431640625</ele>
        <time>2025-12-30T13:10:21Z</time>
      </trkpt>
      <trkpt lat="24.912013200381306" lon="118.54351936926737">
        <ele>10.380096435546875</ele>
        <time>2025-12-30T13:10:27Z</time>
      </trkpt>
      <trkpt lat="24.912341930294133" lon="118.54341308547835">
        <ele>11.51220703125</ele>
        <time>2025-12-30T13:10:39Z</time>
      </trkpt>
      <trkpt lat="24.912650736805396" lon="118.5433418889788">
        <ele>11.757720947265625</ele>
        <time>2025-12-30T13:10:51Z</time>
      </trkpt>
      <trkpt lat="24.912919559314947" lon="118.54327570740735">
        <ele>10.831451416015625</ele>
        <time>2025-12-30T13:11:00Z</time>
      </trkpt>
      <trkpt lat="24.913247343686564" lon="118.54319548695517">
        <ele>10.862152099609375</ele>
        <time>2025-12-30T13:11:12Z</time>
      </trkpt>
      <trkpt lat="24.913582067249582" lon="118.54308719644462">
        <ele>11.563446044921875</ele>
        <time>2025-12-30T13:11:24Z</time>
      </trkpt>
      <trkpt lat="24.9138738923221" lon="118.54302402004807">
        <ele>12.97406005859375</ele>
        <time>2025-12-30T13:11:33Z</time>
      </trkpt>
      <trkpt lat="24.914016868102866" lon="118.54302200514084">
        <ele>14.08685302734375</ele>
        <time>2025-12-30T13:11:39Z</time>
      </trkpt>
      <trkpt lat="24.914169740149262" lon="118.54297187050736">
        <ele>15.0213623046875</ele>
        <time>2025-12-30T13:11:45Z</time>
      </trkpt>
      <trkpt lat="24.914264541200307" lon="118.54288464792502">
        <ele>16.6368408203125</ele>
        <time>2025-12-30T13:11:51Z</time>
      </trkpt>
      <trkpt lat="24.914601344551205" lon="118.54281445048976">
        <ele>15.251953125</ele>
        <time>2025-12-30T13:12:06Z</time>
      </trkpt>
      <trkpt lat="24.914877130546888" lon="118.54273222722861">
        <ele>17.66546630859375</ele>
        <time>2025-12-30T13:12:15Z</time>
      </trkpt>
      <trkpt lat="24.915140980136027" lon="118.5426790768282">
        <ele>12.5068359375</ele>
        <time>2025-12-30T13:12:24Z</time>
      </trkpt>
      <trkpt lat="24.91541475527814" lon="118.54259184079564">
        <ele>12.0987548828125</ele>
        <time>2025-12-30T13:12:33Z</time>
      </trkpt>
      <trkpt lat="24.915568596340687" lon="118.5425276702838">
        <ele>12.82586669921875</ele>
        <time>2025-12-30T13:12:39Z</time>
      </trkpt>
      <trkpt lat="24.91591241929426" lon="118.54246749639128">
        <ele>14.18719482421875</ele>
        <time>2025-12-30T13:12:51Z</time>
      </trkpt>
      <trkpt lat="24.916201307900593" lon="118.5424343937447">
        <ele>13.400390625</ele>
        <time>2025-12-30T13:13:03Z</time>
      </trkpt>
      <trkpt lat="24.91634217625929" lon="118.54238225379262">
        <ele>11.948089599609375</ele>
        <time>2025-12-30T13:13:09Z</time>
      </trkpt>
      <trkpt lat="24.916456110779038" lon="118.54235918826355">
        <ele>13.6041259765625</ele>
        <time>2025-12-30T13:13:12Z</time>
      </trkpt>
      <trkpt lat="24.916506021908244" lon="118.5423210895817">
        <ele>15.93359375</ele>
        <time>2025-12-30T13:13:15Z</time>
      </trkpt>
      <trkpt lat="24.916494984646818" lon="118.5423030452321">
        <ele>18.26458740234375</ele>
        <time>2025-12-30T13:13:42Z</time>
      </trkpt>
      <trkpt lat="24.916490864422705" lon="118.5422469050719">
        <ele>17.34136962890625</ele>
        <time>2025-12-30T13:13:45Z</time>
      </trkpt>
      <trkpt lat="24.91639523532837" lon="118.541949164832">
        <ele>17.10784912109375</ele>
        <time>2025-12-30T13:13:54Z</time>
      </trkpt>
      <trkpt lat="24.916395011842784" lon="118.54184590502834">
        <ele>17.1983642578125</ele>
        <time>2025-12-30T13:13:57Z</time>
      </trkpt>
      <trkpt lat="24.91643259549928" lon="118.5416564245951">
        <ele>18.70379638671875</ele>
        <time>2025-12-30T13:14:03Z</time>
      </trkpt>
      <trkpt lat="24.916368962520153" lon="118.5413616830335">
        <ele>19.6878662109375</ele>
        <time>2025-12-30T13:14:12Z</time>
      </trkpt>
      <trkpt lat="24.91634035907415" lon="118.54108397914963">
        <ele>17.48724365234375</ele>
        <time>2025-12-30T13:14:21Z</time>
      </trkpt>
      <trkpt lat="24.916374532232933" lon="118.54071002165371">
        <ele>20.1925048828125</ele>
        <time>2025-12-30T13:14:33Z</time>
      </trkpt>
      <trkpt lat="24.91643912260391" lon="118.54052855178458">
        <ele>21.5849609375</ele>
        <time>2025-12-30T13:14:39Z</time>
      </trkpt>
      <trkpt lat="24.916496939326446" lon="118.5404493442531">
        <ele>20.0982666015625</ele>
        <time>2025-12-30T13:14:42Z</time>
      </trkpt>
      <trkpt lat="24.916536738366403" lon="118.54036111451578">
        <ele>20.16192626953125</ele>
        <time>2025-12-30T13:14:45Z</time>
      </trkpt>
      <trkpt lat="24.916643963785994" lon="118.54001922481167">
        <ele>17.73583984375</ele>
        <time>2025-12-30T13:14:57Z</time>
      </trkpt>
      <trkpt lat="24.91679117301968" lon="118.53967432015801">
        <ele>15.5130615234375</ele>
        <time>2025-12-30T13:15:09Z</time>
      </trkpt>
      <trkpt lat="24.91694642233543" lon="118.53934946292247">
        <ele>14.1224365234375</ele>
        <time>2025-12-30T13:15:21Z</time>
      </trkpt>
      <trkpt lat="24.91706683613553" lon="118.53909679352378">
        <ele>12.81243896484375</ele>
        <time>2025-12-30T13:15:30Z</time>
      </trkpt>
      <trkpt lat="24.917186084384745" lon="118.53877193191445">
        <ele>10.328582763671875</ele>
        <time>2025-12-30T13:15:42Z</time>
      </trkpt>
      <trkpt lat="24.91729444493304" lon="118.53849719974741">
        <ele>14.4915771484375</ele>
        <time>2025-12-30T13:15:51Z</time>
      </trkpt>
      <trkpt lat="24.91741859676208" lon="118.53813322690426">
        <ele>16.3797607421875</ele>
        <time>2025-12-30T13:16:03Z</time>
      </trkpt>
      <trkpt lat="24.917588818605264" lon="118.5378043397151">
        <ele>13.5228271484375</ele>
        <time>2025-12-30T13:16:15Z</time>
      </trkpt>
      <trkpt lat="24.917729027327578" lon="118.53746943462896">
        <ele>12.857666015625</ele>
        <time>2025-12-30T13:16:27Z</time>
      </trkpt>
      <trkpt lat="24.917899246917667" lon="118.53714254504861">
        <ele>14.076171875</ele>
        <time>2025-12-30T13:16:39Z</time>
      </trkpt>
      <trkpt lat="24.91805252392611" lon="118.53684072060408">
        <ele>13.231689453125</ele>
        <time>2025-12-30T13:16:51Z</time>
      </trkpt>
      <trkpt lat="24.918210675445202" lon="118.53648675115828">
        <ele>14.01373291015625</ele>
        <time>2025-12-30T13:17:03Z</time>
      </trkpt>
      <trkpt lat="24.91835684126814" lon="118.53613979730775">
        <ele>15.9908447265625</ele>
        <time>2025-12-30T13:17:15Z</time>
      </trkpt>
      <trkpt lat="24.91852101507374" lon="118.53579885449747">
        <ele>17.0330810546875</ele>
        <time>2025-12-30T13:17:27Z</time>
      </trkpt>
      <trkpt lat="24.918660210233266" lon="118.53546693423452">
        <ele>17.73394775390625</ele>
        <time>2025-12-30T13:17:39Z</time>
      </trkpt>
      <trkpt lat="24.918747652696293" lon="118.53523729596606">
        <ele>17.2554931640625</ele>
        <time>2025-12-30T13:17:48Z</time>
      </trkpt>
      <trkpt lat="24.918763471548136" lon="118.53516208742933">
        <ele>18.6453857421875</ele>
        <time>2025-12-30T13:17:51Z</time>
      </trkpt>
      <trkpt lat="24.918767083971698" lon="118.5349996384653">
        <ele>18.545654296875</ele>
        <time>2025-12-30T13:17:57Z</time>
      </trkpt>
      <trkpt lat="24.91882998902805" lon="118.53496353424143">
        <ele>18.60797119140625</ele>
        <time>2025-12-30T13:18:00Z</time>
      </trkpt>
      <trkpt lat="24.918889954296116" lon="118.53495249954395">
        <ele>20.22509765625</ele>
        <time>2025-12-30T13:18:03Z</time>
      </trkpt>
      <trkpt lat="24.918941980501923" lon="118.53496653474984">
        <ele>21.07806396484375</ele>
        <time>2025-12-30T13:18:36Z</time>
      </trkpt>
      <trkpt lat="24.919290106265613" lon="118.53503971285454">
        <ele>19.6314697265625</ele>
        <time>2025-12-30T13:18:48Z</time>
      </trkpt>
      <trkpt lat="24.91954103280898" lon="118.53502365100485">
        <ele>16.5863037109375</ele>
        <time>2025-12-30T13:18:57Z</time>
      </trkpt>
      <trkpt lat="24.91988813467524" lon="118.53508680134509">
        <ele>17.96466064453125</ele>
        <time>2025-12-30T13:19:09Z</time>
      </trkpt>
      <trkpt lat="24.92023225592228" lon="118.53515797389727">
        <ele>19.4859619140625</ele>
        <time>2025-12-30T13:19:21Z</time>
      </trkpt>
      <trkpt lat="24.920577398321413" lon="118.5352381710884">
        <ele>18.93450927734375</ele>
        <time>2025-12-30T13:19:33Z</time>
      </trkpt>
      <trkpt lat="24.920917529305225" lon="118.53531335460151">
        <ele>19.696533203125</ele>
        <time>2025-12-30T13:19:45Z</time>
      </trkpt>
      <trkpt lat="24.921248692302314" lon="118.53540157441691">
        <ele>20.0736083984375</ele>
        <time>2025-12-30T13:19:57Z</time>
      </trkpt>
      <trkpt lat="24.9215698968542" lon="118.5355068415071">
        <ele>18.962158203125</ele>
        <time>2025-12-30T13:20:09Z</time>
      </trkpt>
      <trkpt lat="24.92189008221464" lon="118.5356040862752">
        <ele>18.625732421875</ele>
        <time>2025-12-30T13:20:21Z</time>
      </trkpt>
      <trkpt lat="24.922203277740593" lon="118.53570534220152">
        <ele>19.76190185546875</ele>
        <time>2025-12-30T13:20:33Z</time>
      </trkpt>
      <trkpt lat="24.92252447418503" lon="118.53580759996318">
        <ele>19.0543212890625</ele>
        <time>2025-12-30T13:20:45Z</time>
      </trkpt>
      <trkpt lat="24.922829712729417" lon="118.53592690507814">
        <ele>20.60040283203125</ele>
        <time>2025-12-30T13:20:57Z</time>
      </trkpt>
      <trkpt lat="24.92312294071827" lon="118.53604119685644">
        <ele>21.87042236328125</ele>
        <time>2025-12-30T13:21:09Z</time>
      </trkpt>
      <trkpt lat="24.923448208556337" lon="118.53617453786835">
        <ele>23.435302734375</ele>
        <time>2025-12-30T13:21:21Z</time>
      </trkpt>
      <trkpt lat="24.923748472301106" lon="118.53630487182562">
        <ele>22.69158935546875</ele>
        <time>2025-12-30T13:21:33Z</time>
      </trkpt>
      <trkpt lat="24.92402176983056" lon="118.53644824247249">
        <ele>23.6915283203125</ele>
        <time>2025-12-30T13:21:45Z</time>
      </trkpt>
      <trkpt lat="24.924307086110307" lon="118.53660063602351">
        <ele>24.77294921875</ele>
        <time>2025-12-30T13:21:57Z</time>
      </trkpt>
      <trkpt lat="24.924609373550222" lon="118.53674199774532">
        <ele>26.3626708984375</ele>
        <time>2025-12-30T13:22:09Z</time>
      </trkpt>
      <trkpt lat="24.9249006735773" lon="118.53688837307078">
        <ele>27.45880126953125</ele>
        <time>2025-12-30T13:22:21Z</time>
      </trkpt>
      <trkpt lat="24.92505089262524" lon="118.53699164125834">
        <ele>27.63934326171875</ele>
        <time>2025-12-30T13:22:27Z</time>
      </trkpt>
      <trkpt lat="24.925145196004582" lon="118.53712800205048">
        <ele>27.3192138671875</ele>
        <time>2025-12-30T13:22:33Z</time>
      </trkpt>
      <trkpt lat="24.925342407650916" lon="118.53723126608912">
        <ele>27.825927734375</ele>
        <time>2025-12-30T13:22:42Z</time>
      </trkpt>
      <trkpt lat="24.925506495990422" lon="118.53727938397414">
        <ele>27.218017578125</ele>
        <time>2025-12-30T13:22:48Z</time>
      </trkpt>
      <trkpt lat="24.92574851293468" lon="118.53730142634558">
        <ele>27.678955078125</ele>
        <time>2025-12-30T13:22:57Z</time>
      </trkpt>
      <trkpt lat="24.926052915031633" lon="118.53749392145815">
        <ele>26.858154296875</ele>
        <time>2025-12-30T13:23:09Z</time>
      </trkpt>
      <trkpt lat="24.926351321414266" lon="118.53768842103075">
        <ele>27.4925537109375</ele>
        <time>2025-12-30T13:23:21Z</time>
      </trkpt>
      <trkpt lat="24.92650653252801" lon="118.53778968059423">
        <ele>27.68109130859375</ele>
        <time>2025-12-30T13:23:27Z</time>
      </trkpt>
      <trkpt lat="24.92681285776584" lon="118.5379500868199">
        <ele>26.19671630859375</ele>
        <time>2025-12-30T13:23:39Z</time>
      </trkpt>
      <trkpt lat="24.927116267488053" lon="118.53814759086163">
        <ele>26.44384765625</ele>
        <time>2025-12-30T13:23:51Z</time>
      </trkpt>
      <trkpt lat="24.927407716530933" lon="118.5383621394698">
        <ele>25.3878173828125</ele>
        <time>2025-12-30T13:24:03Z</time>
      </trkpt>
      <trkpt lat="24.927688172483784" lon="118.53857969512401">
        <ele>24.97491455078125</ele>
        <time>2025-12-30T13:24:15Z</time>
      </trkpt>
      <trkpt lat="24.927908512601746" lon="118.53874311070327">
        <ele>24.0262451171875</ele>
        <time>2025-12-30T13:24:24Z</time>
      </trkpt>
      <trkpt lat="24.9281580405263" lon="118.5389917471086">
        <ele>23.20599365234375</ele>
        <time>2025-12-30T13:24:36Z</time>
      </trkpt>
      <trkpt lat="24.928432524514243" lon="118.53922333492876">
        <ele>22.0440673828125</ele>
        <time>2025-12-30T13:24:48Z</time>
      </trkpt>
      <trkpt lat="24.928709992818085" lon="118.5394489048873">
        <ele>21.56781005859375</ele>
        <time>2025-12-30T13:25:00Z</time>
      </trkpt>
      <trkpt lat="24.928989492829434" lon="118.53968951192815">
        <ele>21.1153564453125</ele>
        <time>2025-12-30T13:25:12Z</time>
      </trkpt>
      <trkpt lat="24.929255983829137" lon="118.53992610734915">
        <ele>22.06634521484375</ele>
        <time>2025-12-30T13:25:24Z</time>
      </trkpt>
      <trkpt lat="24.929509485956537" lon="118.5401677145418">
        <ele>23.216064453125</ele>
        <time>2025-12-30T13:25:36Z</time>
      </trkpt>
      <trkpt lat="24.92978197680253" lon="118.54040631050053">
        <ele>23.759521484375</ele>
        <time>2025-12-30T13:25:48Z</time>
      </trkpt>
      <trkpt lat="24.93004945761075" lon="118.54064089439912">
        <ele>23.178955078125</ele>
        <time>2025-12-30T13:26:00Z</time>
      </trkpt>
      <trkpt lat="24.93032290486693" lon="118.54086143995032">
        <ele>22.71435546875</ele>
        <time>2025-12-30T13:26:12Z</time>
      </trkpt>
      <trkpt lat="24.930577386133116" lon="118.54109702329558">
        <ele>22.46343994140625</ele>
        <time>2025-12-30T13:26:24Z</time>
      </trkpt>
      <trkpt lat="24.930834860727746" lon="118.541330599246">
        <ele>22.62701416015625</ele>
        <time>2025-12-30T13:26:36Z</time>
      </trkpt>
      <trkpt lat="24.93108935353005" lon="118.54157319615274">
        <ele>21.913330078125</ele>
        <time>2025-12-30T13:26:48Z</time>
      </trkpt>
      <trkpt lat="24.93134083606932" lon="118.54181178092396">
        <ele>22.43194580078125</ele>
        <time>2025-12-30T13:27:00Z</time>
      </trkpt>
      <trkpt lat="24.931603289136376" lon="118.5420383325497">
        <ele>22.94970703125</ele>
        <time>2025-12-30T13:27:12Z</time>
      </trkpt>
      <trkpt lat="24.931869770078162" lon="118.54227891704316">
        <ele>21.51336669921875</ele>
        <time>2025-12-30T13:27:24Z</time>
      </trkpt>
      <trkpt lat="24.932116230378586" lon="118.54250947571268">
        <ele>20.8448486328125</ele>
        <time>2025-12-30T13:27:36Z</time>
      </trkpt>
      <trkpt lat="24.932377725252877" lon="118.54275807609885">
        <ele>20.002197265625</ele>
        <time>2025-12-30T13:27:48Z</time>
      </trkpt>
      <trkpt lat="24.93263819681486" lon="118.542996649359">
        <ele>20.1357421875</ele>
        <time>2025-12-30T13:28:00Z</time>
      </trkpt>
      <trkpt lat="24.932752427737864" lon="118.54311292884638">
        <ele>19.761474609375</ele>
        <time>2025-12-30T13:28:06Z</time>
      </trkpt>
      <trkpt lat="24.93279357079655" lon="118.54318309918261">
        <ele>19.9615478515625</ele>
        <time>2025-12-30T13:28:09Z</time>
      </trkpt>
      <trkpt lat="24.932811750904467" lon="118.54326931044335">
        <ele>20.23968505859375</ele>
        <time>2025-12-30T13:28:12Z</time>
      </trkpt>
      <trkpt lat="24.932807935988954" lon="118.54335652541107">
        <ele>19.3284912109375</ele>
        <time>2025-12-30T13:28:15Z</time>
      </trkpt>
      <trkpt lat="24.932733291603153" lon="118.54351993206396">
        <ele>20.339599609375</ele>
        <time>2025-12-30T13:28:21Z</time>
      </trkpt>
      <trkpt lat="24.932516910677737" lon="118.54379963184832">
        <ele>22.776611328125</ele>
        <time>2025-12-30T13:28:33Z</time>
      </trkpt>
      <trkpt lat="24.93233932239519" lon="118.54398409409553">
        <ele>23.975341796875</ele>
        <time>2025-12-30T13:28:42Z</time>
      </trkpt>
      <trkpt lat="24.932106905770116" lon="118.5442477509788">
        <ele>23.5452880859375</ele>
        <time>2025-12-30T13:28:54Z</time>
      </trkpt>
      <trkpt lat="24.931859403554647" lon="118.54447030688247">
        <ele>23.02972412109375</ele>
        <time>2025-12-30T13:29:06Z</time>
      </trkpt>
      <trkpt lat="24.931601896852975" lon="118.5446908566829">
        <ele>23.14849853515625</ele>
        <time>2025-12-30T13:29:18Z</time>
      </trkpt>
      <trkpt lat="24.93133936641576" lon="118.54490037843856">
        <ele>23.96746826171875</ele>
        <time>2025-12-30T13:29:30Z</time>
      </trkpt>
      <trkpt lat="24.931061840647583" lon="118.5451119042708">
        <ele>24.58599853515625</ele>
        <time>2025-12-30T13:29:42Z</time>
      </trkpt>
      <trkpt lat="24.93077920324339" lon="118.54526929966127">
        <ele>25.057373046875</ele>
        <time>2025-12-30T13:29:54Z</time>
      </trkpt>
      <trkpt lat="24.930615427335457" lon="118.54536754507933">
        <ele>26.52215576171875</ele>
        <time>2025-12-30T13:30:00Z</time>
      </trkpt>
      <trkpt lat="24.93040962225507" lon="118.54544875253235">
        <ele>25.96661376953125</ele>
        <time>2025-12-30T13:30:09Z</time>
      </trkpt>
      <trkpt lat="24.930107010237126" lon="118.54561817568577">
        <ele>27.38641357421875</ele>
        <time>2025-12-30T13:30:21Z</time>
      </trkpt>
      <trkpt lat="24.92979132173517" lon="118.5457495085367">
        <ele>25.28948974609375</ele>
        <time>2025-12-30T13:30:33Z</time>
      </trkpt>
      <trkpt lat="24.929484641479398" lon="118.54588585188596">
        <ele>25.51397705078125</ele>
        <time>2025-12-30T13:30:45Z</time>
      </trkpt>
      <trkpt lat="24.92916496643092" lon="118.54602420010205">
        <ele>26.357177734375</ele>
        <time>2025-12-30T13:30:57Z</time>
      </trkpt>
      <trkpt lat="24.928843222280914" lon="118.54612846763378">
        <ele>25.88861083984375</ele>
        <time>2025-12-30T13:31:09Z</time>
      </trkpt>
      <trkpt lat="24.92852445915056" lon="118.54622371335535">
        <ele>24.82672119140625</ele>
        <time>2025-12-30T13:31:21Z</time>
      </trkpt>
      <trkpt lat="24.92818965967327" lon="118.54629991521593">
        <ele>25.17333984375</ele>
        <time>2025-12-30T13:31:33Z</time>
      </trkpt>
      <trkpt lat="24.927858869468384" lon="118.54638112828373">
        <ele>25.587158203125</ele>
        <time>2025-12-30T13:31:45Z</time>
      </trkpt>
      <trkpt lat="24.927608061694308" lon="118.54645932849313">
        <ele>23.7120361328125</ele>
        <time>2025-12-30T13:31:54Z</time>
      </trkpt>
      <trkpt lat="24.92743912571772" lon="118.54647938706617">
        <ele>23.54681396484375</ele>
        <time>2025-12-30T13:32:00Z</time>
      </trkpt>
      <trkpt lat="24.92738120817388" lon="118.54651647767213">
        <ele>24.35931396484375</ele>
        <time>2025-12-30T13:32:03Z</time>
      </trkpt>
      <trkpt lat="24.92732635831336" lon="118.54658764746442">
        <ele>24.08905029296875</ele>
        <time>2025-12-30T13:32:06Z</time>
      </trkpt>
      <trkpt lat="24.927034679725413" lon="118.54672799442243">
        <ele>22.9239501953125</ele>
        <time>2025-12-30T13:32:18Z</time>
      </trkpt>
      <trkpt lat="24.927034679725413" lon="118.54672799442243">
        <ele>22.9239501953125</ele>
        <time>2025-12-30T13:32:21Z</time>
      </trkpt>
      <trkpt lat="24.926978885336293" lon="118.5468272288177">
        <ele>22.7459716796875</ele>
        <time>2025-12-30T13:32:42Z</time>
      </trkpt>
      <trkpt lat="24.927178418447127" lon="118.54710986933884">
        <ele>22.93231201171875</ele>
        <time>2025-12-30T13:32:54Z</time>
      </trkpt>
      <trkpt lat="24.927310796050786" lon="118.54731032224936">
        <ele>22.86285400390625</ele>
        <time>2025-12-30T13:33:03Z</time>
      </trkpt>
      <trkpt lat="24.927334960615333" lon="118.54739551646577">
        <ele>22.3524169921875</ele>
        <time>2025-12-30T13:33:06Z</time>
      </trkpt>
      <trkpt lat="24.927439204255542" lon="118.54752681053999">
        <ele>20.88177490234375</ele>
        <time>2025-12-30T13:33:12Z</time>
      </trkpt>
      <trkpt lat="24.927567822351218" lon="118.54785154378244">
        <ele>19.2757568359375</ele>
        <time>2025-12-30T13:33:24Z</time>
      </trkpt>
      <trkpt lat="24.927598966633624" lon="118.54792771507506">
        <ele>19.024658203125</ele>
        <time>2025-12-30T13:33:27Z</time>
      </trkpt>
      <trkpt lat="24.92771909423192" lon="118.54800187538353">
        <ele>16.502197265625</ele>
        <time>2025-12-30T13:33:33Z</time>
      </trkpt>
      <trkpt lat="24.92782534826756" lon="118.54814018191335">
        <ele>17.1776123046875</ele>
        <time>2025-12-30T13:33:39Z</time>
      </trkpt>
      <trkpt lat="24.928006906976055" lon="118.54844185122103">
        <ele>18.7784423828125</ele>
        <time>2025-12-30T13:33:51Z</time>
      </trkpt>
      <trkpt lat="24.928206477058247" lon="118.54875253567924">
        <ele>20.41009521484375</ele>
        <time>2025-12-30T13:34:03Z</time>
      </trkpt>
      <trkpt lat="24.928382035436574" lon="118.549057204347">
        <ele>20.9068603515625</ele>
        <time>2025-12-30T13:34:15Z</time>
      </trkpt>
      <trkpt lat="24.928555558283833" lon="118.54934483148463">
        <ele>22.00994873046875</ele>
        <time>2025-12-30T13:34:27Z</time>
      </trkpt>
      <trkpt lat="24.9287411235634" lon="118.54965750948777">
        <ele>22.58489990234375</ele>
        <time>2025-12-30T13:34:39Z</time>
      </trkpt>
      <trkpt lat="24.928923655511362" lon="118.54995414842813">
        <ele>21.68511962890625</ele>
        <time>2025-12-30T13:34:51Z</time>
      </trkpt>
      <trkpt lat="24.929135140796916" lon="118.55022973576183">
        <ele>20.63104248046875</ele>
        <time>2025-12-30T13:35:03Z</time>
      </trkpt>
      <trkpt lat="24.929335682294006" lon="118.55053638790002">
        <ele>20.42376708984375</ele>
        <time>2025-12-30T13:35:15Z</time>
      </trkpt>
      <trkpt lat="24.929496212931447" lon="118.55083602368036">
        <ele>19.36907958984375</ele>
        <time>2025-12-30T13:35:27Z</time>
      </trkpt>
      <trkpt lat="24.929554341126515" lon="118.5509101791554">
        <ele>20.21063232421875</ele>
        <time>2025-12-30T13:35:30Z</time>
      </trkpt>
      <trkpt lat="24.92967076563077" lon="118.55115068677576">
        <ele>20.67303466796875</ele>
        <time>2025-12-30T13:35:39Z</time>
      </trkpt>
      <trkpt lat="24.92967076563077" lon="118.55115068677576">
        <ele>20.67303466796875</ele>
        <time>2025-12-30T13:35:42Z</time>
      </trkpt>
      <trkpt lat="24.929690141432538" lon="118.55135812822006">
        <ele>26.8427734375</ele>
        <time>2025-12-30T13:36:33Z</time>
      </trkpt>
      <trkpt lat="24.929892620379587" lon="118.55163770800438">
        <ele>24.9429931640625</ele>
        <time>2025-12-30T13:36:45Z</time>
      </trkpt>
      <trkpt lat="24.930100068542107" lon="118.55190225238745">
        <ele>21.75042724609375</ele>
        <time>2025-12-30T13:36:57Z</time>
      </trkpt>
      <trkpt lat="24.930274599293053" lon="118.55221189043068">
        <ele>20.52239990234375</ele>
        <time>2025-12-30T13:37:09Z</time>
      </trkpt>
      <trkpt lat="24.930461137058924" lon="118.55252853803147">
        <ele>20.15447998046875</ele>
        <time>2025-12-30T13:37:21Z</time>
      </trkpt>
      <trkpt lat="24.930644683687635" lon="118.55285219592544">
        <ele>21.3101806640625</ele>
        <time>2025-12-30T13:37:33Z</time>
      </trkpt>
      <trkpt lat="24.930841203319183" lon="118.55316382364477">
        <ele>21.58575439453125</ele>
        <time>2025-12-30T13:37:45Z</time>
      </trkpt>
      <trkpt lat="24.930991645478883" lon="118.55342935631575">
        <ele>26.201171875</ele>
        <time>2025-12-30T13:37:54Z</time>
      </trkpt>
      <trkpt lat="24.93116811062629" lon="118.55371191859167">
        <ele>26.12481689453125</ele>
        <time>2025-12-30T13:38:06Z</time>
      </trkpt>
      <trkpt lat="24.93129346788133" lon="118.55392934957625">
        <ele>25.64569091796875</ele>
        <time>2025-12-30T13:38:15Z</time>
      </trkpt>
      <trkpt lat="24.93139162616676" lon="118.55402954467394">
        <ele>26.114990234375</ele>
        <time>2025-12-30T13:38:21Z</time>
      </trkpt>
      <trkpt lat="24.93149996768377" lon="118.5542379556988">
        <ele>23.349609375</ele>
        <time>2025-12-30T13:38:30Z</time>
      </trkpt>
      <trkpt lat="24.93149996768377" lon="118.5542379556988">
        <ele>23.349609375</ele>
        <time>2025-12-30T13:38:33Z</time>
      </trkpt>
      <trkpt lat="24.931516160240484" lon="118.55435218314867">
        <ele>24.1380615234375</ele>
        <time>2025-12-30T13:38:54Z</time>
      </trkpt>
      <trkpt lat="24.93168168774938" lon="118.55467681810127">
        <ele>25.176513671875</ele>
        <time>2025-12-30T13:39:06Z</time>
      </trkpt>
      <trkpt lat="24.93188509296886" lon="118.55493431338677">
        <ele>25.1246337890625</ele>
        <time>2025-12-30T13:39:18Z</time>
      </trkpt>
      <trkpt lat="24.93204564868455" lon="118.55527998139013">
        <ele>28.61370849609375</ele>
        <time>2025-12-30T13:39:30Z</time>
      </trkpt>
      <trkpt lat="24.932204112078118" lon="118.55557254099811">
        <ele>26.5906982421875</ele>
        <time>2025-12-30T13:39:42Z</time>
      </trkpt>
      <trkpt lat="24.932371615167575" lon="118.5558921483189">
        <ele>28.4871826171875</ele>
        <time>2025-12-30T13:39:54Z</time>
      </trkpt>
      <trkpt lat="24.93241174915984" lon="118.55597730967585">
        <ele>31.45855712890625</ele>
        <time>2025-12-30T13:39:57Z</time>
      </trkpt>
      <trkpt lat="24.932464849891584" lon="118.5560434332151">
        <ele>30.80133056640625</ele>
        <time>2025-12-30T13:40:00Z</time>
      </trkpt>
      <trkpt lat="24.932464849891584" lon="118.5560434332151">
        <ele>30.80133056640625</ele>
        <time>2025-12-30T13:40:03Z</time>
      </trkpt>
      <trkpt lat="24.932470875254456" lon="118.55605946360943">
        <ele>28.3751220703125</ele>
        <time>2025-12-30T13:40:27Z</time>
      </trkpt>
      <trkpt lat="24.932673365462023" lon="118.5563780595325">
        <ele>27.63250732421875</ele>
        <time>2025-12-30T13:40:42Z</time>
      </trkpt>
      <trkpt lat="24.93270749700407" lon="118.55646221751887">
        <ele>27.230224609375</ele>
        <time>2025-12-30T13:40:45Z</time>
      </trkpt>
      <trkpt lat="24.932721645652375" lon="118.55655539369683">
        <ele>27.69635009765625</ele>
        <time>2025-12-30T13:40:48Z</time>
      </trkpt>
      <trkpt lat="24.932711795732445" lon="118.55664756924607">
        <ele>27.5404052734375</ele>
        <time>2025-12-30T13:40:51Z</time>
      </trkpt>
      <trkpt lat="24.93267894067202" lon="118.55673473653175">
        <ele>27.85308837890625</ele>
        <time>2025-12-30T13:40:54Z</time>
      </trkpt>
      <trkpt lat="24.93255917952181" lon="118.55687300586446">
        <ele>27.75262451171875</ele>
        <time>2025-12-30T13:41:00Z</time>
      </trkpt>
      <trkpt lat="24.932333423004135" lon="118.55700527038641">
        <ele>27.0340576171875</ele>
        <time>2025-12-30T13:41:09Z</time>
      </trkpt>
      <trkpt lat="24.932058790549995" lon="118.55721167620803">
        <ele>26.63653564453125</ele>
        <time>2025-12-30T13:41:21Z</time>
      </trkpt>
      <trkpt lat="24.93184406233931" lon="118.55736397523484">
        <ele>26.53155517578125</ele>
        <time>2025-12-30T13:41:31Z</time>
      </trkpt>
      <trkpt lat="24.93184406233931" lon="118.55736397523484">
        <ele>26.53155517578125</ele>
        <time>2025-12-30T13:41:33Z</time>
      </trkpt>
      <trkpt lat="24.931803133082305" lon="118.55740505453186">
        <ele>25.11663818359375</ele>
        <time>2025-12-30T13:42:49Z</time>
      </trkpt>
      <trkpt lat="24.931518528564283" lon="118.55763049248038">
        <ele>29.24578857421875</ele>
        <time>2025-12-30T13:43:00Z</time>
      </trkpt>
      <trkpt lat="24.93128581124857" lon="118.55778980274572">
        <ele>31.81219482421875</ele>
        <time>2025-12-30T13:43:10Z</time>
      </trkpt>
      <trkpt lat="24.931051094729234" lon="118.55795011381835">
        <ele>31.79736328125</ele>
        <time>2025-12-30T13:43:19Z</time>
      </trkpt>
      <trkpt lat="24.93074141727675" lon="118.55812946369176">
        <ele>32.14349365234375</ele>
        <time>2025-12-30T13:43:31Z</time>
      </trkpt>
      <trkpt lat="24.930439723445414" lon="118.5582997951231">
        <ele>33.75201416015625</ele>
        <time>2025-12-30T13:43:43Z</time>
      </trkpt>
      <trkpt lat="24.930141009512422" lon="118.55845810322558">
        <ele>35.210205078125</ele>
        <time>2025-12-30T13:43:55Z</time>
      </trkpt>
      <trkpt lat="24.92983225454197" lon="118.55858936203447">
        <ele>34.49395751953125</ele>
        <time>2025-12-30T13:44:07Z</time>
      </trkpt>
      <trkpt lat="24.929571430881687" lon="118.55868054456204">
        <ele>31.64739990234375</ele>
        <time>2025-12-30T13:44:16Z</time>
      </trkpt>
      <trkpt lat="24.929251660991035" lon="118.5588017847893">
        <ele>31.81817626953125</ele>
        <time>2025-12-30T13:44:28Z</time>
      </trkpt>
      <trkpt lat="24.928940895291856" lon="118.55892703088213">
        <ele>31.0360107421875</ele>
        <time>2025-12-30T13:44:40Z</time>
      </trkpt>
      <trkpt lat="24.92861308586698" lon="118.5590222237801">
        <ele>29.26373291015625</ele>
        <time>2025-12-30T13:44:52Z</time>
      </trkpt>
      <trkpt lat="24.928306230729984" lon="118.55908936481818">
        <ele>29.942138671875</ele>
        <time>2025-12-30T13:45:04Z</time>
      </trkpt>
      <trkpt lat="24.927971391435396" lon="118.55916452184663">
        <ele>31.34454345703125</ele>
        <time>2025-12-30T13:45:16Z</time>
      </trkpt>
      <trkpt lat="24.927890440618953" lon="118.55918957200407">
        <ele>31.70147705078125</ele>
        <time>2025-12-30T13:45:19Z</time>
      </trkpt>
      <trkpt lat="24.92755852823185" lon="118.55921664309868">
        <ele>30.3533935546875</ele>
        <time>2025-12-30T13:45:31Z</time>
      </trkpt>
      <trkpt lat="24.927307593820245" lon="118.55923669609095">
        <ele>30.1839599609375</ele>
        <time>2025-12-30T13:45:40Z</time>
      </trkpt>
      <trkpt lat="24.927334617133912" lon="118.55925472622954">
        <ele>30.37811279296875</ele>
        <time>2025-12-30T13:46:34Z</time>
      </trkpt>
      <trkpt lat="24.927022674728835" lon="118.55926376386601">
        <ele>28.57611083984375</ele>
        <time>2025-12-30T13:46:46Z</time>
      </trkpt>
      <trkpt lat="24.92673972972485" lon="118.55927380126438">
        <ele>28.37298583984375</ele>
        <time>2025-12-30T13:46:55Z</time>
      </trkpt>
      <trkpt lat="24.92646676673669" lon="118.55927281841893">
        <ele>28.4891357421875</ele>
        <time>2025-12-30T13:47:04Z</time>
      </trkpt>
      <trkpt lat="24.926127790457677" lon="118.55925681348744">
        <ele>30.0662841796875</ele>
        <time>2025-12-30T13:47:16Z</time>
      </trkpt>
      <trkpt lat="24.926039789309055" lon="118.55924780358724">
        <ele>30.3638916015625</ele>
        <time>2025-12-30T13:47:19Z</time>
      </trkpt>
      <trkpt lat="24.92595375319675" lon="118.55921575262214">
        <ele>29.23089599609375</ele>
        <time>2025-12-30T13:47:22Z</time>
      </trkpt>
      <trkpt lat="24.925887679490362" lon="118.55916065924076">
        <ele>27.968017578125</ele>
        <time>2025-12-30T13:47:25Z</time>
      </trkpt>
      <trkpt lat="24.925811641850494" lon="118.55912860745221">
        <ele>27.48193359375</ele>
        <time>2025-12-30T13:47:28Z</time>
      </trkpt>
      <trkpt lat="24.925479717377975" lon="118.55914766435954">
        <ele>28.2774658203125</ele>
        <time>2025-12-30T13:47:40Z</time>
      </trkpt>
      <trkpt lat="24.925420804212845" lon="118.55919976110084">
        <ele>28.382568359375</ele>
        <time>2025-12-30T13:47:43Z</time>
      </trkpt>
      <trkpt lat="24.925346871951234" lon="118.5592378338581">
        <ele>27.81280517578125</ele>
        <time>2025-12-30T13:47:46Z</time>
      </trkpt>
      <trkpt lat="24.925016929013953" lon="118.55924486919147">
        <ele>29.54150390625</ele>
        <time>2025-12-30T13:47:58Z</time>
      </trkpt>
      <trkpt lat="24.924692968641832" lon="118.55924088454454">
        <ele>27.6644287109375</ele>
        <time>2025-12-30T13:48:10Z</time>
      </trkpt>
      <trkpt lat="24.924436942879687" lon="118.55919982933483">
        <ele>25.33758544921875</ele>
        <time>2025-12-30T13:48:19Z</time>
      </trkpt>
      <trkpt lat="24.92417600830418" lon="118.55921888125411">
        <ele>27.14874267578125</ele>
        <time>2025-12-30T13:48:28Z</time>
      </trkpt>
      <trkpt lat="24.92393100056507" lon="118.55919084839536">
        <ele>25.4835205078125</ele>
        <time>2025-12-30T13:48:37Z</time>
      </trkpt>
      <trkpt lat="24.92376503299386" lon="118.5591968705906">
        <ele>26.21893310546875</ele>
        <time>2025-12-30T13:48:43Z</time>
      </trkpt>
      <trkpt lat="24.923519029889295" lon="118.55917184311798">
        <ele>27.62542724609375</ele>
        <time>2025-12-30T13:48:52Z</time>
      </trkpt>
      <trkpt lat="24.923434007112725" lon="118.55914880801822">
        <ele>28.478759765625</ele>
        <time>2025-12-30T13:48:55Z</time>
      </trkpt>
      <trkpt lat="24.92334702993463" lon="118.55915582652977">
        <ele>26.99029541015625</ele>
        <time>2025-12-30T13:48:58Z</time>
      </trkpt>
      <trkpt lat="24.923105021677785" lon="118.55912779338058">
        <ele>26.448974609375</ele>
        <time>2025-12-30T13:49:07Z</time>
      </trkpt>
      <trkpt lat="24.92303597239307" lon="118.5590887285595">
        <ele>27.64251708984375</ele>
        <time>2025-12-30T13:49:10Z</time>
      </trkpt>
      <trkpt lat="24.92295611969602" lon="118.55917889462759">
        <ele>27.22540283203125</ele>
        <time>2025-12-30T13:49:28Z</time>
      </trkpt>
      <trkpt lat="24.92259821231981" lon="118.55920696931327">
        <ele>28.41424560546875</ele>
        <time>2025-12-30T13:49:40Z</time>
      </trkpt>
      <trkpt lat="24.922331280038136" lon="118.55922702341988">
        <ele>29.957275390625</ele>
        <time>2025-12-30T13:49:49Z</time>
      </trkpt>
      <trkpt lat="24.92216024978038" lon="118.55919097119461">
        <ele>29.35394287109375</ele>
        <time>2025-12-30T13:49:55Z</time>
      </trkpt>
      <trkpt lat="24.92201111203131" lon="118.5590857942748">
        <ele>28.5272216796875</ele>
        <time>2025-12-30T13:50:01Z</time>
      </trkpt>
      <trkpt lat="24.921948016350086" lon="118.55901667531214">
        <ele>28.8863525390625</ele>
        <time>2025-12-30T13:50:04Z</time>
      </trkpt>
      <trkpt lat="24.92186380173958" lon="118.55886741405547">
        <ele>29.10235595703125</ele>
        <time>2025-12-30T13:50:10Z</time>
      </trkpt>
      <trkpt lat="24.921852905213555" lon="118.5589345350432">
        <ele>28.76605224609375</ele>
        <time>2025-12-30T13:50:13Z</time>
      </trkpt>
      <trkpt lat="24.92188209534405" lon="118.55906276213375">
        <ele>27.7359619140625</ele>
        <time>2025-12-30T13:50:19Z</time>
      </trkpt>
      <trkpt lat="24.92188209534405" lon="118.55906276213375">
        <ele>27.7359619140625</ele>
        <time>2025-12-30T13:50:21Z</time>
      </trkpt>
      <trkpt lat="24.9218852068871" lon="118.55913689402604">
        <ele>28.571533203125</ele>
        <time>2025-12-30T13:50:43Z</time>
      </trkpt>
      <trkpt lat="24.921758233809385" lon="118.5591429135314">
        <ele>28.63092041015625</ele>
        <time>2025-12-30T13:50:49Z</time>
      </trkpt>
      <trkpt lat="24.92174224059213" lon="118.55914591998997">
        <ele>29.00469970703125</ele>
        <time>2025-12-30T13:50:52Z</time>
      </trkpt>
      <trkpt lat="24.921636232820838" lon="118.55913090058954">
        <ele>28.89984130859375</ele>
        <time>2025-12-30T13:50:58Z</time>
      </trkpt>
      <trkpt lat="24.9215701982395" lon="118.55910185341916">
        <ele>29.56658935546875</ele>
        <time>2025-12-30T13:51:01Z</time>
      </trkpt>
      <trkpt lat="24.921495193649108" lon="118.55909184076664">
        <ele>29.0186767578125</ele>
        <time>2025-12-30T13:51:04Z</time>
      </trkpt>
      <trkpt lat="24.921420246547783" lon="118.55911989594274">
        <ele>29.2618408203125</ele>
        <time>2025-12-30T13:51:07Z</time>
      </trkpt>
      <trkpt lat="24.921360319966062" lon="118.55916297678023">
        <ele>29.9334716796875</ele>
        <time>2025-12-30T13:51:10Z</time>
      </trkpt>
      <trkpt lat="24.921318366634146" lon="118.55919002779436">
        <ele>28.79168701171875</ele>
        <time>2025-12-30T13:52:10Z</time>
      </trkpt>
      <trkpt lat="24.920965407175814" lon="118.55918404158295">
        <ele>27.1707763671875</ele>
        <time>2025-12-30T13:52:22Z</time>
      </trkpt>
      <trkpt lat="24.920695404329507" lon="118.55915701219362">
        <ele>26.98223876953125</ele>
        <time>2025-12-30T13:52:31Z</time>
      </trkpt>
      <trkpt lat="24.920418450783" lon="118.55916204031062">
        <ele>28.510009765625</ele>
        <time>2025-12-30T13:52:40Z</time>
      </trkpt>
      <trkpt lat="24.920144504355864" lon="118.55917207712756">
        <ele>30.182373046875</ele>
        <time>2025-12-30T13:52:49Z</time>
      </trkpt>
      <trkpt lat="24.919871533615904" lon="118.55916608536377">
        <ele>30.955078125</ele>
        <time>2025-12-30T13:52:58Z</time>
      </trkpt>
      <trkpt lat="24.919788545264833" lon="118.55916609111827">
        <ele>30.36273193359375</ele>
        <time>2025-12-30T13:53:01Z</time>
      </trkpt>
      <trkpt lat="24.919711522834472" lon="118.55914405724086">
        <ele>31.51312255859375</ele>
        <time>2025-12-30T13:53:04Z</time>
      </trkpt>
      <trkpt lat="24.919653532484833" lon="118.55914506304511">
        <ele>30.47283935546875</ele>
        <time>2025-12-30T13:53:07Z</time>
      </trkpt>
      <trkpt lat="24.919535435587964" lon="118.55906993736934">
        <ele>28.82427978515625</ele>
        <time>2025-12-30T13:53:13Z</time>
      </trkpt>
      <trkpt lat="24.919400468155978" lon="118.5590789628058">
        <ele>27.49163818359375</ele>
        <time>2025-12-30T13:53:19Z</time>
      </trkpt>
      <trkpt lat="24.919171436659287" lon="118.55903690362592">
        <ele>24.2808837890625</ele>
        <time>2025-12-30T13:53:28Z</time>
      </trkpt>
      <trkpt lat="24.9188265214083" lon="118.55906097044463">
        <ele>19.63525390625</ele>
        <time>2025-12-30T13:53:40Z</time>
      </trkpt>
      <trkpt lat="24.918738551920615" lon="118.55907299798534">
        <ele>18.85821533203125</ele>
        <time>2025-12-30T13:53:43Z</time>
      </trkpt>
      <trkpt lat="24.918663518507945" lon="118.55904395136108">
        <ele>20.36334228515625</ele>
        <time>2025-12-30T13:53:46Z</time>
      </trkpt>
      <trkpt lat="24.91857067683045" lon="118.55914012921373">
        <ele>30.3568115234375</ele>
        <time>2025-12-30T13:56:10Z</time>
      </trkpt>
      <trkpt lat="24.91839869489595" lon="118.55913613400492">
        <ele>30.8817138671875</ele>
        <time>2025-12-30T13:56:16Z</time>
      </trkpt>
      <trkpt lat="24.918299755610036" lon="118.55916719613164">
        <ele>32.053955078125</ele>
        <time>2025-12-30T13:56:19Z</time>
      </trkpt>
      <trkpt lat="24.918197785005983" lon="118.55917722102029">
        <ele>33.1275634765625</ele>
        <time>2025-12-30T13:56:22Z</time>
      </trkpt>
      <trkpt lat="24.918014772891727" lon="118.55915218915527">
        <ele>32.18975830078125</ele>
        <time>2025-12-30T13:56:28Z</time>
      </trkpt>
      <trkpt lat="24.91791279926923" lon="118.55916021048635">
        <ele>31.78729248046875</ele>
        <time>2025-12-30T13:56:31Z</time>
      </trkpt>
      <trkpt lat="24.917734793987545" lon="118.55914018717151">
        <ele>29.87335205078125</ele>
        <time>2025-12-30T13:56:37Z</time>
      </trkpt>
      <trkpt lat="24.91746186999778" lon="118.55916525066321">
        <ele>29.32012939453125</ele>
        <time>2025-12-30T13:56:46Z</time>
      </trkpt>
      <trkpt lat="24.917290937726822" lon="118.55919431417738">
        <ele>27.383544921875</ele>
        <time>2025-12-30T13:56:52Z</time>
      </trkpt>
      <trkpt lat="24.917132959849837" lon="118.55919432513063">
        <ele>28.585693359375</ele>
        <time>2025-12-30T13:56:58Z</time>
      </trkpt>
      <trkpt lat="24.916800133084728" lon="118.55927849762762">
        <ele>31.20233154296875</ele>
        <time>2025-12-30T13:57:10Z</time>
      </trkpt>
      <trkpt lat="24.916485300487622" lon="118.55936066500011">
        <ele>31.38043212890625</ele>
        <time>2025-12-30T13:57:22Z</time>
      </trkpt>
      <trkpt lat="24.916257497375508" lon="118.55947087554193">
        <ele>32.079833984375</ele>
        <time>2025-12-30T13:57:31Z</time>
      </trkpt>
      <trkpt lat="24.916257497375508" lon="118.55947087554193">
        <ele>32.079833984375</ele>
        <time>2025-12-30T13:57:33Z</time>
      </trkpt>
      <trkpt lat="24.91618651479507" lon="118.55947588930174">
        <ele>31.5047607421875</ele>
        <time>2025-12-30T13:57:49Z</time>
      </trkpt>
      <trkpt lat="24.915884725972052" lon="118.55958910966645">
        <ele>31.8466796875</ele>
        <time>2025-12-30T13:58:01Z</time>
      </trkpt>
      <trkpt lat="24.91581077958978" lon="118.55961816588064">
        <ele>31.83856201171875</ele>
        <time>2025-12-30T13:58:04Z</time>
      </trkpt>
      <trkpt lat="24.915538067732346" lon="118.5597864799666">
        <ele>31.92767333984375</ele>
        <time>2025-12-30T13:58:16Z</time>
      </trkpt>
      <trkpt lat="24.915460151322186" lon="118.55983557121264">
        <ele>31.313720703125</ele>
        <time>2025-12-30T13:58:19Z</time>
      </trkpt>
      <trkpt lat="24.915382202233612" lon="118.55986262387015">
        <ele>29.92864990234375</ele>
        <time>2025-12-30T13:58:22Z</time>
      </trkpt>
      <trkpt lat="24.915122561954465" lon="118.56008202388429">
        <ele>31.01812744140625</ele>
        <time>2025-12-30T13:58:34Z</time>
      </trkpt>
      <trkpt lat="24.91484284192643" lon="118.56024632787152">
        <ele>21.926025390625</ele>
        <time>2025-12-30T13:58:46Z</time>
      </trkpt>
      <trkpt lat="24.914613064168602" lon="118.56037656849394">
        <ele>20.2589111328125</ele>
        <time>2025-12-30T13:58:55Z</time>
      </trkpt>
      <trkpt lat="24.914558995750056" lon="118.5603244824589">
        <ele>22.39453125</ele>
        <time>2025-12-30T13:58:58Z</time>
      </trkpt>
      <trkpt lat="24.914353629613025" lon="118.56005503020812">
        <ele>28.47540283203125</ele>
        <time>2025-12-30T13:59:10Z</time>
      </trkpt>
      <trkpt lat="24.914223347844416" lon="118.55985168495381">
        <ele>27.45361328125</ele>
        <time>2025-12-30T13:59:19Z</time>
      </trkpt>
      <trkpt lat="24.914183109867515" lon="118.55968740010935">
        <ele>26.30706787109375</ele>
        <time>2025-12-30T13:59:25Z</time>
      </trkpt>
      <trkpt lat="24.914109164836287" lon="118.55971745794544">
        <ele>27.33758544921875</ele>
        <time>2025-12-30T13:59:40Z</time>
      </trkpt>
      <trkpt lat="24.913986900017196" lon="118.55952813364209">
        <ele>27.815185546875</ele>
        <time>2025-12-30T13:59:49Z</time>
      </trkpt>
      <trkpt lat="24.91377952819431" lon="118.55926067505052">
        <ele>30.739990234375</ele>
        <time>2025-12-30T14:00:01Z</time>
      </trkpt>
      <trkpt lat="24.913613225008053" lon="118.55904430151546">
        <ele>33.15533447265625</ele>
        <time>2025-12-30T14:00:10Z</time>
      </trkpt>
      <trkpt lat="24.91358211708106" lon="118.55897017125092">
        <ele>32.641357421875</ele>
        <time>2025-12-30T14:00:13Z</time>
      </trkpt>
      <trkpt lat="24.91358211708106" lon="118.55897017125092">
        <ele>32.641357421875</ele>
        <time>2025-12-30T14:00:15Z</time>
      </trkpt>
      <trkpt lat="24.9135900217401" lon="118.55890805955873">
        <ele>31.06304931640625</ele>
        <time>2025-12-30T14:00:31Z</time>
      </trkpt>
      <trkpt lat="24.91351585381742" lon="118.55879085447272">
        <ele>32.8685302734375</ele>
        <time>2025-12-30T14:00:37Z</time>
      </trkpt>
      <trkpt lat="24.913384393985293" lon="118.55847829986256">
        <ele>33.61474609375</ele>
        <time>2025-12-30T14:00:49Z</time>
      </trkpt>
      <trkpt lat="24.913356299318366" lon="118.5584141856151">
        <ele>34.32720947265625</ele>
        <time>2025-12-30T14:00:52Z</time>
      </trkpt>
      <trkpt lat="24.913311220748668" lon="118.55835908873321">
        <ele>34.0537109375</ele>
        <time>2025-12-30T14:00:55Z</time>
      </trkpt>
      <trkpt lat="24.913238175326722" lon="118.55832302826242">
        <ele>33.48822021484375</ele>
        <time>2025-12-30T14:00:58Z</time>
      </trkpt>
      <trkpt lat="24.913170067248323" lon="118.55824689443466">
        <ele>33.340087890625</ele>
        <time>2025-12-30T14:01:01Z</time>
      </trkpt>
      <trkpt lat="24.913125947824696" lon="118.55816574953353">
        <ele>33.7672119140625</ele>
        <time>2025-12-30T14:01:04Z</time>
      </trkpt>
      <trkpt lat="24.913087666892995" lon="118.55798141495056">
        <ele>33.245849609375</ele>
        <time>2025-12-30T14:01:10Z</time>
      </trkpt>
      <trkpt lat="24.913083530063126" lon="118.5578932533957">
        <ele>32.6334228515625</ele>
        <time>2025-12-30T14:01:13Z</time>
      </trkpt>
      <trkpt lat="24.913083530063126" lon="118.5578932533957">
        <ele>32.6334228515625</ele>
        <time>2025-12-30T14:01:16Z</time>
      </trkpt>
      <trkpt lat="24.91307733049251" lon="118.55776501777993">
        <ele>31.892822265625</ele>
        <time>2025-12-30T14:01:34Z</time>
      </trkpt>
      <trkpt lat="24.912927875756072" lon="118.55746246822407">
        <ele>34.40081787109375</ele>
        <time>2025-12-30T14:01:46Z</time>
      </trkpt>
      <trkpt lat="24.912817379955534" lon="118.5571398742547">
        <ele>33.3380126953125</ele>
        <time>2025-12-30T14:01:58Z</time>
      </trkpt>
      <trkpt lat="24.912749124267307" lon="118.55697356696689">
        <ele>33.58056640625</ele>
        <time>2025-12-30T14:02:04Z</time>
      </trkpt>
      <trkpt lat="24.912735972214072" lon="118.55687738685526">
        <ele>34.46435546875</ele>
        <time>2025-12-30T14:02:07Z</time>
      </trkpt>
      <trkpt lat="24.912710986931106" lon="118.55688440180207">
        <ele>33.60040283203125</ele>
        <time>2025-12-30T14:02:25Z</time>
      </trkpt>
      <trkpt lat="24.91261843569436" lon="118.55653374477228">
        <ele>27.66241455078125</ele>
        <time>2025-12-30T14:02:40Z</time>
      </trkpt>
      <trkpt lat="24.912481978604134" lon="118.55624019452537">
        <ele>28.3079833984375</ele>
        <time>2025-12-30T14:02:49Z</time>
      </trkpt>
      <trkpt lat="24.912431647146377" lon="118.5560328002267">
        <ele>28.5091552734375</ele>
        <time>2025-12-30T14:02:55Z</time>
      </trkpt>
      <trkpt lat="24.912424484007243" lon="118.55593260785507">
        <ele>26.95733642578125</ele>
        <time>2025-12-30T14:02:58Z</time>
      </trkpt>
      <trkpt lat="24.91239834452038" lon="118.55584544150244">
        <ele>27.51312255859375</ele>
        <time>2025-12-30T14:03:01Z</time>
      </trkpt>
      <trkpt lat="24.912373438511587" lon="118.5559005495819">
        <ele>27.253662109375</ele>
        <time>2025-12-30T14:06:55Z</time>
      </trkpt>
      <trkpt lat="24.912240090970016" lon="118.55567812871514">
        <ele>28.3660888671875</ele>
        <time>2025-12-30T14:07:04Z</time>
      </trkpt>
      <trkpt lat="24.91221792848493" lon="118.55557793577483">
        <ele>28.86651611328125</ele>
        <time>2025-12-30T14:07:07Z</time>
      </trkpt>
      <trkpt lat="24.91217376035168" lon="118.55547273414899">
        <ele>29.56292724609375</ele>
        <time>2025-12-30T14:07:10Z</time>
      </trkpt>
      <trkpt lat="24.91201533555555" lon="118.55520422042885">
        <ele>35.06280517578125</ele>
        <time>2025-12-30T14:07:19Z</time>
      </trkpt>
      <trkpt lat="24.911943752508623" lon="118.55485052930997">
        <ele>31.613037109375</ele>
        <time>2025-12-30T14:07:31Z</time>
      </trkpt>
      <trkpt lat="24.911876657180684" lon="118.55478841112627">
        <ele>32.187255859375</ele>
        <time>2025-12-30T14:07:34Z</time>
      </trkpt>
      <trkpt lat="24.91180360143376" lon="118.55474933883676">
        <ele>32.20733642578125</ele>
        <time>2025-12-30T14:07:37Z</time>
      </trkpt>
      <trkpt lat="24.911710370483235" lon="118.55460505908164">
        <ele>31.23065185546875</ele>
        <time>2025-12-30T14:07:43Z</time>
      </trkpt>
      <trkpt lat="24.911675225896662" lon="118.55451688614649">
        <ele>30.6058349609375</ele>
        <time>2025-12-30T14:07:46Z</time>
      </trkpt>
      <trkpt lat="24.911563997817066" lon="118.55437360814015">
        <ele>30.0203857421875</ele>
        <time>2025-12-30T14:07:52Z</time>
      </trkpt>
      <trkpt lat="24.91147852356277" lon="118.55408904389962">
        <ele>31.08782958984375</ele>
        <time>2025-12-30T14:08:01Z</time>
      </trkpt>
      <trkpt lat="24.911385226757922" lon="118.55390868712807">
        <ele>32.59234619140625</ele>
        <time>2025-12-30T14:08:07Z</time>
      </trkpt>
      <trkpt lat="24.911277750309495" lon="118.55362411852315">
        <ele>31.40667724609375</ele>
        <time>2025-12-30T14:08:16Z</time>
      </trkpt>
      <trkpt lat="24.91115829153991" lon="118.55335056967532">
        <ele>32.9718017578125</ele>
        <time>2025-12-30T14:08:25Z</time>
      </trkpt>
      <trkpt lat="24.9110779911591" lon="118.55317221020218">
        <ele>34.85693359375</ele>
        <time>2025-12-30T14:08:31Z</time>
      </trkpt>
      <trkpt lat="24.91105766356774" lon="118.55298382453259">
        <ele>35.34820556640625</ele>
        <time>2025-12-30T14:08:37Z</time>
      </trkpt>
      <trkpt lat="24.91105766356774" lon="118.55298382453259">
        <ele>35.34820556640625</ele>
        <time>2025-12-30T14:08:40Z</time>
      </trkpt>
      <trkpt lat="24.911063541128406" lon="118.55291468166516">
        <ele>33.39215087890625</ele>
        <time>2025-12-30T14:08:52Z</time>
      </trkpt>
      <trkpt lat="24.910987290237237" lon="118.5527663806823">
        <ele>34.127685546875</ele>
        <time>2025-12-30T14:08:58Z</time>
      </trkpt>
      <trkpt lat="24.91096929274164" lon="118.55276638193155">
        <ele>34.50933837890625</ele>
        <time>2025-12-30T14:09:10Z</time>
      </trkpt>
      <trkpt lat="24.910911001190588" lon="118.55259703506118">
        <ele>33.5982666015625</ele>
        <time>2025-12-30T14:09:16Z</time>
      </trkpt>
      <trkpt lat="24.910779691923903" lon="118.5524126606812">
        <ele>31.63763427734375</ele>
        <time>2025-12-30T14:09:25Z</time>
      </trkpt>
      <trkpt lat="24.910650103025276" lon="118.55207295922996">
        <ele>29.203857421875</ele>
        <time>2025-12-30T14:09:37Z</time>
      </trkpt>
      <trkpt lat="24.910615947690506" lon="118.55198377424647">
        <ele>28.24151611328125</ele>
        <time>2025-12-30T14:09:40Z</time>
      </trkpt>
      <trkpt lat="24.91062484917082" lon="118.55192965978341">
        <ele>27.22576904296875</ele>
        <time>2025-12-30T14:10:19Z</time>
      </trkpt>
      <trkpt lat="24.9104653324619" lon="118.55163104030703">
        <ele>28.16748046875</ele>
        <time>2025-12-30T14:10:31Z</time>
      </trkpt>
      <trkpt lat="24.91031685456556" lon="118.55135646742639">
        <ele>29.906005859375</ele>
        <time>2025-12-30T14:10:40Z</time>
      </trkpt>
      <trkpt lat="24.910189378174874" lon="118.5510858984052">
        <ele>31.9405517578125</ele>
        <time>2025-12-30T14:10:49Z</time>
      </trkpt>
      <trkpt lat="24.910104062743088" lon="118.55090752163056">
        <ele>33.343994140625</ele>
        <time>2025-12-30T14:10:55Z</time>
      </trkpt>
      <trkpt lat="24.910153895401297" lon="118.55082033062119">
        <ele>32.46282958984375</ele>
        <time>2025-12-30T14:10:58Z</time>
      </trkpt>
      <trkpt lat="24.910122907091125" lon="118.5508243414032">
        <ele>32.38360595703125</ele>
        <time>2025-12-30T14:11:16Z</time>
      </trkpt>
      <trkpt lat="24.909977260510864" lon="118.55046357203645">
        <ele>35.89910888671875</ele>
        <time>2025-12-30T14:11:28Z</time>
      </trkpt>
      <trkpt lat="24.90982577630778" lon="118.55019199209421">
        <ele>38.5750732421875</ele>
        <time>2025-12-30T14:11:37Z</time>
      </trkpt>
      <trkpt lat="24.90982577630778" lon="118.55019199209421">
        <ele>38.5750732421875</ele>
        <time>2025-12-30T14:11:40Z</time>
      </trkpt>
      <trkpt lat="24.909788637395458" lon="118.55011482632757">
        <ele>36.8358154296875</ele>
        <time>2025-12-30T14:11:58Z</time>
      </trkpt>
      <trkpt lat="24.90963800436325" lon="118.5497660727815">
        <ele>36.25579833984375</ele>
        <time>2025-12-30T14:12:13Z</time>
      </trkpt>
      <trkpt lat="24.909505400284402" lon="118.54943635493392">
        <ele>37.6575927734375</ele>
        <time>2025-12-30T14:12:25Z</time>
      </trkpt>
      <trkpt lat="24.909374791817644" lon="118.54910663233686">
        <ele>35.54412841796875</ele>
        <time>2025-12-30T14:12:37Z</time>
      </trkpt>
      <trkpt lat="24.909247124982763" lon="118.54874884206998">
        <ele>34.156494140625</ele>
        <time>2025-12-30T14:12:49Z</time>
      </trkpt>
      <trkpt lat="24.90921096052272" lon="118.54866064676821">
        <ele>34.5977783203125</ele>
        <time>2025-12-30T14:12:52Z</time>
      </trkpt>
      <trkpt lat="24.909222821921663" lon="118.54858948610567">
        <ele>31.5123291015625</ele>
        <time>2025-12-30T14:12:55Z</time>
      </trkpt>
      <trkpt lat="24.90923182453184" lon="118.5485914899856">
        <ele>28.784423828125</ele>
        <time>2025-12-30T14:13:19Z</time>
      </trkpt>
      <trkpt lat="24.909120239867352" lon="118.54828079738937">
        <ele>27.06463623046875</ele>
        <time>2025-12-30T14:13:31Z</time>
      </trkpt>
      <trkpt lat="24.90899873694291" lon="118.54801319939038">
        <ele>27.9150390625</ele>
        <time>2025-12-30T14:13:40Z</time>
      </trkpt>
      <trkpt lat="24.90888442438761" lon="118.54784482422141">
        <ele>28.84686279296875</ele>
        <time>2025-12-30T14:13:46Z</time>
      </trkpt>
      <trkpt lat="24.90888442438761" lon="118.54784482422141">
        <ele>28.84686279296875</ele>
        <time>2025-12-30T14:13:49Z</time>
      </trkpt>
      <trkpt lat="24.908887331914894" lon="118.54779771662788">
        <ele>31.3758544921875</ele>
        <time>2025-12-30T14:14:25Z</time>
      </trkpt>
      <trkpt lat="24.90882000166149" lon="118.54762432522004">
        <ele>32.65771484375</ele>
        <time>2025-12-30T14:14:31Z</time>
      </trkpt>
      <trkpt lat="24.908690436020965" lon="118.54732765363475">
        <ele>33.35113525390625</ele>
        <time>2025-12-30T14:14:40Z</time>
      </trkpt>
      <trkpt lat="24.908581860249374" lon="118.5470289723171">
        <ele>32.92626953125</ele>
        <time>2025-12-30T14:14:49Z</time>
      </trkpt>
      <trkpt lat="24.90847331318286" lon="118.54674632460016">
        <ele>30.818603515625</ele>
        <time>2025-12-30T14:14:58Z</time>
      </trkpt>
      <trkpt lat="24.90836875058993" lon="118.54645765928149">
        <ele>30.31695556640625</ele>
        <time>2025-12-30T14:15:07Z</time>
      </trkpt>
      <trkpt lat="24.908286375599225" lon="118.5462652147232">
        <ele>30.86328125</ele>
        <time>2025-12-30T14:15:13Z</time>
      </trkpt>
      <trkpt lat="24.908286375599225" lon="118.5462652147232">
        <ele>30.86328125</ele>
        <time>2025-12-30T14:15:16Z</time>
      </trkpt>
      <trkpt lat="24.908291239763887" lon="118.54619805689893">
        <ele>25.4183349609375</ele>
        <time>2025-12-30T14:16:10Z</time>
      </trkpt>
      <trkpt lat="24.908155712231295" lon="118.54592742981441">
        <ele>27.0067138671875</ele>
        <time>2025-12-30T14:16:19Z</time>
      </trkpt>
      <trkpt lat="24.90806733844597" lon="118.54573698626382">
        <ele>29.06689453125</ele>
        <time>2025-12-30T14:16:25Z</time>
      </trkpt>
      <trkpt lat="24.907973780135475" lon="118.54545632738522">
        <ele>28.4849853515625</ele>
        <time>2025-12-30T14:16:34Z</time>
      </trkpt>
      <trkpt lat="24.907903263067464" lon="118.54519871876461">
        <ele>27.0147705078125</ele>
        <time>2025-12-30T14:16:43Z</time>
      </trkpt>
      <trkpt lat="24.907738585259985" lon="118.54485791445299">
        <ele>30.81884765625</ele>
        <time>2025-12-30T14:16:55Z</time>
      </trkpt>
      <trkpt lat="24.90760286811307" lon="118.5445020671808">
        <ele>30.09967041015625</ele>
        <time>2025-12-30T14:17:07Z</time>
      </trkpt>
      <trkpt lat="24.907558689024583" lon="118.5444128546812">
        <ele>30.2615966796875</ele>
        <time>2025-12-30T14:17:10Z</time>
      </trkpt>
      <trkpt lat="24.90753148852773" lon="118.54431461883541">
        <ele>30.57098388671875</ele>
        <time>2025-12-30T14:17:13Z</time>
      </trkpt>
      <trkpt lat="24.90753148852773" lon="118.54431461883541">
        <ele>30.57098388671875</ele>
        <time>2025-12-30T14:17:16Z</time>
      </trkpt>
      <trkpt lat="24.907525297314987" lon="118.54422239573518">
        <ele>30.43304443359375</ele>
        <time>2025-12-30T14:18:16Z</time>
      </trkpt>
      <trkpt lat="24.90751608529316" lon="118.54412014815402">
        <ele>29.2918701171875</ele>
        <time>2025-12-30T14:18:19Z</time>
      </trkpt>
      <trkpt lat="24.907535843726592" lon="118.5440058688655">
        <ele>28.90802001953125</ele>
        <time>2025-12-30T14:18:22Z</time>
      </trkpt>
      <trkpt lat="24.907578627920312" lon="118.5439056216801">
        <ele>28.13165283203125</ele>
        <time>2025-12-30T14:18:25Z</time>
      </trkpt>
      <trkpt lat="24.907655451219934" lon="118.5438264231304">
        <ele>27.5784912109375</ele>
        <time>2025-12-30T14:18:28Z</time>
      </trkpt>
      <trkpt lat="24.90774434631683" lon="118.54378230923125">
        <ele>25.923583984375</ele>
        <time>2025-12-30T14:18:31Z</time>
      </trkpt>
      <trkpt lat="24.908043243815957" lon="118.54375321740363">
        <ele>23.76300048828125</ele>
        <time>2025-12-30T14:18:40Z</time>
      </trkpt>
      <trkpt lat="24.9083262424621" lon="118.54377124181384">
        <ele>21.72515869140625</ele>
        <time>2025-12-30T14:18:49Z</time>
      </trkpt>
      <trkpt lat="24.90860525636833" lon="118.5437962836283">
        <ele>23.0167236328125</ele>
        <time>2025-12-30T14:18:58Z</time>
      </trkpt>
      <trkpt lat="24.908696239532684" lon="118.54379427240254">
        <ele>24.24761962890625</ele>
        <time>2025-12-30T14:19:01Z</time>
      </trkpt>
      <trkpt lat="24.90868029013897" lon="118.54381732981702">
        <ele>25.8536376953125</ele>
        <time>2025-12-30T14:19:29Z</time>
      </trkpt>
      <trkpt lat="24.90896615365431" lon="118.54377119730088">
        <ele>27.602294921875</ele>
        <time>2025-12-30T14:19:41Z</time>
      </trkpt>
      <trkpt lat="24.909304041455986" lon="118.54374009784549">
        <ele>24.9630126953125</ele>
        <time>2025-12-30T14:19:53Z</time>
      </trkpt>
      <trkpt lat="24.909393010140423" lon="118.54373106959906">
        <ele>24.0804443359375</ele>
        <time>2025-12-30T14:19:56Z</time>
      </trkpt>
      <trkpt lat="24.909407025045827" lon="118.54373908823092">
        <ele>20.99566650390625</ele>
        <time>2025-12-30T14:20:47Z</time>
      </trkpt>
      <trkpt lat="24.909714946454073" lon="118.54372202514311">
        <ele>19.5826416015625</ele>
        <time>2025-12-30T14:20:59Z</time>
      </trkpt>
      <trkpt lat="24.91000190025425" lon="118.54371899782684">
        <ele>20.2972412109375</ele>
        <time>2025-12-30T14:21:08Z</time>
      </trkpt>
      <trkpt lat="24.91028484616959" lon="118.543711960982">
        <ele>20.45672607421875</ele>
        <time>2025-12-30T14:21:17Z</time>
      </trkpt>
      <trkpt lat="24.910557803997396" lon="118.54370993708959">
        <ele>16.0843505859375</ele>
        <time>2025-12-30T14:21:26Z</time>
      </trkpt>
      <trkpt lat="24.910821727238666" lon="118.54369087213657">
        <ele>16.99176025390625</ele>
        <time>2025-12-30T14:21:35Z</time>
      </trkpt>
      <trkpt lat="24.911068711844322" lon="118.54369987702621">
        <ele>18.7828369140625</ele>
        <time>2025-12-30T14:21:44Z</time>
      </trkpt>
      <trkpt lat="24.911227601175494" lon="118.54365776294236">
        <ele>18.39337158203125</ele>
        <time>2025-12-30T14:21:50Z</time>
      </trkpt>
      <trkpt lat="24.91131358287996" lon="118.54365474959866">
        <ele>19.3165283203125</ele>
        <time>2025-12-30T14:21:53Z</time>
      </trkpt>
      <trkpt lat="24.911363470425673" lon="118.5436046233761">
        <ele>21.01190185546875</ele>
        <time>2025-12-30T14:22:11Z</time>
      </trkpt>
      <trkpt lat="24.911662283075454" lon="118.54353543302717">
        <ele>18.21942138671875</ele>
        <time>2025-12-30T14:22:23Z</time>
      </trkpt>
      <trkpt lat="24.911945133733834" lon="118.54348328543944">
        <ele>17.4844970703125</ele>
        <time>2025-12-30T14:22:32Z</time>
      </trkpt>
      <trkpt lat="24.91203815038795" lon="118.5434973134153">
        <ele>18.5823974609375</ele>
        <time>2025-12-30T14:22:35Z</time>
      </trkpt>
      <trkpt lat="24.912026037823374" lon="118.54344318134652">
        <ele>23.76190185546875</ele>
        <time>2025-12-30T14:23:29Z</time>
      </trkpt>
      <trkpt lat="24.91234481336201" lon="118.54335794972151">
        <ele>24.00445556640625</ele>
        <time>2025-12-30T14:23:41Z</time>
      </trkpt>
      <trkpt lat="24.91262862322094" lon="118.54328675480723">
        <ele>23.57159423828125</ele>
        <time>2025-12-30T14:23:50Z</time>
      </trkpt>
      <trkpt lat="24.912898494312213" lon="118.54324362984568">
        <ele>21.69366455078125</ele>
        <time>2025-12-30T14:23:59Z</time>
      </trkpt>
      <trkpt lat="24.913081407204885" lon="118.54321454546482">
        <ele>17.69830322265625</ele>
        <time>2025-12-30T14:24:05Z</time>
      </trkpt>
      <trkpt lat="24.91335618389993" lon="118.5431273111862">
        <ele>19.0198974609375</ele>
        <time>2025-12-30T14:24:14Z</time>
      </trkpt>
      <trkpt lat="24.913443105797906" lon="118.54309622840012">
        <ele>19.2584228515625</ele>
        <time>2025-12-30T14:24:17Z</time>
      </trkpt>
      <trkpt lat="24.91348306402856" lon="118.54307918352168">
        <ele>22.88934326171875</ele>
        <time>2025-12-30T14:25:59Z</time>
      </trkpt>
      <trkpt lat="24.913828877289834" lon="118.54301399839022">
        <ele>21.65167236328125</ele>
        <time>2025-12-30T14:26:11Z</time>
      </trkpt>
      <trkpt lat="24.913926897711196" lon="118.5430300312319">
        <ele>20.5343017578125</ele>
        <time>2025-12-30T14:26:14Z</time>
      </trkpt>
      <trkpt lat="24.914116749680243" lon="118.54297287667582">
        <ele>18.685791015625</ele>
        <time>2025-12-30T14:26:20Z</time>
      </trkpt>
      <trkpt lat="24.91418962213429" lon="118.54291773509897">
        <ele>20.79986572265625</ele>
        <time>2025-12-30T14:26:23Z</time>
      </trkpt>
      <trkpt lat="24.914463344576028" lon="118.5428054377089">
        <ele>25.49609375</ele>
        <time>2025-12-30T14:26:32Z</time>
      </trkpt>
      <trkpt lat="24.91474612100773" lon="118.54271920397008">
        <ele>29.7281494140625</ele>
        <time>2025-12-30T14:26:41Z</time>
      </trkpt>
      <trkpt lat="24.914928990467075" lon="118.54267006914992">
        <ele>25.646484375</ele>
        <time>2025-12-30T14:26:47Z</time>
      </trkpt>
      <trkpt lat="24.915023022335756" lon="118.54269111494261">
        <ele>24.42083740234375</ele>
        <time>2025-12-30T14:26:50Z</time>
      </trkpt>
      <trkpt lat="24.91510087853422" lon="118.54262895495535">
        <ele>23.8153076171875</ele>
        <time>2025-12-30T14:26:53Z</time>
      </trkpt>
      <trkpt lat="24.915108823788632" lon="118.54260389203394">
        <ele>23.37249755859375</ele>
        <time>2025-12-30T14:27:17Z</time>
      </trkpt>
      <trkpt lat="24.9154626025642" lon="118.54252366766812">
        <ele>19.03192138671875</ele>
        <time>2025-12-30T14:27:29Z</time>
      </trkpt>
      <trkpt lat="24.9157215169388" lon="118.54250059217489">
        <ele>17.21514892578125</ele>
        <time>2025-12-30T14:27:38Z</time>
      </trkpt>
      <trkpt lat="24.915995336711063" lon="118.54243440808133">
        <ele>19.945556640625</ele>
        <time>2025-12-30T14:27:47Z</time>
      </trkpt>
      <trkpt lat="24.916206182363346" lon="118.54237624823502">
        <ele>20.25677490234375</ele>
        <time>2025-12-30T14:27:53Z</time>
      </trkpt>
      <trkpt lat="24.91638908568453" lon="118.5423431528484">
        <ele>22.8306884765625</ele>
        <time>2025-12-30T14:27:59Z</time>
      </trkpt>
      <trkpt lat="24.916465008245655" lon="118.54231206987922">
        <ele>24.08892822265625</ele>
        <time>2025-12-30T14:28:02Z</time>
      </trkpt>
      <trkpt lat="24.916465008245655" lon="118.54231206987922">
        <ele>24.08892822265625</ele>
        <time>2025-12-30T14:28:05Z</time>
      </trkpt>
      <trkpt lat="24.91645880199092" lon="118.54221582950412">
        <ele>28.54180908203125</ele>
        <time>2025-12-30T14:28:29Z</time>
      </trkpt>
      <trkpt lat="24.916357424800815" lon="118.54203438157023">
        <ele>31.2574462890625</ele>
        <time>2025-12-30T14:28:35Z</time>
      </trkpt>
      <trkpt lat="24.916267311757533" lon="118.54197624177769">
        <ele>32.8046875</ele>
        <time>2025-12-30T14:28:38Z</time>
      </trkpt>
      <trkpt lat="24.91617434210122" lon="118.54198426840438">
        <ele>32.87628173828125</ele>
        <time>2025-12-30T14:28:41Z</time>
      </trkpt>
      <trkpt lat="24.91599955495815" lon="118.54207149959441">
        <ele>30.97491455078125</ele>
        <time>2025-12-30T14:28:47Z</time>
      </trkpt>
      <trkpt lat="24.915815649911814" lon="118.54210359288271">
        <ele>32.13714599609375</ele>
        <time>2025-12-30T14:28:53Z</time>
      </trkpt>
      <trkpt lat="24.915759638275496" lon="118.54209457414895">
        <ele>31.7764892578125</ele>
        <time>2025-12-30T14:28:56Z</time>
      </trkpt>
      <trkpt lat="24.915692638990095" lon="118.54209056875278">
        <ele>31.12060546875</ele>
        <time>2025-12-30T14:29:38Z</time>
      </trkpt>
      <trkpt lat="24.91542182388781" lon="118.54215875854021">
        <ele>29.8453369140625</ele>
        <time>2025-12-30T14:29:47Z</time>
      </trkpt>
      <trkpt lat="24.91515506848256" lon="118.54225501812506">
        <ele>27.58514404296875</ele>
        <time>2025-12-30T14:29:56Z</time>
      </trkpt>
      <trkpt lat="24.91492327985339" lon="118.54233824234981">
        <ele>25.81011962890625</ele>
        <time>2025-12-30T14:30:05Z</time>
      </trkpt>
      <trkpt lat="24.914810327954648" lon="118.54235328779">
        <ele>28.883056640625</ele>
        <time>2025-12-30T14:30:35Z</time>
      </trkpt>
      <trkpt lat="24.914548530315322" lon="118.542430498776">
        <ele>32.69073486328125</ele>
        <time>2025-12-30T14:30:44Z</time>
      </trkpt>
      <trkpt lat="24.91426679755667" lon="118.54253678337135">
        <ele>33.97186279296875</ele>
        <time>2025-12-30T14:30:53Z</time>
      </trkpt>
      <trkpt lat="24.913996996237373" lon="118.54261198937526">
        <ele>29.79412841796875</ele>
        <time>2025-12-30T14:31:02Z</time>
      </trkpt>
      <trkpt lat="24.913711231224156" lon="118.54270323613675">
        <ele>32.51885986328125</ele>
        <time>2025-12-30T14:31:11Z</time>
      </trkpt>
      <trkpt lat="24.91343242856876" lon="118.54277743979175">
        <ele>33.94683837890625</ele>
        <time>2025-12-30T14:31:20Z</time>
      </trkpt>
      <trkpt lat="24.913347419027332" lon="118.54276742082128">
        <ele>35.07012939453125</ele>
        <time>2025-12-30T14:31:23Z</time>
      </trkpt>
      <trkpt lat="24.91329948990351" lon="118.54279749880432">
        <ele>33.3055419921875</ele>
        <time>2025-12-30T14:31:47Z</time>
      </trkpt>
      <trkpt lat="24.913026673335548" lon="118.54286568686062">
        <ele>34.3297119140625</ele>
        <time>2025-12-30T14:31:56Z</time>
      </trkpt>
      <trkpt lat="24.91275380963675" lon="118.54291182011764">
        <ele>31.37432861328125</ele>
        <time>2025-12-30T14:32:05Z</time>
      </trkpt>
      <trkpt lat="24.912491023368855" lon="118.54299504437502">
        <ele>31.184326171875</ele>
        <time>2025-12-30T14:32:14Z</time>
      </trkpt>
      <trkpt lat="24.912491023368855" lon="118.54299504437502">
        <ele>31.184326171875</ele>
        <time>2025-12-30T14:32:16Z</time>
      </trkpt>
      <trkpt lat="24.912426094240445" lon="118.54302412079525">
        <ele>29.103759765625</ele>
        <time>2025-12-30T14:33:02Z</time>
      </trkpt>
      <trkpt lat="24.91209631696954" lon="118.5431073493488">
        <ele>26.5081787109375</ele>
        <time>2025-12-30T14:33:14Z</time>
      </trkpt>
      <trkpt lat="24.91185052774558" lon="118.54319057178705">
        <ele>27.845703125</ele>
        <time>2025-12-30T14:33:23Z</time>
      </trkpt>
      <trkpt lat="24.911581669294733" lon="118.5432397115893">
        <ele>25.33587646484375</ele>
        <time>2025-12-30T14:33:32Z</time>
      </trkpt>
      <trkpt lat="24.91133979850393" lon="118.54328483954474">
        <ele>26.59710693359375</ele>
        <time>2025-12-30T14:33:41Z</time>
      </trkpt>
      <trkpt lat="24.91125274906068" lon="118.54325577399565">
        <ele>27.579345703125</ele>
        <time>2025-12-30T14:33:44Z</time>
      </trkpt>
      <trkpt lat="24.91120383652718" lon="118.54329387122027">
        <ele>28.44873046875</ele>
        <time>2025-12-30T14:34:05Z</time>
      </trkpt>
      <trkpt lat="24.91091893133229" lon="118.54331995520363">
        <ele>27.3236083984375</ele>
        <time>2025-12-30T14:34:17Z</time>
      </trkpt>
      <trkpt lat="24.91065099193592" lon="118.54333100098238">
        <ele>26.271484375</ele>
        <time>2025-12-30T14:34:26Z</time>
      </trkpt>
      <trkpt lat="24.910470078581426" lon="118.54336008508903">
        <ele>29.107421875</ele>
        <time>2025-12-30T14:34:32Z</time>
      </trkpt>
      <trkpt lat="24.910294094573835" lon="118.54335608746999">
        <ele>27.7720947265625</ele>
        <time>2025-12-30T14:34:38Z</time>
      </trkpt>
      <trkpt lat="24.910243984900774" lon="118.54330095527881">
        <ele>27.969482421875</ele>
        <time>2025-12-30T14:34:41Z</time>
      </trkpt>
      <trkpt lat="24.910290683155715" lon="118.54316160860587">
        <ele>26.712890625</ele>
        <time>2025-12-30T14:34:47Z</time>
      </trkpt>
      <trkpt lat="24.910288323600508" lon="118.54299219020476">
        <ele>27.0050048828125</ele>
        <time>2025-12-30T14:34:53Z</time>
      </trkpt>
      <trkpt lat="24.910302131756815" lon="118.54290296836653">
        <ele>25.9547119140625</ele>
        <time>2025-12-30T14:34:56Z</time>
      </trkpt>
      <trkpt lat="24.910337945132426" lon="118.5428177546351">
        <ele>25.91632080078125</ele>
        <time>2025-12-30T14:34:59Z</time>
      </trkpt>
      <trkpt lat="24.91040916313584" lon="118.54245685189498">
        <ele>23.4864501953125</ele>
        <time>2025-12-30T14:35:11Z</time>
      </trkpt>
      <trkpt lat="24.91046539821998" lon="118.54210496779628">
        <ele>21.1279296875</ele>
        <time>2025-12-30T14:35:23Z</time>
      </trkpt>
      <trkpt lat="24.910480210015386" lon="118.54201875038078">
        <ele>21.28240966796875</ele>
        <time>2025-12-30T14:35:26Z</time>
      </trkpt>
      <trkpt lat="24.91051010402066" lon="118.54197162992288">
        <ele>22.20611572265625</ele>
        <time>2025-12-30T14:35:29Z</time>
      </trkpt>
    </trkseg>
  </trk>
</gpx>