<?xml version="1.0" encoding="UTF-8"?>
<gpx xmlns="http://www.topografix.com/GPX/1/1" xmlns:gpxtpx="http://www.garmin.com/xmlschemas/TrackPointExtension/v1" xmlns:xsi="http://www.w3.org/2001/XMLSchema-instance" xsi:schemaLocation="http://www.topografix.com/GPX/1/1 http://www.topografix.com/GPX/1/1/gpx.xsd" version="1.1" creator="gpx.py -- https://github.com/tkrajina/gpxpy">
  <trk>
    <name>gpx from keep</name>
    <type>Run</type>
    <trkseg>
      <trkpt lat="24.911286892221803" lon="118.53745484334439">
        <ele>27.8006591796875</ele>
        <time>2026-01-18T12:04:55Z</time>
        <extensions>
          <gpxtpx:TrackPointExtension>
            <gpxtpx:hr>108</gpxtpx:hr>
          </gpxtpx:TrackPointExtension>
        </extensions>
      </trkpt>
      <trkpt lat="24.911141506639442" lon="118.53771254284342">
        <ele>22.84552001953125</ele>
        <time>2026-01-18T12:05:04Z</time>
        <extensions>
          <gpxtpx:TrackPointExtension>
            <gpxtpx:hr>111</gpxtpx:hr>
          </gpxtpx:TrackPointExtension>
        </extensions>
      </trkpt>
      <trkpt lat="24.911019180123645" lon="118.53799831306756">
        <ele>22.9739990234375</ele>
        <time>2026-01-18T12:05:13Z</time>
        <extensions>
          <gpxtpx:TrackPointExtension>
            <gpxtpx:hr>121</gpxtpx:hr>
          </gpxtpx:TrackPointExtension>
        </extensions>
      </trkpt>
      <trkpt lat="24.910871845328025" lon="118.53828007147332">
        <ele>20.21484375</ele>
        <time>2026-01-18T12:05:22Z</time>
        <extensions>
          <gpxtpx:TrackPointExtension>
            <gpxtpx:hr>129</gpxtpx:hr>
          </gpxtpx:TrackPointExtension>
        </extensions>
      </trkpt>
      <trkpt lat="24.91082407850735" lon="118.53837933769944">
        <ele>19.63970947265625</ele>
        <time>2026-01-18T12:05:25Z</time>
        <extensions>
          <gpxtpx:TrackPointExtension>
            <gpxtpx:hr>131</gpxtpx:hr>
          </gpxtpx:TrackPointExtension>
        </extensions>
      </trkpt>
      <trkpt lat="24.910800303466196" lon="118.53847659659753">
        <ele>20.09698486328125</ele>
        <time>2026-01-18T12:05:28Z</time>
        <extensions>
          <gpxtpx:TrackPointExtension>
            <gpxtpx:hr>135</gpxtpx:hr>
          </gpxtpx:TrackPointExtension>
        </extensions>
      </trkpt>
      <trkpt lat="24.910796543578968" lon="118.53858187493105">
        <ele>22.38714599609375</ele>
        <time>2026-01-18T12:05:31Z</time>
        <extensions>
          <gpxtpx:TrackPointExtension>
            <gpxtpx:hr>134</gpxtpx:hr>
          </gpxtpx:TrackPointExtension>
        </extensions>
      </trkpt>
      <trkpt lat="24.910846753058564" lon="118.53867712267547">
        <ele>22.11529541015625</ele>
        <time>2026-01-18T12:05:34Z</time>
        <extensions>
          <gpxtpx:TrackPointExtension>
            <gpxtpx:hr>137</gpxtpx:hr>
          </gpxtpx:TrackPointExtension>
        </extensions>
      </trkpt>
      <trkpt lat="24.910945825778782" lon="118.53871521617828">
        <ele>21.219482421875</ele>
        <time>2026-01-18T12:05:37Z</time>
        <extensions>
          <gpxtpx:TrackPointExtension>
            <gpxtpx:hr>139</gpxtpx:hr>
          </gpxtpx:TrackPointExtension>
        </extensions>
      </trkpt>
      <trkpt lat="24.91112586216177" lon="118.53874227494421">
        <ele>20.0546875</ele>
        <time>2026-01-18T12:05:43Z</time>
        <extensions>
          <gpxtpx:TrackPointExtension>
            <gpxtpx:hr>140</gpxtpx:hr>
          </gpxtpx:TrackPointExtension>
        </extensions>
      </trkpt>
      <trkpt lat="24.91120495804001" lon="118.53878939349973">
        <ele>19.6243896484375</ele>
        <time>2026-01-18T12:05:46Z</time>
        <extensions>
          <gpxtpx:TrackPointExtension>
            <gpxtpx:hr>140</gpxtpx:hr>
          </gpxtpx:TrackPointExtension>
        </extensions>
      </trkpt>
      <trkpt lat="24.91121219556145" lon="118.53889466987171">
        <ele>21.9931640625</ele>
        <time>2026-01-18T12:05:49Z</time>
        <extensions>
          <gpxtpx:TrackPointExtension>
            <gpxtpx:hr>139</gpxtpx:hr>
          </gpxtpx:TrackPointExtension>
        </extensions>
      </trkpt>
      <trkpt lat="24.91113691269246" lon="118.53920749544646">
        <ele>23.1673583984375</ele>
        <time>2026-01-18T12:05:58Z</time>
        <extensions>
          <gpxtpx:TrackPointExtension>
            <gpxtpx:hr>142</gpxtpx:hr>
          </gpxtpx:TrackPointExtension>
        </extensions>
      </trkpt>
      <trkpt lat="24.91105962916873" lon="118.5395213201848">
        <ele>22.95477294921875</ele>
        <time>2026-01-18T12:06:07Z</time>
        <extensions>
          <gpxtpx:TrackPointExtension>
            <gpxtpx:hr>145</gpxtpx:hr>
          </gpxtpx:TrackPointExtension>
        </extensions>
      </trkpt>
      <trkpt lat="24.91095733694663" lon="118.53983113263308">
        <ele>22.3321533203125</ele>
        <time>2026-01-18T12:06:16Z</time>
        <extensions>
          <gpxtpx:TrackPointExtension>
            <gpxtpx:hr>146</gpxtpx:hr>
          </gpxtpx:TrackPointExtension>
        </extensions>
      </trkpt>
      <trkpt lat="24.910896783655488" lon="118.54002764582846">
        <ele>21.5704345703125</ele>
        <time>2026-01-18T12:06:22Z</time>
        <extensions>
          <gpxtpx:TrackPointExtension>
            <gpxtpx:hr>148</gpxtpx:hr>
          </gpxtpx:TrackPointExtension>
        </extensions>
      </trkpt>
      <trkpt lat="24.910858455139504" lon="118.54032742218274">
        <ele>23.71466064453125</ele>
        <time>2026-01-18T12:06:31Z</time>
        <extensions>
          <gpxtpx:TrackPointExtension>
            <gpxtpx:hr>150</gpxtpx:hr>
          </gpxtpx:TrackPointExtension>
        </extensions>
      </trkpt>
      <trkpt lat="24.910766224057884" lon="118.54066930686997">
        <ele>22.34674072265625</ele>
        <time>2026-01-18T12:06:43Z</time>
        <extensions>
          <gpxtpx:TrackPointExtension>
            <gpxtpx:hr>150</gpxtpx:hr>
          </gpxtpx:TrackPointExtension>
        </extensions>
      </trkpt>
      <trkpt lat="24.910728871397048" lon="118.5409610554868">
        <ele>22.56610107421875</ele>
        <time>2026-01-18T12:06:52Z</time>
        <extensions>
          <gpxtpx:TrackPointExtension>
            <gpxtpx:hr>150</gpxtpx:hr>
          </gpxtpx:TrackPointExtension>
        </extensions>
      </trkpt>
      <trkpt lat="24.91066732403104" lon="118.54116357573679">
        <ele>23.06304931640625</ele>
        <time>2026-01-18T12:06:58Z</time>
        <extensions>
          <gpxtpx:TrackPointExtension>
            <gpxtpx:hr>152</gpxtpx:hr>
          </gpxtpx:TrackPointExtension>
        </extensions>
      </trkpt>
      <trkpt lat="24.91067370017885" lon="118.5413360134057">
        <ele>24.88433837890625</ele>
        <time>2026-01-18T12:07:04Z</time>
        <extensions>
          <gpxtpx:TrackPointExtension>
            <gpxtpx:hr>153</gpxtpx:hr>
          </gpxtpx:TrackPointExtension>
        </extensions>
      </trkpt>
      <trkpt lat="24.910574582557537" lon="118.54173502974393">
        <ele>20.607177734375</ele>
        <time>2026-01-18T12:07:16Z</time>
        <extensions>
          <gpxtpx:TrackPointExtension>
            <gpxtpx:hr>152</gpxtpx:hr>
          </gpxtpx:TrackPointExtension>
        </extensions>
      </trkpt>
      <trkpt lat="24.910463234033937" lon="118.54202877673795">
        <ele>15.94635009765625</ele>
        <time>2026-01-18T12:07:25Z</time>
        <extensions>
          <gpxtpx:TrackPointExtension>
            <gpxtpx:hr>152</gpxtpx:hr>
          </gpxtpx:TrackPointExtension>
        </extensions>
      </trkpt>
      <trkpt lat="24.9103709359505" lon="118.54234858423749">
        <ele>18.59881591796875</ele>
        <time>2026-01-18T12:07:34Z</time>
        <extensions>
          <gpxtpx:TrackPointExtension>
            <gpxtpx:hr>150</gpxtpx:hr>
          </gpxtpx:TrackPointExtension>
        </extensions>
      </trkpt>
      <trkpt lat="24.910291630411376" lon="118.54266738439456">
        <ele>18.7215576171875</ele>
        <time>2026-01-18T12:07:43Z</time>
        <extensions>
          <gpxtpx:TrackPointExtension>
            <gpxtpx:hr>148</gpxtpx:hr>
          </gpxtpx:TrackPointExtension>
        </extensions>
      </trkpt>
      <trkpt lat="24.91023514107091" lon="118.54290297302785">
        <ele>24.1517333984375</ele>
        <time>2026-01-18T12:07:49Z</time>
        <extensions>
          <gpxtpx:TrackPointExtension>
            <gpxtpx:hr>149</gpxtpx:hr>
          </gpxtpx:TrackPointExtension>
        </extensions>
      </trkpt>
      <trkpt lat="24.910219616458253" lon="118.5431255244825">
        <ele>26.69091796875</ele>
        <time>2026-01-18T12:07:55Z</time>
        <extensions>
          <gpxtpx:TrackPointExtension>
            <gpxtpx:hr>153</gpxtpx:hr>
          </gpxtpx:TrackPointExtension>
        </extensions>
      </trkpt>
      <trkpt lat="24.91023216676128" lon="118.5433861657342">
        <ele>26.549560546875</ele>
        <time>2026-01-18T12:08:04Z</time>
        <extensions>
          <gpxtpx:TrackPointExtension>
            <gpxtpx:hr>155</gpxtpx:hr>
          </gpxtpx:TrackPointExtension>
        </extensions>
      </trkpt>
      <trkpt lat="24.91029922310151" lon="118.54341723745264">
        <ele>24.72119140625</ele>
        <time>2026-01-18T12:08:07Z</time>
        <extensions>
          <gpxtpx:TrackPointExtension>
            <gpxtpx:hr>155</gpxtpx:hr>
          </gpxtpx:TrackPointExtension>
        </extensions>
      </trkpt>
      <trkpt lat="24.91057309392593" lon="118.54337411243684">
        <ele>26.90069580078125</ele>
        <time>2026-01-18T12:08:16Z</time>
        <extensions>
          <gpxtpx:TrackPointExtension>
            <gpxtpx:hr>162</gpxtpx:hr>
          </gpxtpx:TrackPointExtension>
        </extensions>
      </trkpt>
      <trkpt lat="24.910856959042373" lon="118.54332898171864">
        <ele>22.96484375</ele>
        <time>2026-01-18T12:08:25Z</time>
        <extensions>
          <gpxtpx:TrackPointExtension>
            <gpxtpx:hr>154</gpxtpx:hr>
          </gpxtpx:TrackPointExtension>
        </extensions>
      </trkpt>
      <trkpt lat="24.91112684724201" lon="118.54329387657691">
        <ele>21.37152099609375</ele>
        <time>2026-01-18T12:08:34Z</time>
        <extensions>
          <gpxtpx:TrackPointExtension>
            <gpxtpx:hr>155</gpxtpx:hr>
          </gpxtpx:TrackPointExtension>
        </extensions>
      </trkpt>
      <trkpt lat="24.91147265898361" lon="118.54322768952684">
        <ele>17.1964111328125</ele>
        <time>2026-01-18T12:08:46Z</time>
        <extensions>
          <gpxtpx:TrackPointExtension>
            <gpxtpx:hr>155</gpxtpx:hr>
          </gpxtpx:TrackPointExtension>
        </extensions>
      </trkpt>
      <trkpt lat="24.91176051689836" lon="118.54317955085239">
        <ele>16.0445556640625</ele>
        <time>2026-01-18T12:08:55Z</time>
        <extensions>
          <gpxtpx:TrackPointExtension>
            <gpxtpx:hr>156</gpxtpx:hr>
          </gpxtpx:TrackPointExtension>
        </extensions>
      </trkpt>
      <trkpt lat="24.911825393013075" lon="118.5431254127538">
        <ele>17.126708984375</ele>
        <time>2026-01-18T12:08:58Z</time>
        <extensions>
          <gpxtpx:TrackPointExtension>
            <gpxtpx:hr>155</gpxtpx:hr>
          </gpxtpx:TrackPointExtension>
        </extensions>
      </trkpt>
      <trkpt lat="24.911899331637944" lon="118.5431013482014">
        <ele>17.18121337890625</ele>
        <time>2026-01-18T12:09:01Z</time>
        <extensions>
          <gpxtpx:TrackPointExtension>
            <gpxtpx:hr>154</gpxtpx:hr>
          </gpxtpx:TrackPointExtension>
        </extensions>
      </trkpt>
      <trkpt lat="24.912099312295336" lon="118.54310534418919">
        <ele>17.1572265625</ele>
        <time>2026-01-18T12:09:07Z</time>
        <extensions>
          <gpxtpx:TrackPointExtension>
            <gpxtpx:hr>157</gpxtpx:hr>
          </gpxtpx:TrackPointExtension>
        </extensions>
      </trkpt>
      <trkpt lat="24.91237810732155" lon="118.54302713157067">
        <ele>18.651611328125</ele>
        <time>2026-01-18T12:09:16Z</time>
        <extensions>
          <gpxtpx:TrackPointExtension>
            <gpxtpx:hr>158</gpxtpx:hr>
          </gpxtpx:TrackPointExtension>
        </extensions>
      </trkpt>
      <trkpt lat="24.91265490240343" lon="118.54294891885205">
        <ele>18.895751953125</ele>
        <time>2026-01-18T12:09:25Z</time>
        <extensions>
          <gpxtpx:TrackPointExtension>
            <gpxtpx:hr>158</gpxtpx:hr>
          </gpxtpx:TrackPointExtension>
        </extensions>
      </trkpt>
      <trkpt lat="24.912950668975316" lon="118.5428586747537">
        <ele>20.65997314453125</ele>
        <time>2026-01-18T12:09:34Z</time>
        <extensions>
          <gpxtpx:TrackPointExtension>
            <gpxtpx:hr>156</gpxtpx:hr>
          </gpxtpx:TrackPointExtension>
        </extensions>
      </trkpt>
      <trkpt lat="24.913241459487224" lon="118.5427794580584">
        <ele>19.313720703125</ele>
        <time>2026-01-18T12:09:43Z</time>
        <extensions>
          <gpxtpx:TrackPointExtension>
            <gpxtpx:hr>158</gpxtpx:hr>
          </gpxtpx:TrackPointExtension>
        </extensions>
      </trkpt>
      <trkpt lat="24.91353230331547" lon="118.542725303389">
        <ele>19.6461181640625</ele>
        <time>2026-01-18T12:09:52Z</time>
        <extensions>
          <gpxtpx:TrackPointExtension>
            <gpxtpx:hr>158</gpxtpx:hr>
          </gpxtpx:TrackPointExtension>
        </extensions>
      </trkpt>
      <trkpt lat="24.913802100657605" lon="118.54264809272998">
        <ele>20.47509765625</ele>
        <time>2026-01-18T12:10:01Z</time>
        <extensions>
          <gpxtpx:TrackPointExtension>
            <gpxtpx:hr>162</gpxtpx:hr>
          </gpxtpx:TrackPointExtension>
        </extensions>
      </trkpt>
      <trkpt lat="24.914085910856183" lon="118.54257789833828">
        <ele>21.28131103515625</ele>
        <time>2026-01-18T12:10:10Z</time>
        <extensions>
          <gpxtpx:TrackPointExtension>
            <gpxtpx:hr>162</gpxtpx:hr>
          </gpxtpx:TrackPointExtension>
        </extensions>
      </trkpt>
      <trkpt lat="24.914350702036515" lon="118.54249768008738">
        <ele>22.42718505859375</ele>
        <time>2026-01-18T12:10:19Z</time>
        <extensions>
          <gpxtpx:TrackPointExtension>
            <gpxtpx:hr>162</gpxtpx:hr>
          </gpxtpx:TrackPointExtension>
        </extensions>
      </trkpt>
      <trkpt lat="24.914611495696743" lon="118.54241846436749">
        <ele>20.9521484375</ele>
        <time>2026-01-18T12:10:28Z</time>
        <extensions>
          <gpxtpx:TrackPointExtension>
            <gpxtpx:hr>162</gpxtpx:hr>
          </gpxtpx:TrackPointExtension>
        </extensions>
      </trkpt>
      <trkpt lat="24.91494925467264" lon="118.5423282154848">
        <ele>22.82391357421875</ele>
        <time>2026-01-18T12:10:40Z</time>
        <extensions>
          <gpxtpx:TrackPointExtension>
            <gpxtpx:hr>160</gpxtpx:hr>
          </gpxtpx:TrackPointExtension>
        </extensions>
      </trkpt>
      <trkpt lat="24.915242043379788" lon="118.54224899701796">
        <ele>22.93670654296875</ele>
        <time>2026-01-18T12:10:49Z</time>
        <extensions>
          <gpxtpx:TrackPointExtension>
            <gpxtpx:hr>157</gpxtpx:hr>
          </gpxtpx:TrackPointExtension>
        </extensions>
      </trkpt>
      <trkpt lat="24.915497772203135" lon="118.54213970551">
        <ele>24.54730224609375</ele>
        <time>2026-01-18T12:10:58Z</time>
        <extensions>
          <gpxtpx:TrackPointExtension>
            <gpxtpx:hr>160</gpxtpx:hr>
          </gpxtpx:TrackPointExtension>
        </extensions>
      </trkpt>
      <trkpt lat="24.915742534622357" lon="118.54204545206171">
        <ele>26.03936767578125</ele>
        <time>2026-01-18T12:11:07Z</time>
        <extensions>
          <gpxtpx:TrackPointExtension>
            <gpxtpx:hr>160</gpxtpx:hr>
          </gpxtpx:TrackPointExtension>
        </extensions>
      </trkpt>
      <trkpt lat="24.915934431990646" lon="118.54201035059093">
        <ele>20.68890380859375</ele>
        <time>2026-01-18T12:11:13Z</time>
        <extensions>
          <gpxtpx:TrackPointExtension>
            <gpxtpx:hr>162</gpxtpx:hr>
          </gpxtpx:TrackPointExtension>
        </extensions>
      </trkpt>
      <trkpt lat="24.91619214877234" lon="118.54189604532769">
        <ele>19.33685302734375</ele>
        <time>2026-01-18T12:11:22Z</time>
        <extensions>
          <gpxtpx:TrackPointExtension>
            <gpxtpx:hr>160</gpxtpx:hr>
          </gpxtpx:TrackPointExtension>
        </extensions>
      </trkpt>
      <trkpt lat="24.91627002715718" lon="118.54184491120489">
        <ele>20.01300048828125</ele>
        <time>2026-01-18T12:11:25Z</time>
        <extensions>
          <gpxtpx:TrackPointExtension>
            <gpxtpx:hr>159</gpxtpx:hr>
          </gpxtpx:TrackPointExtension>
        </extensions>
      </trkpt>
      <trkpt lat="24.916331840301915" lon="118.54176269976041">
        <ele>18.8084716796875</ele>
        <time>2026-01-18T12:11:28Z</time>
        <extensions>
          <gpxtpx:TrackPointExtension>
            <gpxtpx:hr>160</gpxtpx:hr>
          </gpxtpx:TrackPointExtension>
        </extensions>
      </trkpt>
      <trkpt lat="24.916362633602727" lon="118.54166946237551">
        <ele>18.4364013671875</ele>
        <time>2026-01-18T12:11:31Z</time>
        <extensions>
          <gpxtpx:TrackPointExtension>
            <gpxtpx:hr>160</gpxtpx:hr>
          </gpxtpx:TrackPointExtension>
        </extensions>
      </trkpt>
      <trkpt lat="24.916312998794485" lon="118.54137471998591">
        <ele>17.77703857421875</ele>
        <time>2026-01-18T12:11:40Z</time>
        <extensions>
          <gpxtpx:TrackPointExtension>
            <gpxtpx:hr>161</gpxtpx:hr>
          </gpxtpx:TrackPointExtension>
        </extensions>
      </trkpt>
      <trkpt lat="24.91629332609139" lon="118.54106593645442">
        <ele>17.62518310546875</ele>
        <time>2026-01-18T12:11:49Z</time>
        <extensions>
          <gpxtpx:TrackPointExtension>
            <gpxtpx:hr>164</gpxtpx:hr>
          </gpxtpx:TrackPointExtension>
        </extensions>
      </trkpt>
      <trkpt lat="24.91632064803042" lon="118.54075915117775">
        <ele>17.1514892578125</ele>
        <time>2026-01-18T12:11:58Z</time>
        <extensions>
          <gpxtpx:TrackPointExtension>
            <gpxtpx:hr>164</gpxtpx:hr>
          </gpxtpx:TrackPointExtension>
        </extensions>
      </trkpt>
      <trkpt lat="24.9163294434724" lon="118.54066691434794">
        <ele>17.79766845703125</ele>
        <time>2026-01-18T12:12:01Z</time>
        <extensions>
          <gpxtpx:TrackPointExtension>
            <gpxtpx:hr>165</gpxtpx:hr>
          </gpxtpx:TrackPointExtension>
        </extensions>
      </trkpt>
      <trkpt lat="24.916358226975124" lon="118.54057066551508">
        <ele>18.16400146484375</ele>
        <time>2026-01-18T12:12:04Z</time>
        <extensions>
          <gpxtpx:TrackPointExtension>
            <gpxtpx:hr>165</gpxtpx:hr>
          </gpxtpx:TrackPointExtension>
        </extensions>
      </trkpt>
      <trkpt lat="24.916468792303707" lon="118.54038117085658">
        <ele>21.30609130859375</ele>
        <time>2026-01-18T12:12:10Z</time>
        <extensions>
          <gpxtpx:TrackPointExtension>
            <gpxtpx:hr>166</gpxtpx:hr>
          </gpxtpx:TrackPointExtension>
        </extensions>
      </trkpt>
      <trkpt lat="24.916569083649723" lon="118.54006835706802">
        <ele>25.09478759765625</ele>
        <time>2026-01-18T12:12:19Z</time>
        <extensions>
          <gpxtpx:TrackPointExtension>
            <gpxtpx:hr>165</gpxtpx:hr>
          </gpxtpx:TrackPointExtension>
        </extensions>
      </trkpt>
      <trkpt lat="24.916696397124316" lon="118.53976857159746">
        <ele>22.21392822265625</ele>
        <time>2026-01-18T12:12:28Z</time>
        <extensions>
          <gpxtpx:TrackPointExtension>
            <gpxtpx:hr>168</gpxtpx:hr>
          </gpxtpx:TrackPointExtension>
        </extensions>
      </trkpt>
      <trkpt lat="24.916815760529165" lon="118.53949184346574">
        <ele>20.8388671875</ele>
        <time>2026-01-18T12:12:37Z</time>
        <extensions>
          <gpxtpx:TrackPointExtension>
            <gpxtpx:hr>167</gpxtpx:hr>
          </gpxtpx:TrackPointExtension>
        </extensions>
      </trkpt>
      <trkpt lat="24.916936096436515" lon="118.53920408358525">
        <ele>17.79144287109375</ele>
        <time>2026-01-18T12:12:46Z</time>
        <extensions>
          <gpxtpx:TrackPointExtension>
            <gpxtpx:hr>167</gpxtpx:hr>
          </gpxtpx:TrackPointExtension>
        </extensions>
      </trkpt>
      <trkpt lat="24.91704143628767" lon="118.53891832698174">
        <ele>16.39788818359375</ele>
        <time>2026-01-18T12:12:55Z</time>
        <extensions>
          <gpxtpx:TrackPointExtension>
            <gpxtpx:hr>168</gpxtpx:hr>
          </gpxtpx:TrackPointExtension>
        </extensions>
      </trkpt>
      <trkpt lat="24.917172792636208" lon="118.53864259203064">
        <ele>20.24005126953125</ele>
        <time>2026-01-18T12:13:04Z</time>
        <extensions>
          <gpxtpx:TrackPointExtension>
            <gpxtpx:hr>166</gpxtpx:hr>
          </gpxtpx:TrackPointExtension>
        </extensions>
      </trkpt>
      <trkpt lat="24.91728312889432" lon="118.53835783189304">
        <ele>18.96417236328125</ele>
        <time>2026-01-18T12:13:13Z</time>
        <extensions>
          <gpxtpx:TrackPointExtension>
            <gpxtpx:hr>167</gpxtpx:hr>
          </gpxtpx:TrackPointExtension>
        </extensions>
      </trkpt>
      <trkpt lat="24.917413441384234" lon="118.53806504611278">
        <ele>18.2962646484375</ele>
        <time>2026-01-18T12:13:22Z</time>
        <extensions>
          <gpxtpx:TrackPointExtension>
            <gpxtpx:hr>166</gpxtpx:hr>
          </gpxtpx:TrackPointExtension>
        </extensions>
      </trkpt>
      <trkpt lat="24.917558804368372" lon="118.53779632040929">
        <ele>20.016357421875</ele>
        <time>2026-01-18T12:13:31Z</time>
        <extensions>
          <gpxtpx:TrackPointExtension>
            <gpxtpx:hr>165</gpxtpx:hr>
          </gpxtpx:TrackPointExtension>
        </extensions>
      </trkpt>
      <trkpt lat="24.917665142760384" lon="118.53751556262607">
        <ele>22.88983154296875</ele>
        <time>2026-01-18T12:13:40Z</time>
        <extensions>
          <gpxtpx:TrackPointExtension>
            <gpxtpx:hr>166</gpxtpx:hr>
          </gpxtpx:TrackPointExtension>
        </extensions>
      </trkpt>
      <trkpt lat="24.917793466293613" lon="118.53723078972497">
        <ele>19.5833740234375</ele>
        <time>2026-01-18T12:13:49Z</time>
        <extensions>
          <gpxtpx:TrackPointExtension>
            <gpxtpx:hr>167</gpxtpx:hr>
          </gpxtpx:TrackPointExtension>
        </extensions>
      </trkpt>
      <trkpt lat="24.91790782188429" lon="118.5369600527947">
        <ele>18.01824951171875</ele>
        <time>2026-01-18T12:13:58Z</time>
        <extensions>
          <gpxtpx:TrackPointExtension>
            <gpxtpx:hr>163</gpxtpx:hr>
          </gpxtpx:TrackPointExtension>
        </extensions>
      </trkpt>
      <trkpt lat="24.918049145665265" lon="118.53667828154383">
        <ele>18.0584716796875</ele>
        <time>2026-01-18T12:14:07Z</time>
        <extensions>
          <gpxtpx:TrackPointExtension>
            <gpxtpx:hr>164</gpxtpx:hr>
          </gpxtpx:TrackPointExtension>
        </extensions>
      </trkpt>
      <trkpt lat="24.918193431324617" lon="118.53638146643345">
        <ele>20.05914306640625</ele>
        <time>2026-01-18T12:14:16Z</time>
        <extensions>
          <gpxtpx:TrackPointExtension>
            <gpxtpx:hr>166</gpxtpx:hr>
          </gpxtpx:TrackPointExtension>
        </extensions>
      </trkpt>
      <trkpt lat="24.918337777930294" lon="118.53611172208888">
        <ele>20.941162109375</ele>
        <time>2026-01-18T12:14:25Z</time>
        <extensions>
          <gpxtpx:TrackPointExtension>
            <gpxtpx:hr>165</gpxtpx:hr>
          </gpxtpx:TrackPointExtension>
        </extensions>
      </trkpt>
      <trkpt lat="24.918423336284892" lon="118.53592921789266">
        <ele>21.1163330078125</ele>
        <time>2026-01-18T12:14:31Z</time>
        <extensions>
          <gpxtpx:TrackPointExtension>
            <gpxtpx:hr>165</gpxtpx:hr>
          </gpxtpx:TrackPointExtension>
        </extensions>
      </trkpt>
      <trkpt lat="24.918446094221437" lon="118.53582793931893">
        <ele>21.0325927734375</ele>
        <time>2026-01-18T12:14:34Z</time>
        <extensions>
          <gpxtpx:TrackPointExtension>
            <gpxtpx:hr>164</gpxtpx:hr>
          </gpxtpx:TrackPointExtension>
        </extensions>
      </trkpt>
      <trkpt lat="24.918577426203612" lon="118.53555317695142">
        <ele>21.60638427734375</ele>
        <time>2026-01-18T12:14:43Z</time>
        <extensions>
          <gpxtpx:TrackPointExtension>
            <gpxtpx:hr>169</gpxtpx:hr>
          </gpxtpx:TrackPointExtension>
        </extensions>
      </trkpt>
      <trkpt lat="24.91867999334877" lon="118.53537668461875">
        <ele>22.8568115234375</ele>
        <time>2026-01-18T12:14:49Z</time>
        <extensions>
          <gpxtpx:TrackPointExtension>
            <gpxtpx:hr>168</gpxtpx:hr>
          </gpxtpx:TrackPointExtension>
        </extensions>
      </trkpt>
      <trkpt lat="24.91871375995813" lon="118.53528041717176">
        <ele>23.81463623046875</ele>
        <time>2026-01-18T12:14:52Z</time>
        <extensions>
          <gpxtpx:TrackPointExtension>
            <gpxtpx:hr>168</gpxtpx:hr>
          </gpxtpx:TrackPointExtension>
        </extensions>
      </trkpt>
      <trkpt lat="24.918743041893702" lon="118.53498058745713">
        <ele>26.42010498046875</ele>
        <time>2026-01-18T12:15:01Z</time>
        <extensions>
          <gpxtpx:TrackPointExtension>
            <gpxtpx:hr>167</gpxtpx:hr>
          </gpxtpx:TrackPointExtension>
        </extensions>
      </trkpt>
      <trkpt lat="24.918807917929968" lon="118.5349324497764">
        <ele>26.631103515625</ele>
        <time>2026-01-18T12:15:04Z</time>
        <extensions>
          <gpxtpx:TrackPointExtension>
            <gpxtpx:hr>167</gpxtpx:hr>
          </gpxtpx:TrackPointExtension>
        </extensions>
      </trkpt>
      <trkpt lat="24.918857918100006" lon="118.53493545461266">
        <ele>26.37701416015625</ele>
        <time>2026-01-18T12:15:07Z</time>
        <extensions>
          <gpxtpx:TrackPointExtension>
            <gpxtpx:hr>170</gpxtpx:hr>
          </gpxtpx:TrackPointExtension>
        </extensions>
      </trkpt>
      <trkpt lat="24.91887801339833" lon="118.5349765669479">
        <ele>25.6871337890625</ele>
        <time>2026-01-18T12:16:29Z</time>
        <extensions>
          <gpxtpx:TrackPointExtension>
            <gpxtpx:hr>121</gpxtpx:hr>
          </gpxtpx:TrackPointExtension>
        </extensions>
      </trkpt>
      <trkpt lat="24.919193105528393" lon="118.53503370299354">
        <ele>23.40753173828125</ele>
        <time>2026-01-18T12:16:38Z</time>
        <extensions>
          <gpxtpx:TrackPointExtension>
            <gpxtpx:hr>123</gpxtpx:hr>
          </gpxtpx:TrackPointExtension>
        </extensions>
      </trkpt>
      <trkpt lat="24.919306137481612" lon="118.53505375053017">
        <ele>22.4356689453125</ele>
        <time>2026-01-18T12:16:41Z</time>
        <extensions>
          <gpxtpx:TrackPointExtension>
            <gpxtpx:hr>127</gpxtpx:hr>
          </gpxtpx:TrackPointExtension>
        </extensions>
      </trkpt>
      <trkpt lat="24.919505066545685" lon="118.535035686773">
        <ele>21.5833740234375</ele>
        <time>2026-01-18T12:16:47Z</time>
        <extensions>
          <gpxtpx:TrackPointExtension>
            <gpxtpx:hr>132</gpxtpx:hr>
          </gpxtpx:TrackPointExtension>
        </extensions>
      </trkpt>
      <trkpt lat="24.91980715559681" lon="118.53509081807276">
        <ele>21.6981201171875</ele>
        <time>2026-01-18T12:16:56Z</time>
        <extensions>
          <gpxtpx:TrackPointExtension>
            <gpxtpx:hr>141</gpxtpx:hr>
          </gpxtpx:TrackPointExtension>
        </extensions>
      </trkpt>
      <trkpt lat="24.91999523906127" lon="118.5351369323129">
        <ele>21.8961181640625</ele>
        <time>2026-01-18T12:17:02Z</time>
        <extensions>
          <gpxtpx:TrackPointExtension>
            <gpxtpx:hr>147</gpxtpx:hr>
          </gpxtpx:TrackPointExtension>
        </extensions>
      </trkpt>
      <trkpt lat="24.920323412523903" lon="118.535229163925">
        <ele>22.8272705078125</ele>
        <time>2026-01-18T12:17:14Z</time>
        <extensions>
          <gpxtpx:TrackPointExtension>
            <gpxtpx:hr>157</gpxtpx:hr>
          </gpxtpx:TrackPointExtension>
        </extensions>
      </trkpt>
      <trkpt lat="24.920604463660112" lon="118.53526724935628">
        <ele>22.5711669921875</ele>
        <time>2026-01-18T12:17:23Z</time>
        <extensions>
          <gpxtpx:TrackPointExtension>
            <gpxtpx:hr>160</gpxtpx:hr>
          </gpxtpx:TrackPointExtension>
        </extensions>
      </trkpt>
      <trkpt lat="24.920883591238866" lon="118.53533742324555">
        <ele>22.57781982421875</ele>
        <time>2026-01-18T12:17:32Z</time>
        <extensions>
          <gpxtpx:TrackPointExtension>
            <gpxtpx:hr>164</gpxtpx:hr>
          </gpxtpx:TrackPointExtension>
        </extensions>
      </trkpt>
      <trkpt lat="24.921176716692777" lon="118.5354075959908">
        <ele>23.582275390625</ele>
        <time>2026-01-18T12:17:41Z</time>
        <extensions>
          <gpxtpx:TrackPointExtension>
            <gpxtpx:hr>166</gpxtpx:hr>
          </gpxtpx:TrackPointExtension>
        </extensions>
      </trkpt>
      <trkpt lat="24.92145386800405" lon="118.53548779724397">
        <ele>24.5587158203125</ele>
        <time>2026-01-18T12:17:50Z</time>
        <extensions>
          <gpxtpx:TrackPointExtension>
            <gpxtpx:hr>165</gpxtpx:hr>
          </gpxtpx:TrackPointExtension>
        </extensions>
      </trkpt>
      <trkpt lat="24.921725010457568" lon="118.53556398768363">
        <ele>23.4676513671875</ele>
        <time>2026-01-18T12:17:59Z</time>
        <extensions>
          <gpxtpx:TrackPointExtension>
            <gpxtpx:hr>164</gpxtpx:hr>
          </gpxtpx:TrackPointExtension>
        </extensions>
      </trkpt>
      <trkpt lat="24.922000216197524" lon="118.53566725189866">
        <ele>23.4552001953125</ele>
        <time>2026-01-18T12:18:08Z</time>
        <extensions>
          <gpxtpx:TrackPointExtension>
            <gpxtpx:hr>167</gpxtpx:hr>
          </gpxtpx:TrackPointExtension>
        </extensions>
      </trkpt>
      <trkpt lat="24.922275419236335" lon="118.53576951300212">
        <ele>22.6158447265625</ele>
        <time>2026-01-18T12:18:17Z</time>
        <extensions>
          <gpxtpx:TrackPointExtension>
            <gpxtpx:hr>162</gpxtpx:hr>
          </gpxtpx:TrackPointExtension>
        </extensions>
      </trkpt>
      <trkpt lat="24.92254556351772" lon="118.53584670551965">
        <ele>23.436767578125</ele>
        <time>2026-01-18T12:18:26Z</time>
        <extensions>
          <gpxtpx:TrackPointExtension>
            <gpxtpx:hr>163</gpxtpx:hr>
          </gpxtpx:TrackPointExtension>
        </extensions>
      </trkpt>
      <trkpt lat="24.92286082885452" lon="118.53597804264597">
        <ele>21.53961181640625</ele>
        <time>2026-01-18T12:18:38Z</time>
        <extensions>
          <gpxtpx:TrackPointExtension>
            <gpxtpx:hr>164</gpxtpx:hr>
          </gpxtpx:TrackPointExtension>
        </extensions>
      </trkpt>
      <trkpt lat="24.92311900970082" lon="118.53607027648594">
        <ele>24.58160400390625</ele>
        <time>2026-01-18T12:18:47Z</time>
        <extensions>
          <gpxtpx:TrackPointExtension>
            <gpxtpx:hr>167</gpxtpx:hr>
          </gpxtpx:TrackPointExtension>
        </extensions>
      </trkpt>
      <trkpt lat="24.923379197065277" lon="118.53616551809003">
        <ele>26.71051025390625</ele>
        <time>2026-01-18T12:18:56Z</time>
        <extensions>
          <gpxtpx:TrackPointExtension>
            <gpxtpx:hr>169</gpxtpx:hr>
          </gpxtpx:TrackPointExtension>
        </extensions>
      </trkpt>
      <trkpt lat="24.923643449451983" lon="118.53628883550249">
        <ele>26.563720703125</ele>
        <time>2026-01-18T12:19:05Z</time>
        <extensions>
          <gpxtpx:TrackPointExtension>
            <gpxtpx:hr>168</gpxtpx:hr>
          </gpxtpx:TrackPointExtension>
        </extensions>
      </trkpt>
      <trkpt lat="24.92389368219779" lon="118.53640312884767">
        <ele>26.58984375</ele>
        <time>2026-01-18T12:19:14Z</time>
        <extensions>
          <gpxtpx:TrackPointExtension>
            <gpxtpx:hr>167</gpxtpx:hr>
          </gpxtpx:TrackPointExtension>
        </extensions>
      </trkpt>
      <trkpt lat="24.92413400034317" lon="118.5365535203385">
        <ele>28.9815673828125</ele>
        <time>2026-01-18T12:19:23Z</time>
        <extensions>
          <gpxtpx:TrackPointExtension>
            <gpxtpx:hr>170</gpxtpx:hr>
          </gpxtpx:TrackPointExtension>
        </extensions>
      </trkpt>
      <trkpt lat="24.924398246550588" lon="118.53667483065705">
        <ele>29.69464111328125</ele>
        <time>2026-01-18T12:19:32Z</time>
        <extensions>
          <gpxtpx:TrackPointExtension>
            <gpxtpx:hr>169</gpxtpx:hr>
          </gpxtpx:TrackPointExtension>
        </extensions>
      </trkpt>
      <trkpt lat="24.92464649688421" lon="118.5367971442872">
        <ele>29.1865234375</ele>
        <time>2026-01-18T12:19:41Z</time>
        <extensions>
          <gpxtpx:TrackPointExtension>
            <gpxtpx:hr>170</gpxtpx:hr>
          </gpxtpx:TrackPointExtension>
        </extensions>
      </trkpt>
      <trkpt lat="24.924903782794267" lon="118.53693550005755">
        <ele>29.323974609375</ele>
        <time>2026-01-18T12:19:50Z</time>
        <extensions>
          <gpxtpx:TrackPointExtension>
            <gpxtpx:hr>171</gpxtpx:hr>
          </gpxtpx:TrackPointExtension>
        </extensions>
      </trkpt>
      <trkpt lat="24.92497892374183" lon="118.53700067060855">
        <ele>29.11834716796875</ele>
        <time>2026-01-18T12:19:53Z</time>
        <extensions>
          <gpxtpx:TrackPointExtension>
            <gpxtpx:hr>171</gpxtpx:hr>
          </gpxtpx:TrackPointExtension>
        </extensions>
      </trkpt>
      <trkpt lat="24.925094286906827" lon="118.53716410273522">
        <ele>29.42120361328125</ele>
        <time>2026-01-18T12:19:59Z</time>
        <extensions>
          <gpxtpx:TrackPointExtension>
            <gpxtpx:hr>171</gpxtpx:hr>
          </gpxtpx:TrackPointExtension>
        </extensions>
      </trkpt>
      <trkpt lat="24.925237536226156" lon="118.53728040542242">
        <ele>28.80517578125</ele>
        <time>2026-01-18T12:20:05Z</time>
        <extensions>
          <gpxtpx:TrackPointExtension>
            <gpxtpx:hr>171</gpxtpx:hr>
          </gpxtpx:TrackPointExtension>
        </extensions>
      </trkpt>
      <trkpt lat="24.92532860462362" lon="118.53731549332016">
        <ele>28.22198486328125</ele>
        <time>2026-01-18T12:20:08Z</time>
        <extensions>
          <gpxtpx:TrackPointExtension>
            <gpxtpx:hr>170</gpxtpx:hr>
          </gpxtpx:TrackPointExtension>
        </extensions>
      </trkpt>
      <trkpt lat="24.925420610216314" lon="118.53732350844086">
        <ele>28.5457763671875</ele>
        <time>2026-01-18T12:20:11Z</time>
        <extensions>
          <gpxtpx:TrackPointExtension>
            <gpxtpx:hr>171</gpxtpx:hr>
          </gpxtpx:TrackPointExtension>
        </extensions>
      </trkpt>
      <trkpt lat="24.925612501937934" lon="118.53728840082192">
        <ele>29.26141357421875</ele>
        <time>2026-01-18T12:20:17Z</time>
        <extensions>
          <gpxtpx:TrackPointExtension>
            <gpxtpx:hr>171</gpxtpx:hr>
          </gpxtpx:TrackPointExtension>
        </extensions>
      </trkpt>
      <trkpt lat="24.92569853158606" lon="118.5373064432938">
        <ele>28.53466796875</ele>
        <time>2026-01-18T12:20:20Z</time>
        <extensions>
          <gpxtpx:TrackPointExtension>
            <gpxtpx:hr>171</gpxtpx:hr>
          </gpxtpx:TrackPointExtension>
        </extensions>
      </trkpt>
      <trkpt lat="24.9259478557585" lon="118.5374618428187">
        <ele>27.2955322265625</ele>
        <time>2026-01-18T12:20:29Z</time>
        <extensions>
          <gpxtpx:TrackPointExtension>
            <gpxtpx:hr>171</gpxtpx:hr>
          </gpxtpx:TrackPointExtension>
        </extensions>
      </trkpt>
      <trkpt lat="24.92619619316779" lon="118.5376232576433">
        <ele>27.3243408203125</ele>
        <time>2026-01-18T12:20:38Z</time>
        <extensions>
          <gpxtpx:TrackPointExtension>
            <gpxtpx:hr>172</gpxtpx:hr>
          </gpxtpx:TrackPointExtension>
        </extensions>
      </trkpt>
      <trkpt lat="24.926441539391593" lon="118.53778868245048">
        <ele>27.63336181640625</ele>
        <time>2026-01-18T12:20:47Z</time>
        <extensions>
          <gpxtpx:TrackPointExtension>
            <gpxtpx:hr>167</gpxtpx:hr>
          </gpxtpx:TrackPointExtension>
        </extensions>
      </trkpt>
      <trkpt lat="24.926698797932442" lon="118.53791700665862">
        <ele>26.99835205078125</ele>
        <time>2026-01-18T12:20:56Z</time>
        <extensions>
          <gpxtpx:TrackPointExtension>
            <gpxtpx:hr>167</gpxtpx:hr>
          </gpxtpx:TrackPointExtension>
        </extensions>
      </trkpt>
      <trkpt lat="24.92695013257216" lon="118.53807841865202">
        <ele>26.646484375</ele>
        <time>2026-01-18T12:21:05Z</time>
        <extensions>
          <gpxtpx:TrackPointExtension>
            <gpxtpx:hr>165</gpxtpx:hr>
          </gpxtpx:TrackPointExtension>
        </extensions>
      </trkpt>
      <trkpt lat="24.92718647307382" lon="118.53824183607374">
        <ele>25.7093505859375</ele>
        <time>2026-01-18T12:21:14Z</time>
        <extensions>
          <gpxtpx:TrackPointExtension>
            <gpxtpx:hr>163</gpxtpx:hr>
          </gpxtpx:TrackPointExtension>
        </extensions>
      </trkpt>
      <trkpt lat="24.927435854298828" lon="118.53842430202724">
        <ele>25.70379638671875</ele>
        <time>2026-01-18T12:21:23Z</time>
        <extensions>
          <gpxtpx:TrackPointExtension>
            <gpxtpx:hr>163</gpxtpx:hr>
          </gpxtpx:TrackPointExtension>
        </extensions>
      </trkpt>
      <trkpt lat="24.927671247820957" lon="118.53861178098175">
        <ele>24.83795166015625</ele>
        <time>2026-01-18T12:21:32Z</time>
        <extensions>
          <gpxtpx:TrackPointExtension>
            <gpxtpx:hr>164</gpxtpx:hr>
          </gpxtpx:TrackPointExtension>
        </extensions>
      </trkpt>
      <trkpt lat="24.927920656410873" lon="118.53880727879451">
        <ele>24.1602783203125</ele>
        <time>2026-01-18T12:21:41Z</time>
        <extensions>
          <gpxtpx:TrackPointExtension>
            <gpxtpx:hr>161</gpxtpx:hr>
          </gpxtpx:TrackPointExtension>
        </extensions>
      </trkpt>
      <trkpt lat="24.92813411869136" lon="118.53902483560347">
        <ele>23.43756103515625</ele>
        <time>2026-01-18T12:21:50Z</time>
        <extensions>
          <gpxtpx:TrackPointExtension>
            <gpxtpx:hr>163</gpxtpx:hr>
          </gpxtpx:TrackPointExtension>
        </extensions>
      </trkpt>
      <trkpt lat="24.928383533693978" lon="118.5392243409666">
        <ele>23.3782958984375</ele>
        <time>2026-01-18T12:21:59Z</time>
        <extensions>
          <gpxtpx:TrackPointExtension>
            <gpxtpx:hr>162</gpxtpx:hr>
          </gpxtpx:TrackPointExtension>
        </extensions>
      </trkpt>
      <trkpt lat="24.928607944170356" lon="118.5394208387667">
        <ele>23.709716796875</ele>
        <time>2026-01-18T12:22:08Z</time>
        <extensions>
          <gpxtpx:TrackPointExtension>
            <gpxtpx:hr>165</gpxtpx:hr>
          </gpxtpx:TrackPointExtension>
        </extensions>
      </trkpt>
      <trkpt lat="24.928841352110293" lon="118.5396173345205">
        <ele>24.7772216796875</ele>
        <time>2026-01-18T12:22:17Z</time>
        <extensions>
          <gpxtpx:TrackPointExtension>
            <gpxtpx:hr>168</gpxtpx:hr>
          </gpxtpx:TrackPointExtension>
        </extensions>
      </trkpt>
      <trkpt lat="24.929064764672784" lon="118.53981583474977">
        <ele>24.6090087890625</ele>
        <time>2026-01-18T12:22:26Z</time>
        <extensions>
          <gpxtpx:TrackPointExtension>
            <gpxtpx:hr>165</gpxtpx:hr>
          </gpxtpx:TrackPointExtension>
        </extensions>
      </trkpt>
      <trkpt lat="24.929290157788405" lon="118.5400063126299">
        <ele>23.487060546875</ele>
        <time>2026-01-18T12:22:35Z</time>
        <extensions>
          <gpxtpx:TrackPointExtension>
            <gpxtpx:hr>166</gpxtpx:hr>
          </gpxtpx:TrackPointExtension>
        </extensions>
      </trkpt>
      <trkpt lat="24.929504551257892" lon="118.54019678992967">
        <ele>22.7020263671875</ele>
        <time>2026-01-18T12:22:44Z</time>
        <extensions>
          <gpxtpx:TrackPointExtension>
            <gpxtpx:hr>164</gpxtpx:hr>
          </gpxtpx:TrackPointExtension>
        </extensions>
      </trkpt>
      <trkpt lat="24.929721951981104" lon="118.54039127598865">
        <ele>21.9615478515625</ele>
        <time>2026-01-18T12:22:53Z</time>
        <extensions>
          <gpxtpx:TrackPointExtension>
            <gpxtpx:hr>164</gpxtpx:hr>
          </gpxtpx:TrackPointExtension>
        </extensions>
      </trkpt>
      <trkpt lat="24.92995532482692" lon="118.54057473122066">
        <ele>21.79833984375</ele>
        <time>2026-01-18T12:23:02Z</time>
        <extensions>
          <gpxtpx:TrackPointExtension>
            <gpxtpx:hr>164</gpxtpx:hr>
          </gpxtpx:TrackPointExtension>
        </extensions>
      </trkpt>
      <trkpt lat="24.930166739400644" lon="118.54077623290542">
        <ele>21.70245361328125</ele>
        <time>2026-01-18T12:23:11Z</time>
        <extensions>
          <gpxtpx:TrackPointExtension>
            <gpxtpx:hr>166</gpxtpx:hr>
          </gpxtpx:TrackPointExtension>
        </extensions>
      </trkpt>
      <trkpt lat="24.930435285338664" lon="118.54104189270618">
        <ele>21.01959228515625</ele>
        <time>2026-01-18T12:23:23Z</time>
        <extensions>
          <gpxtpx:TrackPointExtension>
            <gpxtpx:hr>166</gpxtpx:hr>
          </gpxtpx:TrackPointExtension>
        </extensions>
      </trkpt>
      <trkpt lat="24.930651687277134" lon="118.5412393803052">
        <ele>20.9290771484375</ele>
        <time>2026-01-18T12:23:32Z</time>
        <extensions>
          <gpxtpx:TrackPointExtension>
            <gpxtpx:hr>165</gpxtpx:hr>
          </gpxtpx:TrackPointExtension>
        </extensions>
      </trkpt>
      <trkpt lat="24.930876121728605" lon="118.54145290650862">
        <ele>20.683349609375</ele>
        <time>2026-01-18T12:23:41Z</time>
        <extensions>
          <gpxtpx:TrackPointExtension>
            <gpxtpx:hr>166</gpxtpx:hr>
          </gpxtpx:TrackPointExtension>
        </extensions>
      </trkpt>
      <trkpt lat="24.931102506437846" lon="118.54164437513823">
        <ele>20.51373291015625</ele>
        <time>2026-01-18T12:23:50Z</time>
        <extensions>
          <gpxtpx:TrackPointExtension>
            <gpxtpx:hr>166</gpxtpx:hr>
          </gpxtpx:TrackPointExtension>
        </extensions>
      </trkpt>
      <trkpt lat="24.93132089754786" lon="118.54183885050232">
        <ele>20.23394775390625</ele>
        <time>2026-01-18T12:23:59Z</time>
        <extensions>
          <gpxtpx:TrackPointExtension>
            <gpxtpx:hr>164</gpxtpx:hr>
          </gpxtpx:TrackPointExtension>
        </extensions>
      </trkpt>
      <trkpt lat="24.931547305720574" lon="118.54204234651814">
        <ele>21.470947265625</ele>
        <time>2026-01-18T12:24:08Z</time>
        <extensions>
          <gpxtpx:TrackPointExtension>
            <gpxtpx:hr>165</gpxtpx:hr>
          </gpxtpx:TrackPointExtension>
        </extensions>
      </trkpt>
      <trkpt lat="24.93176069057902" lon="118.54223481424715">
        <ele>20.604248046875</ele>
        <time>2026-01-18T12:24:17Z</time>
        <extensions>
          <gpxtpx:TrackPointExtension>
            <gpxtpx:hr>163</gpxtpx:hr>
          </gpxtpx:TrackPointExtension>
        </extensions>
      </trkpt>
      <trkpt lat="24.931975074025146" lon="118.54242728048132">
        <ele>19.5787353515625</ele>
        <time>2026-01-18T12:24:26Z</time>
        <extensions>
          <gpxtpx:TrackPointExtension>
            <gpxtpx:hr>162</gpxtpx:hr>
          </gpxtpx:TrackPointExtension>
        </extensions>
      </trkpt>
      <trkpt lat="24.932192453627035" lon="118.54261874258245">
        <ele>20.34356689453125</ele>
        <time>2026-01-18T12:24:35Z</time>
        <extensions>
          <gpxtpx:TrackPointExtension>
            <gpxtpx:hr>162</gpxtpx:hr>
          </gpxtpx:TrackPointExtension>
        </extensions>
      </trkpt>
      <trkpt lat="24.93239883993603" lon="118.5428132114927">
        <ele>19.706298828125</ele>
        <time>2026-01-18T12:24:44Z</time>
        <extensions>
          <gpxtpx:TrackPointExtension>
            <gpxtpx:hr>163</gpxtpx:hr>
          </gpxtpx:TrackPointExtension>
        </extensions>
      </trkpt>
      <trkpt lat="24.93261122834974" lon="118.54300968347647">
        <ele>19.9228515625</ele>
        <time>2026-01-18T12:24:53Z</time>
        <extensions>
          <gpxtpx:TrackPointExtension>
            <gpxtpx:hr>161</gpxtpx:hr>
          </gpxtpx:TrackPointExtension>
        </extensions>
      </trkpt>
      <trkpt lat="24.93273450474051" lon="118.54314801671903">
        <ele>19.5755615234375</ele>
        <time>2026-01-18T12:24:59Z</time>
        <extensions>
          <gpxtpx:TrackPointExtension>
            <gpxtpx:hr>163</gpxtpx:hr>
          </gpxtpx:TrackPointExtension>
        </extensions>
      </trkpt>
      <trkpt lat="24.932770688775324" lon="118.54323723425682">
        <ele>19.5152587890625</ele>
        <time>2026-01-18T12:25:02Z</time>
        <extensions>
          <gpxtpx:TrackPointExtension>
            <gpxtpx:hr>162</gpxtpx:hr>
          </gpxtpx:TrackPointExtension>
        </extensions>
      </trkpt>
      <trkpt lat="24.932781914235832" lon="118.54334449762656">
        <ele>20.531494140625</ele>
        <time>2026-01-18T12:25:05Z</time>
        <extensions>
          <gpxtpx:TrackPointExtension>
            <gpxtpx:hr>161</gpxtpx:hr>
          </gpxtpx:TrackPointExtension>
        </extensions>
      </trkpt>
      <trkpt lat="24.93276812802308" lon="118.54344474504965">
        <ele>21.8621826171875</ele>
        <time>2026-01-18T12:25:08Z</time>
        <extensions>
          <gpxtpx:TrackPointExtension>
            <gpxtpx:hr>161</gpxtpx:hr>
          </gpxtpx:TrackPointExtension>
        </extensions>
      </trkpt>
      <trkpt lat="24.932713324023222" lon="118.5435339678862">
        <ele>21.99810791015625</ele>
        <time>2026-01-18T12:25:11Z</time>
        <extensions>
          <gpxtpx:TrackPointExtension>
            <gpxtpx:hr>161</gpxtpx:hr>
          </gpxtpx:TrackPointExtension>
        </extensions>
      </trkpt>
      <trkpt lat="24.9325218342077" lon="118.54376354332774">
        <ele>22.9073486328125</ele>
        <time>2026-01-18T12:25:20Z</time>
        <extensions>
          <gpxtpx:TrackPointExtension>
            <gpxtpx:hr>162</gpxtpx:hr>
          </gpxtpx:TrackPointExtension>
        </extensions>
      </trkpt>
      <trkpt lat="24.932336341694942" lon="118.54399311627374">
        <ele>24.7451171875</ele>
        <time>2026-01-18T12:25:29Z</time>
        <extensions>
          <gpxtpx:TrackPointExtension>
            <gpxtpx:hr>164</gpxtpx:hr>
          </gpxtpx:TrackPointExtension>
        </extensions>
      </trkpt>
      <trkpt lat="24.932144833554027" lon="118.54421567052943">
        <ele>24.34661865234375</ele>
        <time>2026-01-18T12:25:38Z</time>
        <extensions>
          <gpxtpx:TrackPointExtension>
            <gpxtpx:hr>165</gpxtpx:hr>
          </gpxtpx:TrackPointExtension>
        </extensions>
      </trkpt>
      <trkpt lat="24.931931291390914" lon="118.54442118315114">
        <ele>25.4671630859375</ele>
        <time>2026-01-18T12:25:47Z</time>
        <extensions>
          <gpxtpx:TrackPointExtension>
            <gpxtpx:hr>161</gpxtpx:hr>
          </gpxtpx:TrackPointExtension>
        </extensions>
      </trkpt>
      <trkpt lat="24.931782580755474" lon="118.54455050586397">
        <ele>25.870849609375</ele>
        <time>2026-01-18T12:25:53Z</time>
        <extensions>
          <gpxtpx:TrackPointExtension>
            <gpxtpx:hr>161</gpxtpx:hr>
          </gpxtpx:TrackPointExtension>
        </extensions>
      </trkpt>
      <trkpt lat="24.931549982936232" lon="118.54472895196923">
        <ele>24.62554931640625</ele>
        <time>2026-01-18T12:26:02Z</time>
        <extensions>
          <gpxtpx:TrackPointExtension>
            <gpxtpx:hr>161</gpxtpx:hr>
          </gpxtpx:TrackPointExtension>
        </extensions>
      </trkpt>
      <trkpt lat="24.931310376713764" lon="118.5449033876704">
        <ele>25.6822509765625</ele>
        <time>2026-01-18T12:26:11Z</time>
        <extensions>
          <gpxtpx:TrackPointExtension>
            <gpxtpx:hr>161</gpxtpx:hr>
          </gpxtpx:TrackPointExtension>
        </extensions>
      </trkpt>
      <trkpt lat="24.931072777354768" lon="118.54508183160242">
        <ele>27.84063720703125</ele>
        <time>2026-01-18T12:26:20Z</time>
        <extensions>
          <gpxtpx:TrackPointExtension>
            <gpxtpx:hr>157</gpxtpx:hr>
          </gpxtpx:TrackPointExtension>
        </extensions>
      </trkpt>
      <trkpt lat="24.93074523267069" lon="118.54528133070178">
        <ele>30.64190673828125</ele>
        <time>2026-01-18T12:26:32Z</time>
        <extensions>
          <gpxtpx:TrackPointExtension>
            <gpxtpx:hr>160</gpxtpx:hr>
          </gpxtpx:TrackPointExtension>
        </extensions>
      </trkpt>
      <trkpt lat="24.930490576024813" lon="118.54543170638739">
        <ele>33.984619140625</ele>
        <time>2026-01-18T12:26:41Z</time>
        <extensions>
          <gpxtpx:TrackPointExtension>
            <gpxtpx:hr>161</gpxtpx:hr>
          </gpxtpx:TrackPointExtension>
        </extensions>
      </trkpt>
      <trkpt lat="24.93022586487103" lon="118.54555501765722">
        <ele>32.601806640625</ele>
        <time>2026-01-18T12:26:50Z</time>
        <extensions>
          <gpxtpx:TrackPointExtension>
            <gpxtpx:hr>160</gpxtpx:hr>
          </gpxtpx:TrackPointExtension>
        </extensions>
      </trkpt>
      <trkpt lat="24.92997616937596" lon="118.54568734862568">
        <ele>30.6558837890625</ele>
        <time>2026-01-18T12:26:59Z</time>
        <extensions>
          <gpxtpx:TrackPointExtension>
            <gpxtpx:hr>164</gpxtpx:hr>
          </gpxtpx:TrackPointExtension>
        </extensions>
      </trkpt>
      <trkpt lat="24.929717423709047" lon="118.54579462030979">
        <ele>29.551025390625</ele>
        <time>2026-01-18T12:27:08Z</time>
        <extensions>
          <gpxtpx:TrackPointExtension>
            <gpxtpx:hr>162</gpxtpx:hr>
          </gpxtpx:TrackPointExtension>
        </extensions>
      </trkpt>
      <trkpt lat="24.929448652656074" lon="118.54588886148454">
        <ele>31.208251953125</ele>
        <time>2026-01-18T12:27:17Z</time>
        <extensions>
          <gpxtpx:TrackPointExtension>
            <gpxtpx:hr>163</gpxtpx:hr>
          </gpxtpx:TrackPointExtension>
        </extensions>
      </trkpt>
      <trkpt lat="24.92918390299473" lon="118.5459941279866">
        <ele>30.44573974609375</ele>
        <time>2026-01-18T12:27:26Z</time>
        <extensions>
          <gpxtpx:TrackPointExtension>
            <gpxtpx:hr>163</gpxtpx:hr>
          </gpxtpx:TrackPointExtension>
        </extensions>
      </trkpt>
      <trkpt lat="24.928919150905045" lon="118.54609839168118">
        <ele>29.03125</ele>
        <time>2026-01-18T12:27:35Z</time>
        <extensions>
          <gpxtpx:TrackPointExtension>
            <gpxtpx:hr>162</gpxtpx:hr>
          </gpxtpx:TrackPointExtension>
        </extensions>
      </trkpt>
      <trkpt lat="24.928646345046133" lon="118.5461755919728">
        <ele>29.16925048828125</ele>
        <time>2026-01-18T12:27:44Z</time>
        <extensions>
          <gpxtpx:TrackPointExtension>
            <gpxtpx:hr>162</gpxtpx:hr>
          </gpxtpx:TrackPointExtension>
        </extensions>
      </trkpt>
      <trkpt lat="24.928357508960733" lon="118.54623675553105">
        <ele>27.06396484375</ele>
        <time>2026-01-18T12:27:53Z</time>
        <extensions>
          <gpxtpx:TrackPointExtension>
            <gpxtpx:hr>165</gpxtpx:hr>
          </gpxtpx:TrackPointExtension>
        </extensions>
      </trkpt>
      <trkpt lat="24.9280647135809" lon="118.54631796616582">
        <ele>28.18609619140625</ele>
        <time>2026-01-18T12:28:02Z</time>
        <extensions>
          <gpxtpx:TrackPointExtension>
            <gpxtpx:hr>164</gpxtpx:hr>
          </gpxtpx:TrackPointExtension>
        </extensions>
      </trkpt>
      <trkpt lat="24.927787905639985" lon="118.54639416369794">
        <ele>28.19805908203125</ele>
        <time>2026-01-18T12:28:11Z</time>
        <extensions>
          <gpxtpx:TrackPointExtension>
            <gpxtpx:hr>164</gpxtpx:hr>
          </gpxtpx:TrackPointExtension>
        </extensions>
      </trkpt>
      <trkpt lat="24.927603058382743" lon="118.54645732415806">
        <ele>28.7408447265625</ele>
        <time>2026-01-18T12:28:17Z</time>
        <extensions>
          <gpxtpx:TrackPointExtension>
            <gpxtpx:hr>164</gpxtpx:hr>
          </gpxtpx:TrackPointExtension>
        </extensions>
      </trkpt>
      <trkpt lat="24.927406118327532" lon="118.54647337531725">
        <ele>29.4305419921875</ele>
        <time>2026-01-18T12:28:23Z</time>
        <extensions>
          <gpxtpx:TrackPointExtension>
            <gpxtpx:hr>165</gpxtpx:hr>
          </gpxtpx:TrackPointExtension>
        </extensions>
      </trkpt>
      <trkpt lat="24.92715346886862" lon="118.5466307599103">
        <ele>29.47552490234375</ele>
        <time>2026-01-18T12:28:32Z</time>
        <extensions>
          <gpxtpx:TrackPointExtension>
            <gpxtpx:hr>166</gpxtpx:hr>
          </gpxtpx:TrackPointExtension>
        </extensions>
      </trkpt>
      <trkpt lat="24.926993677515476" lon="118.54672398795203">
        <ele>29.75457763671875</ele>
        <time>2026-01-18T12:28:38Z</time>
        <extensions>
          <gpxtpx:TrackPointExtension>
            <gpxtpx:hr>166</gpxtpx:hr>
          </gpxtpx:TrackPointExtension>
        </extensions>
      </trkpt>
      <trkpt lat="24.926942802590403" lon="118.54678312892631">
        <ele>29.3817138671875</ele>
        <time>2026-01-18T12:28:41Z</time>
        <extensions>
          <gpxtpx:TrackPointExtension>
            <gpxtpx:hr>166</gpxtpx:hr>
          </gpxtpx:TrackPointExtension>
        </extensions>
      </trkpt>
      <trkpt lat="24.926967988597838" lon="118.54687834816765">
        <ele>26.90625</ele>
        <time>2026-01-18T12:28:44Z</time>
        <extensions>
          <gpxtpx:TrackPointExtension>
            <gpxtpx:hr>166</gpxtpx:hr>
          </gpxtpx:TrackPointExtension>
        </extensions>
      </trkpt>
      <trkpt lat="24.927108257492" lon="118.54702367499854">
        <ele>25.73284912109375</ele>
        <time>2026-01-18T12:28:50Z</time>
        <extensions>
          <gpxtpx:TrackPointExtension>
            <gpxtpx:hr>164</gpxtpx:hr>
          </gpxtpx:TrackPointExtension>
        </extensions>
      </trkpt>
      <trkpt lat="24.927138360558004" lon="118.5470777980322">
        <ele>25.9088134765625</ele>
        <time>2026-01-18T12:28:53Z</time>
        <extensions>
          <gpxtpx:TrackPointExtension>
            <gpxtpx:hr>164</gpxtpx:hr>
          </gpxtpx:TrackPointExtension>
        </extensions>
      </trkpt>
      <trkpt lat="24.92713437899539" lon="118.54708681915193">
        <ele>27.33953857421875</ele>
        <time>2026-01-18T12:28:59Z</time>
        <extensions>
          <gpxtpx:TrackPointExtension>
            <gpxtpx:hr>159</gpxtpx:hr>
          </gpxtpx:TrackPointExtension>
        </extensions>
      </trkpt>
      <trkpt lat="24.927352962023228" lon="118.54739751981965">
        <ele>25.4801025390625</ele>
        <time>2026-01-18T12:29:11Z</time>
        <extensions>
          <gpxtpx:TrackPointExtension>
            <gpxtpx:hr>159</gpxtpx:hr>
          </gpxtpx:TrackPointExtension>
        </extensions>
      </trkpt>
      <trkpt lat="24.927507218287627" lon="118.54753883337673">
        <ele>24.80548095703125</ele>
        <time>2026-01-18T12:29:17Z</time>
        <extensions>
          <gpxtpx:TrackPointExtension>
            <gpxtpx:hr>160</gpxtpx:hr>
          </gpxtpx:TrackPointExtension>
        </extensions>
      </trkpt>
      <trkpt lat="24.9276797438819" lon="118.54781946289263">
        <ele>25.283935546875</ele>
        <time>2026-01-18T12:29:26Z</time>
        <extensions>
          <gpxtpx:TrackPointExtension>
            <gpxtpx:hr>162</gpxtpx:hr>
          </gpxtpx:TrackPointExtension>
        </extensions>
      </trkpt>
      <trkpt lat="24.927840268251195" lon="118.54810008996743">
        <ele>26.9908447265625</ele>
        <time>2026-01-18T12:29:35Z</time>
        <extensions>
          <gpxtpx:TrackPointExtension>
            <gpxtpx:hr>163</gpxtpx:hr>
          </gpxtpx:TrackPointExtension>
        </extensions>
      </trkpt>
      <trkpt lat="24.92799974913169" lon="118.54835966632092">
        <ele>24.05072021484375</ele>
        <time>2026-01-18T12:29:44Z</time>
        <extensions>
          <gpxtpx:TrackPointExtension>
            <gpxtpx:hr>163</gpxtpx:hr>
          </gpxtpx:TrackPointExtension>
        </extensions>
      </trkpt>
      <trkpt lat="24.928146231262097" lon="118.5486202430086">
        <ele>24.48992919921875</ele>
        <time>2026-01-18T12:29:53Z</time>
        <extensions>
          <gpxtpx:TrackPointExtension>
            <gpxtpx:hr>164</gpxtpx:hr>
          </gpxtpx:TrackPointExtension>
        </extensions>
      </trkpt>
      <trkpt lat="24.92826776234424" lon="118.54890587458368">
        <ele>27.19970703125</ele>
        <time>2026-01-18T12:30:02Z</time>
        <extensions>
          <gpxtpx:TrackPointExtension>
            <gpxtpx:hr>164</gpxtpx:hr>
          </gpxtpx:TrackPointExtension>
        </extensions>
      </trkpt>
      <trkpt lat="24.92839316956389" lon="118.5491283620283">
        <ele>26.85009765625</ele>
        <time>2026-01-18T12:30:11Z</time>
        <extensions>
          <gpxtpx:TrackPointExtension>
            <gpxtpx:hr>162</gpxtpx:hr>
          </gpxtpx:TrackPointExtension>
        </extensions>
      </trkpt>
      <trkpt lat="24.928406244083746" lon="118.54916845029577">
        <ele>26.2508544921875</ele>
        <time>2026-01-18T12:30:29Z</time>
        <extensions>
          <gpxtpx:TrackPointExtension>
            <gpxtpx:hr>156</gpxtpx:hr>
          </gpxtpx:TrackPointExtension>
        </extensions>
      </trkpt>
      <trkpt lat="24.928589770003295" lon="118.54945908203251">
        <ele>26.68585205078125</ele>
        <time>2026-01-18T12:30:38Z</time>
        <extensions>
          <gpxtpx:TrackPointExtension>
            <gpxtpx:hr>157</gpxtpx:hr>
          </gpxtpx:TrackPointExtension>
        </extensions>
      </trkpt>
      <trkpt lat="24.928759264522533" lon="118.54973367589416">
        <ele>26.0357666015625</ele>
        <time>2026-01-18T12:30:47Z</time>
        <extensions>
          <gpxtpx:TrackPointExtension>
            <gpxtpx:hr>157</gpxtpx:hr>
          </gpxtpx:TrackPointExtension>
        </extensions>
      </trkpt>
      <trkpt lat="24.92893574205613" lon="118.55000125071074">
        <ele>25.7447509765625</ele>
        <time>2026-01-18T12:30:56Z</time>
        <extensions>
          <gpxtpx:TrackPointExtension>
            <gpxtpx:hr>161</gpxtpx:hr>
          </gpxtpx:TrackPointExtension>
        </extensions>
      </trkpt>
      <trkpt lat="24.929118210416558" lon="118.55026581550943">
        <ele>26.15692138671875</ele>
        <time>2026-01-18T12:31:05Z</time>
        <extensions>
          <gpxtpx:TrackPointExtension>
            <gpxtpx:hr>162</gpxtpx:hr>
          </gpxtpx:TrackPointExtension>
        </extensions>
      </trkpt>
      <trkpt lat="24.929286704066868" lon="118.5505444086633">
        <ele>27.0457763671875</ele>
        <time>2026-01-18T12:31:14Z</time>
        <extensions>
          <gpxtpx:TrackPointExtension>
            <gpxtpx:hr>162</gpxtpx:hr>
          </gpxtpx:TrackPointExtension>
        </extensions>
      </trkpt>
      <trkpt lat="24.929438193456516" lon="118.55082099534923">
        <ele>26.6136474609375</ele>
        <time>2026-01-18T12:31:23Z</time>
        <extensions>
          <gpxtpx:TrackPointExtension>
            <gpxtpx:hr>163</gpxtpx:hr>
          </gpxtpx:TrackPointExtension>
        </extensions>
      </trkpt>
      <trkpt lat="24.929602668896134" lon="118.55109256710651">
        <ele>26.1768798828125</ele>
        <time>2026-01-18T12:31:32Z</time>
        <extensions>
          <gpxtpx:TrackPointExtension>
            <gpxtpx:hr>165</gpxtpx:hr>
          </gpxtpx:TrackPointExtension>
        </extensions>
      </trkpt>
      <trkpt lat="24.929697003501538" lon="118.55128296752721">
        <ele>26.83984375</ele>
        <time>2026-01-18T12:31:38Z</time>
        <extensions>
          <gpxtpx:TrackPointExtension>
            <gpxtpx:hr>164</gpxtpx:hr>
          </gpxtpx:TrackPointExtension>
        </extensions>
      </trkpt>
      <trkpt lat="24.929682162629874" lon="118.5513691522522">
        <ele>27.38836669921875</ele>
        <time>2026-01-18T12:31:41Z</time>
        <extensions>
          <gpxtpx:TrackPointExtension>
            <gpxtpx:hr>163</gpxtpx:hr>
          </gpxtpx:TrackPointExtension>
        </extensions>
      </trkpt>
      <trkpt lat="24.929642226632755" lon="118.55140122329595">
        <ele>25.63897705078125</ele>
        <time>2026-01-18T12:31:59Z</time>
        <extensions>
          <gpxtpx:TrackPointExtension>
            <gpxtpx:hr>159</gpxtpx:hr>
          </gpxtpx:TrackPointExtension>
        </extensions>
      </trkpt>
      <trkpt lat="24.929825642546394" lon="118.55164472751365">
        <ele>27.3203125</ele>
        <time>2026-01-18T12:32:08Z</time>
        <extensions>
          <gpxtpx:TrackPointExtension>
            <gpxtpx:hr>155</gpxtpx:hr>
          </gpxtpx:TrackPointExtension>
        </extensions>
      </trkpt>
      <trkpt lat="24.929979838091025" lon="118.5517649711397">
        <ele>25.96405029296875</ele>
        <time>2026-01-18T12:32:14Z</time>
        <extensions>
          <gpxtpx:TrackPointExtension>
            <gpxtpx:hr>154</gpxtpx:hr>
          </gpxtpx:TrackPointExtension>
        </extensions>
      </trkpt>
      <trkpt lat="24.930143280375862" lon="118.55202350448073">
        <ele>25.61553955078125</ele>
        <time>2026-01-18T12:32:23Z</time>
        <extensions>
          <gpxtpx:TrackPointExtension>
            <gpxtpx:hr>159</gpxtpx:hr>
          </gpxtpx:TrackPointExtension>
        </extensions>
      </trkpt>
      <trkpt lat="24.930317747112767" lon="118.55229806764069">
        <ele>26.90557861328125</ele>
        <time>2026-01-18T12:32:32Z</time>
        <extensions>
          <gpxtpx:TrackPointExtension>
            <gpxtpx:hr>163</gpxtpx:hr>
          </gpxtpx:TrackPointExtension>
        </extensions>
      </trkpt>
      <trkpt lat="24.930478198667164" lon="118.5525646118209">
        <ele>28.9105224609375</ele>
        <time>2026-01-18T12:32:41Z</time>
        <extensions>
          <gpxtpx:TrackPointExtension>
            <gpxtpx:hr>163</gpxtpx:hr>
          </gpxtpx:TrackPointExtension>
        </extensions>
      </trkpt>
      <trkpt lat="24.9306306521044" lon="118.552833157578">
        <ele>29.8631591796875</ele>
        <time>2026-01-18T12:32:50Z</time>
        <extensions>
          <gpxtpx:TrackPointExtension>
            <gpxtpx:hr>167</gpxtpx:hr>
          </gpxtpx:TrackPointExtension>
        </extensions>
      </trkpt>
      <trkpt lat="24.93078911239776" lon="118.55310771209139">
        <ele>31.170654296875</ele>
        <time>2026-01-18T12:32:59Z</time>
        <extensions>
          <gpxtpx:TrackPointExtension>
            <gpxtpx:hr>167</gpxtpx:hr>
          </gpxtpx:TrackPointExtension>
        </extensions>
      </trkpt>
      <trkpt lat="24.930950529147303" lon="118.55335921600896">
        <ele>33.4913330078125</ele>
        <time>2026-01-18T12:33:08Z</time>
        <extensions>
          <gpxtpx:TrackPointExtension>
            <gpxtpx:hr>166</gpxtpx:hr>
          </gpxtpx:TrackPointExtension>
        </extensions>
      </trkpt>
      <trkpt lat="24.931108947295478" lon="118.55361272140674">
        <ele>32.361083984375</ele>
        <time>2026-01-18T12:33:17Z</time>
        <extensions>
          <gpxtpx:TrackPointExtension>
            <gpxtpx:hr>164</gpxtpx:hr>
          </gpxtpx:TrackPointExtension>
        </extensions>
      </trkpt>
      <trkpt lat="24.931264390935226" lon="118.55388225654143">
        <ele>34.2935791015625</ele>
        <time>2026-01-18T12:33:26Z</time>
        <extensions>
          <gpxtpx:TrackPointExtension>
            <gpxtpx:hr>164</gpxtpx:hr>
          </gpxtpx:TrackPointExtension>
        </extensions>
      </trkpt>
      <trkpt lat="24.931308529501923" lon="118.55396642329063">
        <ele>33.95623779296875</ele>
        <time>2026-01-18T12:33:29Z</time>
        <extensions>
          <gpxtpx:TrackPointExtension>
            <gpxtpx:hr>165</gpxtpx:hr>
          </gpxtpx:TrackPointExtension>
        </extensions>
      </trkpt>
      <trkpt lat="24.9314137210024" lon="118.5540866580306">
        <ele>33.288818359375</ele>
        <time>2026-01-18T12:33:35Z</time>
        <extensions>
          <gpxtpx:TrackPointExtension>
            <gpxtpx:hr>165</gpxtpx:hr>
          </gpxtpx:TrackPointExtension>
        </extensions>
      </trkpt>
      <trkpt lat="24.931513005191825" lon="118.55426100095627">
        <ele>31.98193359375</ele>
        <time>2026-01-18T12:33:41Z</time>
        <extensions>
          <gpxtpx:TrackPointExtension>
            <gpxtpx:hr>165</gpxtpx:hr>
          </gpxtpx:TrackPointExtension>
        </extensions>
      </trkpt>
      <trkpt lat="24.931533106616264" lon="118.5543221218773">
        <ele>31.78900146484375</ele>
        <time>2026-01-18T12:33:44Z</time>
        <extensions>
          <gpxtpx:TrackPointExtension>
            <gpxtpx:hr>164</gpxtpx:hr>
          </gpxtpx:TrackPointExtension>
        </extensions>
      </trkpt>
      <trkpt lat="24.931531171769766" lon="118.55436019812468">
        <ele>32.610107421875</ele>
        <time>2026-01-18T12:33:56Z</time>
        <extensions>
          <gpxtpx:TrackPointExtension>
            <gpxtpx:hr>159</gpxtpx:hr>
          </gpxtpx:TrackPointExtension>
        </extensions>
      </trkpt>
      <trkpt lat="24.93166065175604" lon="118.55465377382781">
        <ele>32.6690673828125</ele>
        <time>2026-01-18T12:34:05Z</time>
        <extensions>
          <gpxtpx:TrackPointExtension>
            <gpxtpx:hr>158</gpxtpx:hr>
          </gpxtpx:TrackPointExtension>
        </extensions>
      </trkpt>
      <trkpt lat="24.93185615933095" lon="118.55497138848942">
        <ele>29.510009765625</ele>
        <time>2026-01-18T12:34:17Z</time>
        <extensions>
          <gpxtpx:TrackPointExtension>
            <gpxtpx:hr>156</gpxtpx:hr>
          </gpxtpx:TrackPointExtension>
        </extensions>
      </trkpt>
      <trkpt lat="24.932020673923333" lon="118.55529300861001">
        <ele>28.80889892578125</ele>
        <time>2026-01-18T12:34:32Z</time>
        <extensions>
          <gpxtpx:TrackPointExtension>
            <gpxtpx:hr>159</gpxtpx:hr>
          </gpxtpx:TrackPointExtension>
        </extensions>
      </trkpt>
      <trkpt lat="24.932150917045444" lon="118.55545030675579">
        <ele>29.7618408203125</ele>
        <time>2026-01-18T12:34:38Z</time>
        <extensions>
          <gpxtpx:TrackPointExtension>
            <gpxtpx:hr>159</gpxtpx:hr>
          </gpxtpx:TrackPointExtension>
        </extensions>
      </trkpt>
      <trkpt lat="24.932291351257902" lon="118.5557248304409">
        <ele>31.78192138671875</ele>
        <time>2026-01-18T12:34:47Z</time>
        <extensions>
          <gpxtpx:TrackPointExtension>
            <gpxtpx:hr>159</gpxtpx:hr>
          </gpxtpx:TrackPointExtension>
        </extensions>
      </trkpt>
      <trkpt lat="24.93236966641811" lon="118.55592320835618">
        <ele>33.6925048828125</ele>
        <time>2026-01-18T12:34:53Z</time>
        <extensions>
          <gpxtpx:TrackPointExtension>
            <gpxtpx:hr>160</gpxtpx:hr>
          </gpxtpx:TrackPointExtension>
        </extensions>
      </trkpt>
      <trkpt lat="24.93247593021341" lon="118.55609352869662">
        <ele>34.790283203125</ele>
        <time>2026-01-18T12:34:59Z</time>
        <extensions>
          <gpxtpx:TrackPointExtension>
            <gpxtpx:hr>161</gpxtpx:hr>
          </gpxtpx:TrackPointExtension>
        </extensions>
      </trkpt>
      <trkpt lat="24.932606182915194" lon="118.55625983839002">
        <ele>34.1629638671875</ele>
        <time>2026-01-18T12:35:05Z</time>
        <extensions>
          <gpxtpx:TrackPointExtension>
            <gpxtpx:hr>162</gpxtpx:hr>
          </gpxtpx:TrackPointExtension>
        </extensions>
      </trkpt>
      <trkpt lat="24.932695479241524" lon="118.55645019546486">
        <ele>34.3623046875</ele>
        <time>2026-01-18T12:35:11Z</time>
        <extensions>
          <gpxtpx:TrackPointExtension>
            <gpxtpx:hr>164</gpxtpx:hr>
          </gpxtpx:TrackPointExtension>
        </extensions>
      </trkpt>
      <trkpt lat="24.93271764945435" lon="118.55655739777976">
        <ele>33.460205078125</ele>
        <time>2026-01-18T12:35:14Z</time>
        <extensions>
          <gpxtpx:TrackPointExtension>
            <gpxtpx:hr>163</gpxtpx:hr>
          </gpxtpx:TrackPointExtension>
        </extensions>
      </trkpt>
      <trkpt lat="24.932710832986007" lon="118.55667061296872">
        <ele>32.7579345703125</ele>
        <time>2026-01-18T12:35:17Z</time>
        <extensions>
          <gpxtpx:TrackPointExtension>
            <gpxtpx:hr>165</gpxtpx:hr>
          </gpxtpx:TrackPointExtension>
        </extensions>
      </trkpt>
      <trkpt lat="24.932671985131307" lon="118.55676178815251">
        <ele>32.71319580078125</ele>
        <time>2026-01-18T12:35:20Z</time>
        <extensions>
          <gpxtpx:TrackPointExtension>
            <gpxtpx:hr>167</gpxtpx:hr>
          </gpxtpx:TrackPointExtension>
        </extensions>
      </trkpt>
      <trkpt lat="24.93260912106578" lon="118.55684094194957">
        <ele>32.45965576171875</ele>
        <time>2026-01-18T12:35:23Z</time>
        <extensions>
          <gpxtpx:TrackPointExtension>
            <gpxtpx:hr>169</gpxtpx:hr>
          </gpxtpx:TrackPointExtension>
        </extensions>
      </trkpt>
      <trkpt lat="24.932353423371083" lon="118.5570072727627">
        <ele>31.93853759765625</ele>
        <time>2026-01-18T12:35:32Z</time>
        <extensions>
          <gpxtpx:TrackPointExtension>
            <gpxtpx:hr>172</gpxtpx:hr>
          </gpxtpx:TrackPointExtension>
        </extensions>
      </trkpt>
      <trkpt lat="24.93211175758587" lon="118.55719564256236">
        <ele>31.51397705078125</ele>
        <time>2026-01-18T12:35:41Z</time>
        <extensions>
          <gpxtpx:TrackPointExtension>
            <gpxtpx:hr>168</gpxtpx:hr>
          </gpxtpx:TrackPointExtension>
        </extensions>
      </trkpt>
      <trkpt lat="24.931874059677416" lon="118.55736497501887">
        <ele>31.64227294921875</ele>
        <time>2026-01-18T12:35:50Z</time>
        <extensions>
          <gpxtpx:TrackPointExtension>
            <gpxtpx:hr>171</gpxtpx:hr>
          </gpxtpx:TrackPointExtension>
        </extensions>
      </trkpt>
      <trkpt lat="24.931602348045054" lon="118.55752328807857">
        <ele>29.5299072265625</ele>
        <time>2026-01-18T12:35:59Z</time>
        <extensions>
          <gpxtpx:TrackPointExtension>
            <gpxtpx:hr>172</gpxtpx:hr>
          </gpxtpx:TrackPointExtension>
        </extensions>
      </trkpt>
      <trkpt lat="24.931353676115474" lon="118.5577096501993">
        <ele>32.124755859375</ele>
        <time>2026-01-18T12:36:08Z</time>
        <extensions>
          <gpxtpx:TrackPointExtension>
            <gpxtpx:hr>173</gpxtpx:hr>
          </gpxtpx:TrackPointExtension>
        </extensions>
      </trkpt>
      <trkpt lat="24.93110500744311" lon="118.5578990162431">
        <ele>31.15216064453125</ele>
        <time>2026-01-18T12:36:17Z</time>
        <extensions>
          <gpxtpx:TrackPointExtension>
            <gpxtpx:hr>173</gpxtpx:hr>
          </gpxtpx:TrackPointExtension>
        </extensions>
      </trkpt>
      <trkpt lat="24.930857299819348" lon="118.55806433657665">
        <ele>30.55816650390625</ele>
        <time>2026-01-18T12:36:26Z</time>
        <extensions>
          <gpxtpx:TrackPointExtension>
            <gpxtpx:hr>173</gpxtpx:hr>
          </gpxtpx:TrackPointExtension>
        </extensions>
      </trkpt>
      <trkpt lat="24.930615540624224" lon="118.5581975967861">
        <ele>29.93157958984375</ele>
        <time>2026-01-18T12:36:35Z</time>
        <extensions>
          <gpxtpx:TrackPointExtension>
            <gpxtpx:hr>172</gpxtpx:hr>
          </gpxtpx:TrackPointExtension>
        </extensions>
      </trkpt>
      <trkpt lat="24.930350780855168" lon="118.55832885412742">
        <ele>31.85528564453125</ele>
        <time>2026-01-18T12:36:44Z</time>
        <extensions>
          <gpxtpx:TrackPointExtension>
            <gpxtpx:hr>176</gpxtpx:hr>
          </gpxtpx:TrackPointExtension>
        </extensions>
      </trkpt>
      <trkpt lat="24.93018388475631" lon="118.55838096034454">
        <ele>31.25799560546875</ele>
        <time>2026-01-18T12:36:50Z</time>
        <extensions>
          <gpxtpx:TrackPointExtension>
            <gpxtpx:hr>175</gpxtpx:hr>
          </gpxtpx:TrackPointExtension>
        </extensions>
      </trkpt>
      <trkpt lat="24.929910155996424" lon="118.55853225343688">
        <ele>30.5213623046875</ele>
        <time>2026-01-18T12:36:59Z</time>
        <extensions>
          <gpxtpx:TrackPointExtension>
            <gpxtpx:hr>174</gpxtpx:hr>
          </gpxtpx:TrackPointExtension>
        </extensions>
      </trkpt>
      <trkpt lat="24.929650372250492" lon="118.55864948311323">
        <ele>32.64794921875</ele>
        <time>2026-01-18T12:37:08Z</time>
        <extensions>
          <gpxtpx:TrackPointExtension>
            <gpxtpx:hr>174</gpxtpx:hr>
          </gpxtpx:TrackPointExtension>
        </extensions>
      </trkpt>
      <trkpt lat="24.929359590785005" lon="118.55876571250077">
        <ele>33.58551025390625</ele>
        <time>2026-01-18T12:37:17Z</time>
        <extensions>
          <gpxtpx:TrackPointExtension>
            <gpxtpx:hr>172</gpxtpx:hr>
          </gpxtpx:TrackPointExtension>
        </extensions>
      </trkpt>
      <trkpt lat="24.929070773451464" lon="118.55885889981589">
        <ele>31.73638916015625</ele>
        <time>2026-01-18T12:37:26Z</time>
        <extensions>
          <gpxtpx:TrackPointExtension>
            <gpxtpx:hr>172</gpxtpx:hr>
          </gpxtpx:TrackPointExtension>
        </extensions>
      </trkpt>
      <trkpt lat="24.928707985951725" lon="118.55896511515245">
        <ele>31.9239501953125</ele>
        <time>2026-01-18T12:37:38Z</time>
        <extensions>
          <gpxtpx:TrackPointExtension>
            <gpxtpx:hr>172</gpxtpx:hr>
          </gpxtpx:TrackPointExtension>
        </extensions>
      </trkpt>
      <trkpt lat="24.92842214619686" lon="118.55904427636966">
        <ele>31.5126953125</ele>
        <time>2026-01-18T12:37:47Z</time>
        <extensions>
          <gpxtpx:TrackPointExtension>
            <gpxtpx:hr>170</gpxtpx:hr>
          </gpxtpx:TrackPointExtension>
        </extensions>
      </trkpt>
      <trkpt lat="24.928152269127008" lon="118.55910039513833">
        <ele>29.20245361328125</ele>
        <time>2026-01-18T12:37:56Z</time>
        <extensions>
          <gpxtpx:TrackPointExtension>
            <gpxtpx:hr>169</gpxtpx:hr>
          </gpxtpx:TrackPointExtension>
        </extensions>
      </trkpt>
      <trkpt lat="24.927859404230784" lon="118.55916252604952">
        <ele>32.4737548828125</ele>
        <time>2026-01-18T12:38:05Z</time>
        <extensions>
          <gpxtpx:TrackPointExtension>
            <gpxtpx:hr>170</gpxtpx:hr>
          </gpxtpx:TrackPointExtension>
        </extensions>
      </trkpt>
      <trkpt lat="24.927501522704002" lon="118.55920763103201">
        <ele>33.7091064453125</ele>
        <time>2026-01-18T12:38:17Z</time>
        <extensions>
          <gpxtpx:TrackPointExtension>
            <gpxtpx:hr>170</gpxtpx:hr>
          </gpxtpx:TrackPointExtension>
        </extensions>
      </trkpt>
      <trkpt lat="24.927227597575477" lon="118.55923169274422">
        <ele>33.81134033203125</ele>
        <time>2026-01-18T12:38:26Z</time>
        <extensions>
          <gpxtpx:TrackPointExtension>
            <gpxtpx:hr>170</gpxtpx:hr>
          </gpxtpx:TrackPointExtension>
        </extensions>
      </trkpt>
      <trkpt lat="24.92694267095499" lon="118.55925375163606">
        <ele>35.83209228515625</ele>
        <time>2026-01-18T12:38:35Z</time>
        <extensions>
          <gpxtpx:TrackPointExtension>
            <gpxtpx:hr>169</gpxtpx:hr>
          </gpxtpx:TrackPointExtension>
        </extensions>
      </trkpt>
      <trkpt lat="24.926643743270347" lon="118.55927380792168">
        <ele>35.21923828125</ele>
        <time>2026-01-18T12:38:44Z</time>
        <extensions>
          <gpxtpx:TrackPointExtension>
            <gpxtpx:hr>170</gpxtpx:hr>
          </gpxtpx:TrackPointExtension>
        </extensions>
      </trkpt>
      <trkpt lat="24.926345737105894" lon="118.55924177169683">
        <ele>35.80517578125</ele>
        <time>2026-01-18T12:38:53Z</time>
        <extensions>
          <gpxtpx:TrackPointExtension>
            <gpxtpx:hr>169</gpxtpx:hr>
          </gpxtpx:TrackPointExtension>
        </extensions>
      </trkpt>
      <trkpt lat="24.926167789335132" lon="118.55925981604697">
        <ele>35.16278076171875</ele>
        <time>2026-01-18T12:38:59Z</time>
        <extensions>
          <gpxtpx:TrackPointExtension>
            <gpxtpx:hr>170</gpxtpx:hr>
          </gpxtpx:TrackPointExtension>
        </extensions>
      </trkpt>
      <trkpt lat="24.925976749953126" lon="118.55921575102718">
        <ele>35.26611328125</ele>
        <time>2026-01-18T12:39:05Z</time>
        <extensions>
          <gpxtpx:TrackPointExtension>
            <gpxtpx:hr>170</gpxtpx:hr>
          </gpxtpx:TrackPointExtension>
        </extensions>
      </trkpt>
      <trkpt lat="24.92580463981384" lon="118.55912660436985">
        <ele>36.48748779296875</ele>
        <time>2026-01-18T12:39:11Z</time>
        <extensions>
          <gpxtpx:TrackPointExtension>
            <gpxtpx:hr>170</gpxtpx:hr>
          </gpxtpx:TrackPointExtension>
        </extensions>
      </trkpt>
      <trkpt lat="24.92571161057765" lon="118.55909856085074">
        <ele>37.14208984375</ele>
        <time>2026-01-18T12:39:14Z</time>
        <extensions>
          <gpxtpx:TrackPointExtension>
            <gpxtpx:hr>170</gpxtpx:hr>
          </gpxtpx:TrackPointExtension>
        </extensions>
      </trkpt>
      <trkpt lat="24.925435726602895" lon="118.55914967097652">
        <ele>34.2138671875</ele>
        <time>2026-01-18T12:39:23Z</time>
        <extensions>
          <gpxtpx:TrackPointExtension>
            <gpxtpx:hr>170</gpxtpx:hr>
          </gpxtpx:TrackPointExtension>
        </extensions>
      </trkpt>
      <trkpt lat="24.925360823232023" lon="118.55920677772399">
        <ele>33.67401123046875</ele>
        <time>2026-01-18T12:39:26Z</time>
        <extensions>
          <gpxtpx:TrackPointExtension>
            <gpxtpx:hr>170</gpxtpx:hr>
          </gpxtpx:TrackPointExtension>
        </extensions>
      </trkpt>
      <trkpt lat="24.925272877860323" lon="118.55923483365315">
        <ele>33.2542724609375</ele>
        <time>2026-01-18T12:39:29Z</time>
        <extensions>
          <gpxtpx:TrackPointExtension>
            <gpxtpx:hr>170</gpxtpx:hr>
          </gpxtpx:TrackPointExtension>
        </extensions>
      </trkpt>
      <trkpt lat="24.924925917721097" lon="118.55922884704124">
        <ele>33.5853271484375</ele>
        <time>2026-01-18T12:39:41Z</time>
        <extensions>
          <gpxtpx:TrackPointExtension>
            <gpxtpx:hr>173</gpxtpx:hr>
          </gpxtpx:TrackPointExtension>
        </extensions>
      </trkpt>
      <trkpt lat="24.92461296785471" lon="118.55923287586172">
        <ele>34.98211669921875</ele>
        <time>2026-01-18T12:39:50Z</time>
        <extensions>
          <gpxtpx:TrackPointExtension>
            <gpxtpx:hr>172</gpxtpx:hr>
          </gpxtpx:TrackPointExtension>
        </extensions>
      </trkpt>
      <trkpt lat="24.924306000549205" lon="118.55922588469583">
        <ele>35.9736328125</ele>
        <time>2026-01-18T12:39:59Z</time>
        <extensions>
          <gpxtpx:TrackPointExtension>
            <gpxtpx:hr>172</gpxtpx:hr>
          </gpxtpx:TrackPointExtension>
        </extensions>
      </trkpt>
      <trkpt lat="24.924036038576624" lon="118.55922590341798">
        <ele>36.33056640625</ele>
        <time>2026-01-18T12:40:08Z</time>
        <extensions>
          <gpxtpx:TrackPointExtension>
            <gpxtpx:hr>171</gpxtpx:hr>
          </gpxtpx:TrackPointExtension>
        </extensions>
      </trkpt>
      <trkpt lat="24.923752092135782" lon="118.5592349391223">
        <ele>36.2467041015625</ele>
        <time>2026-01-18T12:40:17Z</time>
        <extensions>
          <gpxtpx:TrackPointExtension>
            <gpxtpx:hr>171</gpxtpx:hr>
          </gpxtpx:TrackPointExtension>
        </extensions>
      </trkpt>
      <trkpt lat="24.923472113462978" lon="118.55922293718783">
        <ele>36.366455078125</ele>
        <time>2026-01-18T12:40:26Z</time>
        <extensions>
          <gpxtpx:TrackPointExtension>
            <gpxtpx:hr>168</gpxtpx:hr>
          </gpxtpx:TrackPointExtension>
        </extensions>
      </trkpt>
      <trkpt lat="24.923174155406773" lon="118.5592229578509">
        <ele>39.07879638671875</ele>
        <time>2026-01-18T12:40:35Z</time>
        <extensions>
          <gpxtpx:TrackPointExtension>
            <gpxtpx:hr>171</gpxtpx:hr>
          </gpxtpx:TrackPointExtension>
        </extensions>
      </trkpt>
      <trkpt lat="24.922860146789738" lon="118.55918791731537">
        <ele>37.62786865234375</ele>
        <time>2026-01-18T12:40:44Z</time>
        <extensions>
          <gpxtpx:TrackPointExtension>
            <gpxtpx:hr>169</gpxtpx:hr>
          </gpxtpx:TrackPointExtension>
        </extensions>
      </trkpt>
      <trkpt lat="24.922561200927703" lon="118.55919595229429">
        <ele>36.18878173828125</ele>
        <time>2026-01-18T12:40:53Z</time>
        <extensions>
          <gpxtpx:TrackPointExtension>
            <gpxtpx:hr>170</gpxtpx:hr>
          </gpxtpx:TrackPointExtension>
        </extensions>
      </trkpt>
      <trkpt lat="24.92228321889818" lon="118.55918194663624">
        <ele>34.35223388671875</ele>
        <time>2026-01-18T12:41:02Z</time>
        <extensions>
          <gpxtpx:TrackPointExtension>
            <gpxtpx:hr>171</gpxtpx:hr>
          </gpxtpx:TrackPointExtension>
        </extensions>
      </trkpt>
      <trkpt lat="24.92201513114245" lon="118.55909881720882">
        <ele>32.10400390625</ele>
        <time>2026-01-18T12:41:11Z</time>
        <extensions>
          <gpxtpx:TrackPointExtension>
            <gpxtpx:hr>171</gpxtpx:hr>
          </gpxtpx:TrackPointExtension>
        </extensions>
      </trkpt>
      <trkpt lat="24.921722204100362" lon="118.5591198750032">
        <ele>31.81182861328125</ele>
        <time>2026-01-18T12:41:20Z</time>
        <extensions>
          <gpxtpx:TrackPointExtension>
            <gpxtpx:hr>171</gpxtpx:hr>
          </gpxtpx:TrackPointExtension>
        </extensions>
      </trkpt>
      <trkpt lat="24.92153922074909" lon="118.55911387698572">
        <ele>31.53173828125</ele>
        <time>2026-01-18T12:41:26Z</time>
        <extensions>
          <gpxtpx:TrackPointExtension>
            <gpxtpx:hr>172</gpxtpx:hr>
          </gpxtpx:TrackPointExtension>
        </extensions>
      </trkpt>
      <trkpt lat="24.921450204513473" lon="118.5590948492431">
        <ele>30.8883056640625</ele>
        <time>2026-01-18T12:41:29Z</time>
        <extensions>
          <gpxtpx:TrackPointExtension>
            <gpxtpx:hr>172</gpxtpx:hr>
          </gpxtpx:TrackPointExtension>
        </extensions>
      </trkpt>
      <trkpt lat="24.92136123971513" lon="118.55910988218923">
        <ele>30.44232177734375</ele>
        <time>2026-01-18T12:41:32Z</time>
        <extensions>
          <gpxtpx:TrackPointExtension>
            <gpxtpx:hr>171</gpxtpx:hr>
          </gpxtpx:TrackPointExtension>
        </extensions>
      </trkpt>
      <trkpt lat="24.92127932077471" lon="118.55915596991989">
        <ele>30.37091064453125</ele>
        <time>2026-01-18T12:41:35Z</time>
        <extensions>
          <gpxtpx:TrackPointExtension>
            <gpxtpx:hr>172</gpxtpx:hr>
          </gpxtpx:TrackPointExtension>
        </extensions>
      </trkpt>
      <trkpt lat="24.921024385299535" lon="118.55917502145954">
        <ele>28.8468017578125</ele>
        <time>2026-01-18T12:41:44Z</time>
        <extensions>
          <gpxtpx:TrackPointExtension>
            <gpxtpx:hr>171</gpxtpx:hr>
          </gpxtpx:TrackPointExtension>
        </extensions>
      </trkpt>
      <trkpt lat="24.92070641033732" lon="118.55916202034267">
        <ele>29.941650390625</ele>
        <time>2026-01-18T12:41:53Z</time>
        <extensions>
          <gpxtpx:TrackPointExtension>
            <gpxtpx:hr>171</gpxtpx:hr>
          </gpxtpx:TrackPointExtension>
        </extensions>
      </trkpt>
      <trkpt lat="24.9204124274529" lon="118.55914601220506">
        <ele>30.13165283203125</ele>
        <time>2026-01-18T12:42:02Z</time>
        <extensions>
          <gpxtpx:TrackPointExtension>
            <gpxtpx:hr>172</gpxtpx:hr>
          </gpxtpx:TrackPointExtension>
        </extensions>
      </trkpt>
      <trkpt lat="24.920102472488004" lon="118.55914703548112">
        <ele>31.10357666015625</ele>
        <time>2026-01-18T12:42:11Z</time>
        <extensions>
          <gpxtpx:TrackPointExtension>
            <gpxtpx:hr>173</gpxtpx:hr>
          </gpxtpx:TrackPointExtension>
        </extensions>
      </trkpt>
      <trkpt lat="24.919824505464717" lon="118.55914304762334">
        <ele>30.52435302734375</ele>
        <time>2026-01-18T12:42:20Z</time>
        <extensions>
          <gpxtpx:TrackPointExtension>
            <gpxtpx:hr>176</gpxtpx:hr>
          </gpxtpx:TrackPointExtension>
        </extensions>
      </trkpt>
      <trkpt lat="24.91965652601886" lon="118.55914105570471">
        <ele>30.06732177734375</ele>
        <time>2026-01-18T12:42:26Z</time>
        <extensions>
          <gpxtpx:TrackPointExtension>
            <gpxtpx:hr>177</gpxtpx:hr>
          </gpxtpx:TrackPointExtension>
        </extensions>
      </trkpt>
      <trkpt lat="24.91929055167183" lon="118.5591240507588">
        <ele>27.13433837890625</ele>
        <time>2026-01-18T12:42:38Z</time>
        <extensions>
          <gpxtpx:TrackPointExtension>
            <gpxtpx:hr>176</gpxtpx:hr>
          </gpxtpx:TrackPointExtension>
        </extensions>
      </trkpt>
      <trkpt lat="24.918993603913563" lon="118.55913108383656">
        <ele>28.4591064453125</ele>
        <time>2026-01-18T12:42:47Z</time>
        <extensions>
          <gpxtpx:TrackPointExtension>
            <gpxtpx:hr>177</gpxtpx:hr>
          </gpxtpx:TrackPointExtension>
        </extensions>
      </trkpt>
      <trkpt lat="24.91870364004418" lon="118.5591280985909">
        <ele>25.5355224609375</ele>
        <time>2026-01-18T12:42:56Z</time>
        <extensions>
          <gpxtpx:TrackPointExtension>
            <gpxtpx:hr>176</gpxtpx:hr>
          </gpxtpx:TrackPointExtension>
        </extensions>
      </trkpt>
      <trkpt lat="24.918416651546035" lon="118.55910908458787">
        <ele>25.10931396484375</ele>
        <time>2026-01-18T12:43:05Z</time>
        <extensions>
          <gpxtpx:TrackPointExtension>
            <gpxtpx:hr>174</gpxtpx:hr>
          </gpxtpx:TrackPointExtension>
        </extensions>
      </trkpt>
      <trkpt lat="24.918104707374034" lon="118.55911712049412">
        <ele>26.34033203125</ele>
        <time>2026-01-18T12:43:14Z</time>
        <extensions>
          <gpxtpx:TrackPointExtension>
            <gpxtpx:hr>173</gpxtpx:hr>
          </gpxtpx:TrackPointExtension>
        </extensions>
      </trkpt>
      <trkpt lat="24.917800757530035" lon="118.55912215049048">
        <ele>27.059814453125</ele>
        <time>2026-01-18T12:43:23Z</time>
        <extensions>
          <gpxtpx:TrackPointExtension>
            <gpxtpx:hr>173</gpxtpx:hr>
          </gpxtpx:TrackPointExtension>
        </extensions>
      </trkpt>
      <trkpt lat="24.91752079826375" lon="118.55912317168594">
        <ele>27.93914794921875</ele>
        <time>2026-01-18T12:43:32Z</time>
        <extensions>
          <gpxtpx:TrackPointExtension>
            <gpxtpx:hr>174</gpxtpx:hr>
          </gpxtpx:TrackPointExtension>
        </extensions>
      </trkpt>
      <trkpt lat="24.91724187965723" lon="118.55915124096161">
        <ele>28.17742919921875</ele>
        <time>2026-01-18T12:43:41Z</time>
        <extensions>
          <gpxtpx:TrackPointExtension>
            <gpxtpx:hr>173</gpxtpx:hr>
          </gpxtpx:TrackPointExtension>
        </extensions>
      </trkpt>
      <trkpt lat="24.916959988596584" lon="118.55919734246552">
        <ele>27.89739990234375</ele>
        <time>2026-01-18T12:43:50Z</time>
        <extensions>
          <gpxtpx:TrackPointExtension>
            <gpxtpx:hr>172</gpxtpx:hr>
          </gpxtpx:TrackPointExtension>
        </extensions>
      </trkpt>
      <trkpt lat="24.916685144662807" lon="118.55927550026921">
        <ele>29.20416259765625</ele>
        <time>2026-01-18T12:43:59Z</time>
        <extensions>
          <gpxtpx:TrackPointExtension>
            <gpxtpx:hr>172</gpxtpx:hr>
          </gpxtpx:TrackPointExtension>
        </extensions>
      </trkpt>
      <trkpt lat="24.916417303993" lon="118.55935666262188">
        <ele>28.4754638671875</ele>
        <time>2026-01-18T12:44:08Z</time>
        <extensions>
          <gpxtpx:TrackPointExtension>
            <gpxtpx:hr>173</gpxtpx:hr>
          </gpxtpx:TrackPointExtension>
        </extensions>
      </trkpt>
      <trkpt lat="24.916154508788523" lon="118.55946887914611">
        <ele>27.41339111328125</ele>
        <time>2026-01-18T12:44:17Z</time>
        <extensions>
          <gpxtpx:TrackPointExtension>
            <gpxtpx:hr>173</gpxtpx:hr>
          </gpxtpx:TrackPointExtension>
        </extensions>
      </trkpt>
      <trkpt lat="24.915879650490947" lon="118.55953802007855">
        <ele>28.67437744140625</ele>
        <time>2026-01-18T12:44:26Z</time>
        <extensions>
          <gpxtpx:TrackPointExtension>
            <gpxtpx:hr>172</gpxtpx:hr>
          </gpxtpx:TrackPointExtension>
        </extensions>
      </trkpt>
      <trkpt lat="24.91561086717834" lon="118.55965825014067">
        <ele>25.79888916015625</ele>
        <time>2026-01-18T12:44:35Z</time>
        <extensions>
          <gpxtpx:TrackPointExtension>
            <gpxtpx:hr>172</gpxtpx:hr>
          </gpxtpx:TrackPointExtension>
        </extensions>
      </trkpt>
      <trkpt lat="24.91535715830707" lon="118.55983056959775">
        <ele>22.356689453125</ele>
        <time>2026-01-18T12:44:44Z</time>
        <extensions>
          <gpxtpx:TrackPointExtension>
            <gpxtpx:hr>173</gpxtpx:hr>
          </gpxtpx:TrackPointExtension>
        </extensions>
      </trkpt>
      <trkpt lat="24.91510938977772" lon="118.5599638192425">
        <ele>18.03204345703125</ele>
        <time>2026-01-18T12:44:53Z</time>
        <extensions>
          <gpxtpx:TrackPointExtension>
            <gpxtpx:hr>173</gpxtpx:hr>
          </gpxtpx:TrackPointExtension>
        </extensions>
      </trkpt>
      <trkpt lat="24.914856722623878" lon="118.56016618823928">
        <ele>17.4013671875</ele>
        <time>2026-01-18T12:45:02Z</time>
        <extensions>
          <gpxtpx:TrackPointExtension>
            <gpxtpx:hr>171</gpxtpx:hr>
          </gpxtpx:TrackPointExtension>
        </extensions>
      </trkpt>
      <trkpt lat="24.914622019102087" lon="118.56034651609112">
        <ele>17.054931640625</ele>
        <time>2026-01-18T12:45:11Z</time>
        <extensions>
          <gpxtpx:TrackPointExtension>
            <gpxtpx:hr>171</gpxtpx:hr>
          </gpxtpx:TrackPointExtension>
        </extensions>
      </trkpt>
      <trkpt lat="24.91455306816928" lon="118.56037356747608">
        <ele>16.79376220703125</ele>
        <time>2026-01-18T12:45:14Z</time>
        <extensions>
          <gpxtpx:TrackPointExtension>
            <gpxtpx:hr>172</gpxtpx:hr>
          </gpxtpx:TrackPointExtension>
        </extensions>
      </trkpt>
      <trkpt lat="24.91448399891442" lon="118.56031947901747">
        <ele>18.468994140625</ele>
        <time>2026-01-18T12:45:17Z</time>
        <extensions>
          <gpxtpx:TrackPointExtension>
            <gpxtpx:hr>173</gpxtpx:hr>
          </gpxtpx:TrackPointExtension>
        </extensions>
      </trkpt>
      <trkpt lat="24.91429260276202" lon="118.56003099265328">
        <ele>21.0201416015625</ele>
        <time>2026-01-18T12:45:26Z</time>
        <extensions>
          <gpxtpx:TrackPointExtension>
            <gpxtpx:hr>171</gpxtpx:hr>
          </gpxtpx:TrackPointExtension>
        </extensions>
      </trkpt>
      <trkpt lat="24.91411922289915" lon="118.55975752746282">
        <ele>23.895263671875</ele>
        <time>2026-01-18T12:45:35Z</time>
        <extensions>
          <gpxtpx:TrackPointExtension>
            <gpxtpx:hr>172</gpxtpx:hr>
          </gpxtpx:TrackPointExtension>
        </extensions>
      </trkpt>
      <trkpt lat="24.913948866431348" lon="118.55950209036858">
        <ele>25.249267578125</ele>
        <time>2026-01-18T12:45:44Z</time>
        <extensions>
          <gpxtpx:TrackPointExtension>
            <gpxtpx:hr>173</gpxtpx:hr>
          </gpxtpx:TrackPointExtension>
        </extensions>
      </trkpt>
      <trkpt lat="24.9137754956022" lon="118.5592386362103">
        <ele>26.09307861328125</ele>
        <time>2026-01-18T12:45:53Z</time>
        <extensions>
          <gpxtpx:TrackPointExtension>
            <gpxtpx:hr>172</gpxtpx:hr>
          </gpxtpx:TrackPointExtension>
        </extensions>
      </trkpt>
      <trkpt lat="24.913586089183873" lon="118.55895213872635">
        <ele>26.19525146484375</ele>
        <time>2026-01-18T12:46:02Z</time>
        <extensions>
          <gpxtpx:TrackPointExtension>
            <gpxtpx:hr>175</gpxtpx:hr>
          </gpxtpx:TrackPointExtension>
        </extensions>
      </trkpt>
      <trkpt lat="24.91342965943801" lon="118.55865561708542">
        <ele>24.907958984375</ele>
        <time>2026-01-18T12:46:11Z</time>
        <extensions>
          <gpxtpx:TrackPointExtension>
            <gpxtpx:hr>175</gpxtpx:hr>
          </gpxtpx:TrackPointExtension>
        </extensions>
      </trkpt>
      <trkpt lat="24.913380385309292" lon="118.55847228925528">
        <ele>25.63592529296875</ele>
        <time>2026-01-18T12:46:17Z</time>
        <extensions>
          <gpxtpx:TrackPointExtension>
            <gpxtpx:hr>174</gpxtpx:hr>
          </gpxtpx:TrackPointExtension>
        </extensions>
      </trkpt>
      <trkpt lat="24.913204204788173" lon="118.55833905975207">
        <ele>26.49847412109375</ele>
        <time>2026-01-18T12:46:26Z</time>
        <extensions>
          <gpxtpx:TrackPointExtension>
            <gpxtpx:hr>173</gpxtpx:hr>
          </gpxtpx:TrackPointExtension>
        </extensions>
      </trkpt>
      <trkpt lat="24.91313907621676" lon="118.55824990205764">
        <ele>25.7381591796875</ele>
        <time>2026-01-18T12:46:29Z</time>
        <extensions>
          <gpxtpx:TrackPointExtension>
            <gpxtpx:hr>172</gpxtpx:hr>
          </gpxtpx:TrackPointExtension>
        </extensions>
      </trkpt>
      <trkpt lat="24.913041632749064" lon="118.55795537036303">
        <ele>24.53973388671875</ele>
        <time>2026-01-18T12:46:38Z</time>
        <extensions>
          <gpxtpx:TrackPointExtension>
            <gpxtpx:hr>173</gpxtpx:hr>
          </gpxtpx:TrackPointExtension>
        </extensions>
      </trkpt>
      <trkpt lat="24.912879238788975" lon="118.55768889100592">
        <ele>23.1478271484375</ele>
        <time>2026-01-18T12:46:47Z</time>
        <extensions>
          <gpxtpx:TrackPointExtension>
            <gpxtpx:hr>171</gpxtpx:hr>
          </gpxtpx:TrackPointExtension>
        </extensions>
      </trkpt>
      <trkpt lat="24.91276582400007" lon="118.55741539194376">
        <ele>23.9501953125</ele>
        <time>2026-01-18T12:46:56Z</time>
        <extensions>
          <gpxtpx:TrackPointExtension>
            <gpxtpx:hr>172</gpxtpx:hr>
          </gpxtpx:TrackPointExtension>
        </extensions>
      </trkpt>
      <trkpt lat="24.912611381567277" lon="118.55712285664518">
        <ele>25.96002197265625</ele>
        <time>2026-01-18T12:47:05Z</time>
        <extensions>
          <gpxtpx:TrackPointExtension>
            <gpxtpx:hr>171</gpxtpx:hr>
          </gpxtpx:TrackPointExtension>
        </extensions>
      </trkpt>
      <trkpt lat="24.912524094768845" lon="118.5569355109689">
        <ele>26.3299560546875</ele>
        <time>2026-01-18T12:47:11Z</time>
        <extensions>
          <gpxtpx:TrackPointExtension>
            <gpxtpx:hr>172</gpxtpx:hr>
          </gpxtpx:TrackPointExtension>
        </extensions>
      </trkpt>
      <trkpt lat="24.912494941582956" lon="118.55683732802058">
        <ele>26.32623291015625</ele>
        <time>2026-01-18T12:47:14Z</time>
        <extensions>
          <gpxtpx:TrackPointExtension>
            <gpxtpx:hr>172</gpxtpx:hr>
          </gpxtpx:TrackPointExtension>
        </extensions>
      </trkpt>
      <trkpt lat="24.912468861619903" lon="118.556785231503">
        <ele>27.4197998046875</ele>
        <time>2026-01-18T12:47:26Z</time>
        <extensions>
          <gpxtpx:TrackPointExtension>
            <gpxtpx:hr>170</gpxtpx:hr>
          </gpxtpx:TrackPointExtension>
        </extensions>
      </trkpt>
      <trkpt lat="24.912327314168923" lon="118.55643357437768">
        <ele>27.725341796875</ele>
        <time>2026-01-18T12:47:38Z</time>
        <extensions>
          <gpxtpx:TrackPointExtension>
            <gpxtpx:hr>164</gpxtpx:hr>
          </gpxtpx:TrackPointExtension>
        </extensions>
      </trkpt>
      <trkpt lat="24.912294198565835" lon="118.55635943534622">
        <ele>27.8206787109375</ele>
        <time>2026-01-18T12:47:41Z</time>
        <extensions>
          <gpxtpx:TrackPointExtension>
            <gpxtpx:hr>164</gpxtpx:hr>
          </gpxtpx:TrackPointExtension>
        </extensions>
      </trkpt>
      <trkpt lat="24.912279133961786" lon="118.55631835797988">
        <ele>26.60980224609375</ele>
        <time>2026-01-18T12:47:47Z</time>
        <extensions>
          <gpxtpx:TrackPointExtension>
            <gpxtpx:hr>164</gpxtpx:hr>
          </gpxtpx:TrackPointExtension>
        </extensions>
      </trkpt>
      <trkpt lat="24.91224102033885" lon="118.55624522082326">
        <ele>26.64324951171875</ele>
        <time>2026-01-18T12:47:50Z</time>
        <extensions>
          <gpxtpx:TrackPointExtension>
            <gpxtpx:hr>162</gpxtpx:hr>
          </gpxtpx:TrackPointExtension>
        </extensions>
      </trkpt>
      <trkpt lat="24.91214554423869" lon="118.55594565230298">
        <ele>26.70916748046875</ele>
        <time>2026-01-18T12:47:59Z</time>
        <extensions>
          <gpxtpx:TrackPointExtension>
            <gpxtpx:hr>160</gpxtpx:hr>
          </gpxtpx:TrackPointExtension>
        </extensions>
      </trkpt>
      <trkpt lat="24.912062049596024" lon="118.55563806332948">
        <ele>27.2821044921875</ele>
        <time>2026-01-18T12:48:08Z</time>
        <extensions>
          <gpxtpx:TrackPointExtension>
            <gpxtpx:hr>159</gpxtpx:hr>
          </gpxtpx:TrackPointExtension>
        </extensions>
      </trkpt>
      <trkpt lat="24.91193354906566" lon="118.55532546340842">
        <ele>30.2806396484375</ele>
        <time>2026-01-18T12:48:17Z</time>
        <extensions>
          <gpxtpx:TrackPointExtension>
            <gpxtpx:hr>161</gpxtpx:hr>
          </gpxtpx:TrackPointExtension>
        </extensions>
      </trkpt>
      <trkpt lat="24.911786109391613" lon="118.55504993334961">
        <ele>29.61383056640625</ele>
        <time>2026-01-18T12:48:26Z</time>
        <extensions>
          <gpxtpx:TrackPointExtension>
            <gpxtpx:hr>163</gpxtpx:hr>
          </gpxtpx:TrackPointExtension>
        </extensions>
      </trkpt>
      <trkpt lat="24.91173574604387" lon="118.55482950215463">
        <ele>28.92449951171875</ele>
        <time>2026-01-18T12:48:32Z</time>
        <extensions>
          <gpxtpx:TrackPointExtension>
            <gpxtpx:hr>166</gpxtpx:hr>
          </gpxtpx:TrackPointExtension>
        </extensions>
      </trkpt>
      <trkpt lat="24.911699336376522" lon="118.55458401802834">
        <ele>28.319091796875</ele>
        <time>2026-01-18T12:48:38Z</time>
        <extensions>
          <gpxtpx:TrackPointExtension>
            <gpxtpx:hr>167</gpxtpx:hr>
          </gpxtpx:TrackPointExtension>
        </extensions>
      </trkpt>
      <trkpt lat="24.911657168872352" lon="118.55448181755176">
        <ele>27.2117919921875</ele>
        <time>2026-01-18T12:48:41Z</time>
        <extensions>
          <gpxtpx:TrackPointExtension>
            <gpxtpx:hr>165</gpxtpx:hr>
          </gpxtpx:TrackPointExtension>
        </extensions>
      </trkpt>
      <trkpt lat="24.911537869963958" lon="118.55429645572157">
        <ele>26.15838623046875</ele>
        <time>2026-01-18T12:48:47Z</time>
        <extensions>
          <gpxtpx:TrackPointExtension>
            <gpxtpx:hr>169</gpxtpx:hr>
          </gpxtpx:TrackPointExtension>
        </extensions>
      </trkpt>
      <trkpt lat="24.911408354497574" lon="118.55398483907024">
        <ele>26.60211181640625</ele>
        <time>2026-01-18T12:48:56Z</time>
        <extensions>
          <gpxtpx:TrackPointExtension>
            <gpxtpx:hr>172</gpxtpx:hr>
          </gpxtpx:TrackPointExtension>
        </extensions>
      </trkpt>
      <trkpt lat="24.91130385422915" lon="118.55368624277884">
        <ele>25.10198974609375</ele>
        <time>2026-01-18T12:49:05Z</time>
        <extensions>
          <gpxtpx:TrackPointExtension>
            <gpxtpx:hr>172</gpxtpx:hr>
          </gpxtpx:TrackPointExtension>
        </extensions>
      </trkpt>
      <trkpt lat="24.911183366615504" lon="118.55339565999921">
        <ele>25.760986328125</ele>
        <time>2026-01-18T12:49:14Z</time>
        <extensions>
          <gpxtpx:TrackPointExtension>
            <gpxtpx:hr>173</gpxtpx:hr>
          </gpxtpx:TrackPointExtension>
        </extensions>
      </trkpt>
      <trkpt lat="24.911056897573637" lon="118.5531170985867">
        <ele>27.9876708984375</ele>
        <time>2026-01-18T12:49:23Z</time>
        <extensions>
          <gpxtpx:TrackPointExtension>
            <gpxtpx:hr>172</gpxtpx:hr>
          </gpxtpx:TrackPointExtension>
        </extensions>
      </trkpt>
      <trkpt lat="24.911060754670093" lon="118.55303593153953">
        <ele>27.72454833984375</ele>
        <time>2026-01-18T12:49:26Z</time>
        <extensions>
          <gpxtpx:TrackPointExtension>
            <gpxtpx:hr>172</gpxtpx:hr>
          </gpxtpx:TrackPointExtension>
        </extensions>
      </trkpt>
      <trkpt lat="24.911060754670093" lon="118.55303593153953">
        <ele>27.72454833984375</ele>
        <time>2026-01-18T12:49:29Z</time>
        <extensions>
          <gpxtpx:TrackPointExtension>
            <gpxtpx:hr>172</gpxtpx:hr>
          </gpxtpx:TrackPointExtension>
        </extensions>
      </trkpt>
      <trkpt lat="24.911119624997333" lon="118.55296678515275">
        <ele>23.42578125</ele>
        <time>2026-01-18T12:49:59Z</time>
        <extensions>
          <gpxtpx:TrackPointExtension>
            <gpxtpx:hr>158</gpxtpx:hr>
          </gpxtpx:TrackPointExtension>
        </extensions>
      </trkpt>
      <trkpt lat="24.911043395617686" lon="118.55283050935023">
        <ele>24.4351806640625</ele>
        <time>2026-01-18T12:50:05Z</time>
        <extensions>
          <gpxtpx:TrackPointExtension>
            <gpxtpx:hr>156</gpxtpx:hr>
          </gpxtpx:TrackPointExtension>
        </extensions>
      </trkpt>
      <trkpt lat="24.910942012862137" lon="118.55260605162817">
        <ele>24.04302978515625</ele>
        <time>2026-01-18T12:50:11Z</time>
        <extensions>
          <gpxtpx:TrackPointExtension>
            <gpxtpx:hr>157</gpxtpx:hr>
          </gpxtpx:TrackPointExtension>
        </extensions>
      </trkpt>
      <trkpt lat="24.91079674304502" lon="118.55244272212563">
        <ele>24.9071044921875</ele>
        <time>2026-01-18T12:50:17Z</time>
        <extensions>
          <gpxtpx:TrackPointExtension>
            <gpxtpx:hr>158</gpxtpx:hr>
          </gpxtpx:TrackPointExtension>
        </extensions>
      </trkpt>
      <trkpt lat="24.91066021475066" lon="118.55213609093985">
        <ele>25.4605712890625</ele>
        <time>2026-01-18T12:50:26Z</time>
        <extensions>
          <gpxtpx:TrackPointExtension>
            <gpxtpx:hr>162</gpxtpx:hr>
          </gpxtpx:TrackPointExtension>
        </extensions>
      </trkpt>
      <trkpt lat="24.910508628865173" lon="118.55179839114182">
        <ele>25.7244873046875</ele>
        <time>2026-01-18T12:50:35Z</time>
        <extensions>
          <gpxtpx:TrackPointExtension>
            <gpxtpx:hr>165</gpxtpx:hr>
          </gpxtpx:TrackPointExtension>
        </extensions>
      </trkpt>
      <trkpt lat="24.910377119472297" lon="118.55150678291184">
        <ele>25.3028564453125</ele>
        <time>2026-01-18T12:50:44Z</time>
        <extensions>
          <gpxtpx:TrackPointExtension>
            <gpxtpx:hr>164</gpxtpx:hr>
          </gpxtpx:TrackPointExtension>
        </extensions>
      </trkpt>
      <trkpt lat="24.91034100981952" lon="118.55144365127708">
        <ele>24.53656005859375</ele>
        <time>2026-01-18T12:50:47Z</time>
        <extensions>
          <gpxtpx:TrackPointExtension>
            <gpxtpx:hr>169</gpxtpx:hr>
          </gpxtpx:TrackPointExtension>
        </extensions>
      </trkpt>
      <trkpt lat="24.91034100981952" lon="118.55144365127708">
        <ele>24.53656005859375</ele>
        <time>2026-01-18T12:50:50Z</time>
        <extensions>
          <gpxtpx:TrackPointExtension>
            <gpxtpx:hr>168</gpxtpx:hr>
          </gpxtpx:TrackPointExtension>
        </extensions>
      </trkpt>
      <trkpt lat="24.910330878159293" lon="118.55137049633">
        <ele>22.44940185546875</ele>
        <time>2026-01-18T12:50:53Z</time>
        <extensions>
          <gpxtpx:TrackPointExtension>
            <gpxtpx:hr>173</gpxtpx:hr>
          </gpxtpx:TrackPointExtension>
        </extensions>
      </trkpt>
      <trkpt lat="24.910214587302427" lon="118.5512021453141">
        <ele>22.2333984375</ele>
        <time>2026-01-18T12:50:59Z</time>
        <extensions>
          <gpxtpx:TrackPointExtension>
            <gpxtpx:hr>168</gpxtpx:hr>
          </gpxtpx:TrackPointExtension>
        </extensions>
      </trkpt>
      <trkpt lat="24.910094034657646" lon="118.55089148785976">
        <ele>22.7557373046875</ele>
        <time>2026-01-18T12:51:08Z</time>
        <extensions>
          <gpxtpx:TrackPointExtension>
            <gpxtpx:hr>169</gpxtpx:hr>
          </gpxtpx:TrackPointExtension>
        </extensions>
      </trkpt>
      <trkpt lat="24.910002409341946" lon="118.55054574833053">
        <ele>26.71722412109375</ele>
        <time>2026-01-18T12:51:17Z</time>
        <extensions>
          <gpxtpx:TrackPointExtension>
            <gpxtpx:hr>170</gpxtpx:hr>
          </gpxtpx:TrackPointExtension>
        </extensions>
      </trkpt>
      <trkpt lat="24.90991803231279" lon="118.55033629983197">
        <ele>27.83514404296875</ele>
        <time>2026-01-18T12:51:23Z</time>
        <extensions>
          <gpxtpx:TrackPointExtension>
            <gpxtpx:hr>172</gpxtpx:hr>
          </gpxtpx:TrackPointExtension>
        </extensions>
      </trkpt>
      <trkpt lat="24.90976846963697" lon="118.55002362844576">
        <ele>29.51397705078125</ele>
        <time>2026-01-18T12:51:32Z</time>
        <extensions>
          <gpxtpx:TrackPointExtension>
            <gpxtpx:hr>174</gpxtpx:hr>
          </gpxtpx:TrackPointExtension>
        </extensions>
      </trkpt>
      <trkpt lat="24.909638921221855" lon="118.54972197574983">
        <ele>28.857421875</ele>
        <time>2026-01-18T12:51:41Z</time>
        <extensions>
          <gpxtpx:TrackPointExtension>
            <gpxtpx:hr>176</gpxtpx:hr>
          </gpxtpx:TrackPointExtension>
        </extensions>
      </trkpt>
      <trkpt lat="24.90951238032927" lon="118.54942633227773">
        <ele>29.897705078125</ele>
        <time>2026-01-18T12:51:50Z</time>
        <extensions>
          <gpxtpx:TrackPointExtension>
            <gpxtpx:hr>175</gpxtpx:hr>
          </gpxtpx:TrackPointExtension>
        </extensions>
      </trkpt>
      <trkpt lat="24.90944000034699" lon="118.54922088185498">
        <ele>28.9351806640625</ele>
        <time>2026-01-18T12:51:56Z</time>
        <extensions>
          <gpxtpx:TrackPointExtension>
            <gpxtpx:hr>173</gpxtpx:hr>
          </gpxtpx:TrackPointExtension>
        </extensions>
      </trkpt>
      <trkpt lat="24.909363670992718" lon="118.54904249024419">
        <ele>27.592529296875</ele>
        <time>2026-01-18T12:52:02Z</time>
        <extensions>
          <gpxtpx:TrackPointExtension>
            <gpxtpx:hr>175</gpxtpx:hr>
          </gpxtpx:TrackPointExtension>
        </extensions>
      </trkpt>
      <trkpt lat="24.90939267461669" lon="118.54904649716352">
        <ele>21.60906982421875</ele>
        <time>2026-01-18T12:52:17Z</time>
        <extensions>
          <gpxtpx:TrackPointExtension>
            <gpxtpx:hr>172</gpxtpx:hr>
          </gpxtpx:TrackPointExtension>
        </extensions>
      </trkpt>
      <trkpt lat="24.909229973301823" lon="118.54866866344395">
        <ele>22.33612060546875</ele>
        <time>2026-01-18T12:52:29Z</time>
        <extensions>
          <gpxtpx:TrackPointExtension>
            <gpxtpx:hr>169</gpxtpx:hr>
          </gpxtpx:TrackPointExtension>
        </extensions>
      </trkpt>
      <trkpt lat="24.909089323743004" lon="118.5483218923963">
        <ele>23.69439697265625</ele>
        <time>2026-01-18T12:52:38Z</time>
        <extensions>
          <gpxtpx:TrackPointExtension>
            <gpxtpx:hr>169</gpxtpx:hr>
          </gpxtpx:TrackPointExtension>
        </extensions>
      </trkpt>
      <trkpt lat="24.90897967125473" lon="118.54797812099753">
        <ele>25.89263916015625</ele>
        <time>2026-01-18T12:52:47Z</time>
        <extensions>
          <gpxtpx:TrackPointExtension>
            <gpxtpx:hr>171</gpxtpx:hr>
          </gpxtpx:TrackPointExtension>
        </extensions>
      </trkpt>
      <trkpt lat="24.90885437371949" lon="118.5478167623428">
        <ele>25.4124755859375</ele>
        <time>2026-01-18T12:52:53Z</time>
        <extensions>
          <gpxtpx:TrackPointExtension>
            <gpxtpx:hr>173</gpxtpx:hr>
          </gpxtpx:TrackPointExtension>
        </extensions>
      </trkpt>
      <trkpt lat="24.908724747134517" lon="118.5474880195891">
        <ele>25.11865234375</ele>
        <time>2026-01-18T12:53:02Z</time>
        <extensions>
          <gpxtpx:TrackPointExtension>
            <gpxtpx:hr>175</gpxtpx:hr>
          </gpxtpx:TrackPointExtension>
        </extensions>
      </trkpt>
      <trkpt lat="24.908594086949574" lon="118.54714423774006">
        <ele>23.79119873046875</ele>
        <time>2026-01-18T12:53:11Z</time>
        <extensions>
          <gpxtpx:TrackPointExtension>
            <gpxtpx:hr>176</gpxtpx:hr>
          </gpxtpx:TrackPointExtension>
        </extensions>
      </trkpt>
      <trkpt lat="24.908459428966832" lon="118.54680345827636">
        <ele>24.97998046875</ele>
        <time>2026-01-18T12:53:20Z</time>
        <extensions>
          <gpxtpx:TrackPointExtension>
            <gpxtpx:hr>177</gpxtpx:hr>
          </gpxtpx:TrackPointExtension>
        </extensions>
      </trkpt>
      <trkpt lat="24.90833974055015" lon="118.54645064490796">
        <ele>24.033203125</ele>
        <time>2026-01-18T12:53:29Z</time>
        <extensions>
          <gpxtpx:TrackPointExtension>
            <gpxtpx:hr>178</gpxtpx:hr>
          </gpxtpx:TrackPointExtension>
        </extensions>
      </trkpt>
      <trkpt lat="24.908201056304208" lon="118.54610083484035">
        <ele>23.57684326171875</ele>
        <time>2026-01-18T12:53:38Z</time>
        <extensions>
          <gpxtpx:TrackPointExtension>
            <gpxtpx:hr>178</gpxtpx:hr>
          </gpxtpx:TrackPointExtension>
        </extensions>
      </trkpt>
      <trkpt lat="24.908069350377747" lon="118.5457430003473">
        <ele>22.68267822265625</ele>
        <time>2026-01-18T12:53:47Z</time>
        <extensions>
          <gpxtpx:TrackPointExtension>
            <gpxtpx:hr>178</gpxtpx:hr>
          </gpxtpx:TrackPointExtension>
        </extensions>
      </trkpt>
      <trkpt lat="24.90795164813238" lon="118.5453901716205">
        <ele>23.265869140625</ele>
        <time>2026-01-18T12:53:56Z</time>
        <extensions>
          <gpxtpx:TrackPointExtension>
            <gpxtpx:hr>178</gpxtpx:hr>
          </gpxtpx:TrackPointExtension>
        </extensions>
      </trkpt>
      <trkpt lat="24.907939469480873" lon="118.54530196245487">
        <ele>23.7034912109375</ele>
        <time>2026-01-18T12:53:59Z</time>
        <extensions>
          <gpxtpx:TrackPointExtension>
            <gpxtpx:hr>180</gpxtpx:hr>
          </gpxtpx:TrackPointExtension>
        </extensions>
      </trkpt>
      <trkpt lat="24.907825845667002" lon="118.54499022564596">
        <ele>19.91143798828125</ele>
        <time>2026-01-18T12:54:08Z</time>
        <extensions>
          <gpxtpx:TrackPointExtension>
            <gpxtpx:hr>181</gpxtpx:hr>
          </gpxtpx:TrackPointExtension>
        </extensions>
      </trkpt>
      <trkpt lat="24.90767118260492" lon="118.54465843952212">
        <ele>21.410888671875</ele>
        <time>2026-01-18T12:54:17Z</time>
        <extensions>
          <gpxtpx:TrackPointExtension>
            <gpxtpx:hr>180</gpxtpx:hr>
          </gpxtpx:TrackPointExtension>
        </extensions>
      </trkpt>
      <trkpt lat="24.907559730525456" lon="118.5444329030795">
        <ele>24.97784423828125</ele>
        <time>2026-01-18T12:54:23Z</time>
        <extensions>
          <gpxtpx:TrackPointExtension>
            <gpxtpx:hr>181</gpxtpx:hr>
          </gpxtpx:TrackPointExtension>
        </extensions>
      </trkpt>
      <trkpt lat="24.90748324044729" lon="118.54419232569681">
        <ele>23.5548095703125</ele>
        <time>2026-01-18T12:54:29Z</time>
        <extensions>
          <gpxtpx:TrackPointExtension>
            <gpxtpx:hr>180</gpxtpx:hr>
          </gpxtpx:TrackPointExtension>
        </extensions>
      </trkpt>
      <trkpt lat="24.90748495768019" lon="118.54405699679872">
        <ele>23.694580078125</ele>
        <time>2026-01-18T12:54:32Z</time>
        <extensions>
          <gpxtpx:TrackPointExtension>
            <gpxtpx:hr>180</gpxtpx:hr>
          </gpxtpx:TrackPointExtension>
        </extensions>
      </trkpt>
      <trkpt lat="24.907528676847228" lon="118.54392567402813">
        <ele>23.33074951171875</ele>
        <time>2026-01-18T12:54:35Z</time>
        <extensions>
          <gpxtpx:TrackPointExtension>
            <gpxtpx:hr>181</gpxtpx:hr>
          </gpxtpx:TrackPointExtension>
        </extensions>
      </trkpt>
      <trkpt lat="24.90765440297981" lon="118.54380336690691">
        <ele>19.609619140625</ele>
        <time>2026-01-18T12:54:38Z</time>
        <extensions>
          <gpxtpx:TrackPointExtension>
            <gpxtpx:hr>181</gpxtpx:hr>
          </gpxtpx:TrackPointExtension>
        </extensions>
      </trkpt>
      <trkpt lat="24.907772298231837" lon="118.54376125585009">
        <ele>18.18890380859375</ele>
        <time>2026-01-18T12:54:41Z</time>
        <extensions>
          <gpxtpx:TrackPointExtension>
            <gpxtpx:hr>181</gpxtpx:hr>
          </gpxtpx:TrackPointExtension>
        </extensions>
      </trkpt>
      <trkpt lat="24.90815221817212" lon="118.5437481975723">
        <ele>17.4501953125</ele>
        <time>2026-01-18T12:54:50Z</time>
        <extensions>
          <gpxtpx:TrackPointExtension>
            <gpxtpx:hr>180</gpxtpx:hr>
          </gpxtpx:TrackPointExtension>
        </extensions>
      </trkpt>
      <trkpt lat="24.908266204466976" lon="118.54374919209366">
        <ele>17.2528076171875</ele>
        <time>2026-01-18T12:54:53Z</time>
        <extensions>
          <gpxtpx:TrackPointExtension>
            <gpxtpx:hr>181</gpxtpx:hr>
          </gpxtpx:TrackPointExtension>
        </extensions>
      </trkpt>
      <trkpt lat="24.908492261525897" lon="118.54379127924568">
        <ele>16.3731689453125</ele>
        <time>2026-01-18T12:54:59Z</time>
        <extensions>
          <gpxtpx:TrackPointExtension>
            <gpxtpx:hr>180</gpxtpx:hr>
          </gpxtpx:TrackPointExtension>
        </extensions>
      </trkpt>
      <trkpt lat="24.908843143359775" lon="118.54375817401197">
        <ele>16.60107421875</ele>
        <time>2026-01-18T12:55:08Z</time>
        <extensions>
          <gpxtpx:TrackPointExtension>
            <gpxtpx:hr>180</gpxtpx:hr>
          </gpxtpx:TrackPointExtension>
        </extensions>
      </trkpt>
      <trkpt lat="24.909189034256006" lon="118.54372907888624">
        <ele>16.7684326171875</ele>
        <time>2026-01-18T12:55:17Z</time>
        <extensions>
          <gpxtpx:TrackPointExtension>
            <gpxtpx:hr>180</gpxtpx:hr>
          </gpxtpx:TrackPointExtension>
        </extensions>
      </trkpt>
      <trkpt lat="24.909189034256006" lon="118.54372907888624">
        <ele>16.7684326171875</ele>
        <time>2026-01-18T12:55:20Z</time>
        <extensions>
          <gpxtpx:TrackPointExtension>
            <gpxtpx:hr>180</gpxtpx:hr>
          </gpxtpx:TrackPointExtension>
        </extensions>
      </trkpt>
    </trkseg>
  </trk>
</gpx>